# phi  e_band1  e_band2  e_band3  e_band4
0.000000000000000000e+00 -6.106128189706596515e-02 -5.926458984878195391e-02 5.926458984878196085e-02 6.106128189706595821e-02
3.143164235707646918e-03 -6.100432367733907291e-02 -5.932028088465612914e-02 5.920888634415071711e-02 6.111822566659449313e-02
6.286328471415293835e-03 -6.094735103390318265e-02 -5.937595942937570065e-02 5.915317039311709241e-02 6.117515495938257580e-02
9.429492707122941186e-03 -6.089036399319506382e-02 -5.943162546050046596e-02 5.909744201799355806e-02 6.123206974883542431e-02
1.257265694283058767e-02 -6.083336258159920823e-02 -5.948727895554733330e-02 5.904170124105011241e-02 6.128897000830515335e-02
1.571582117853823415e-02 -6.077634682544805905e-02 -5.954291989199035628e-02 5.898594808451455840e-02 6.134585571109073959e-02
1.885898541424588237e-02 -6.071931675102187204e-02 -5.959854824726017880e-02 5.893018257057253823e-02 6.140272683043778573e-02
2.200214964995352712e-02 -6.066227238454916654e-02 -5.965416399874444442e-02 5.887440472136783870e-02 6.145958333953848579e-02
2.514531388566117534e-02 -6.060521375220676021e-02 -5.970976712378730372e-02 5.881861455900236346e-02 6.151642521153122961e-02
2.828847812136882356e-02 -6.054814088011995638e-02 -5.976535759968921308e-02 5.876281210553631340e-02 6.157325241950061673e-02
3.143164235707646831e-02 -6.049105379436240520e-02 -5.982093540370727464e-02 5.870699738298831849e-02 6.163006493647726208e-02
3.457480659278411306e-02 -6.043395252095729725e-02 -5.987650051305446613e-02 5.865117041333547249e-02 6.168686273543749071e-02
3.771797082849176475e-02 -6.037683708587597564e-02 -5.993205290489988374e-02 5.859533121851369375e-02 6.174364578930337938e-02
4.086113506419940949e-02 -6.031970751503940020e-02 -5.998759255636894328e-02 5.853947982041758646e-02 6.180041407094237493e-02
4.400429929990705424e-02 -6.026256383431771030e-02 -6.004311944454233246e-02 5.848361624090068350e-02 6.185716755316723187e-02
4.714746353561470593e-02 -6.020540606952978074e-02 -6.009863354645675337e-02 5.842774050177561990e-02 6.191390620873583883e-02
5.029062777132235068e-02 -6.015413483910925924e-02 -6.014823424643901684e-02 5.837185262481413978e-02 6.197063001035101742e-02
5.343379200702999543e-02 -6.020962329943187891e-02 -6.009104839078480836e-02 5.831595263174731841e-02 6.202733893066037646e-02
5.657695624273764712e-02 -6.026509890434322142e-02 -6.003384852821479906e-02 5.826004054426564549e-02 6.208403294225604135e-02
5.972012047844529187e-02 -6.032056163069510202e-02 -5.997663468435442125e-02 5.820411638401915694e-02 6.214071201767461250e-02
6.286328471415293662e-02 -6.037601145530092916e-02 -5.991940688477341570e-02 5.814818017261751126e-02 6.219737612939685301e-02
6.600644894986058830e-02 -6.043144835492775258e-02 -5.986216515499122315e-02 5.809223193163021159e-02 6.225402524984764013e-02
6.914961318556822611e-02 -6.048687230629823386e-02 -5.980490952047769204e-02 5.803627168258663344e-02 6.231065935139571549e-02
7.229277742127587780e-02 -6.054228328608911303e-02 -5.974764000665358510e-02 5.798029944697617732e-02 6.236727840635344911e-02
7.543594165698352949e-02 -6.059768127093147216e-02 -5.969035663889048215e-02 5.792431524624840067e-02 6.242388238697680475e-02
7.857910589269116730e-02 -6.065306623741081177e-02 -5.963305944251104385e-02 5.786831910181313571e-02 6.248047126546502766e-02
8.172227012839881899e-02 -6.070843816206671073e-02 -5.957574844278877568e-02 5.781231103504057972e-02 6.253704501396051274e-02
8.486543436410647068e-02 -6.076379702139275696e-02 -5.951842366494884684e-02 5.775629106726148237e-02 6.259360360454865879e-02
8.800859859981410849e-02 -6.081914279183623512e-02 -5.946108513416767383e-02 5.770025921976716654e-02 6.265014700925754243e-02
9.115176283552176018e-02 -6.087447544979835562e-02 -5.940373287557321191e-02 5.764421551380972258e-02 6.270667520005797357e-02
9.429492707122941186e-02 -6.092979497163352604e-02 -5.934636691424544086e-02 5.758815997060212633e-02 6.276318814886307218e-02
9.743809130693704967e-02 -6.098510133364989927e-02 -5.928898727521599715e-02 5.753209261131830149e-02 6.281968582752822661e-02
1.005812555426447014e-01 -6.104039451210865191e-02 -5.923159398346861115e-02 5.747601345709328624e-02 6.287616820785084382e-02
1.037244197783523530e-01 -6.109567448322419242e-02 -5.917418706393927363e-02 5.741992252902332339e-02 6.293263526157021059e-02
1.068675840140599909e-01 -6.115094122316376557e-02 -5.911676654151628435e-02 5.736381984816598528e-02 6.298908696036722987e-02
1.100107482497676425e-01 -6.120619470804754270e-02 -5.905933244104048796e-02 5.730770543554030566e-02 6.304552327586430971e-02
1.131539124854752942e-01 -6.126143491394823309e-02 -5.900188478730524627e-02 5.725157931212689066e-02 6.310194417962515512e-02
1.162970767211829320e-01 -6.131666181689116729e-02 -5.894442360505682682e-02 5.719544149886797435e-02 6.315834964315454603e-02
1.194402409568905837e-01 -6.137187539285406113e-02 -5.888694891899443062e-02 5.713929201666760604e-02 6.321473963789815687e-02
1.225834051925982354e-01 -6.142707561776668268e-02 -5.882946075377021300e-02 5.708313088639178218e-02 6.327111413524237615e-02
1.257265694283058732e-01 -6.148226246751101187e-02 -5.877195913398970684e-02 5.702695812886845322e-02 6.332747310651413997e-02
1.288697336640135249e-01 -6.153743591792094209e-02 -5.871444408421169769e-02 5.697077376488776657e-02 6.338381652298069602e-02
1.320128978997211766e-01 -6.159259594478204425e-02 -5.865691562894852218e-02 5.691457781520205955e-02 6.344014435584939549e-02
1.351560621354288283e-01 -6.164774252383149050e-02 -5.859937379266615814e-02 5.685837030052607460e-02 6.349645657626754036e-02
1.382992263711364522e-01 -6.170287563075804727e-02 -5.854181859978439817e-02 5.680215124153698697e-02 6.355275315532221692e-02
1.414423906068441039e-01 -6.175799524120167278e-02 -5.848425007467691200e-02 5.674592065887457820e-02 6.360903406403996263e-02
1.445855548425517556e-01 -6.181310133075344770e-02 -5.842666824167155881e-02 5.668967857314134023e-02 6.366529927338678008e-02
1.477287190782594073e-01 -6.186819387495558209e-02 -5.836907312505029699e-02 5.663342500490253090e-02 6.372154875426773446e-02
1.508718833139670590e-01 -6.192327284930099901e-02 -5.831146474904955190e-02 5.657715997468634045e-02 6.377778247752685647e-02
1.540150475496747107e-01 -6.197833822923340397e-02 -5.825384313786011875e-02 5.652088350298400260e-02 6.383400041394696189e-02
1.571582117853823346e-01 -6.203338999014693794e-02 -5.819620831562754421e-02 5.646459561024987778e-02 6.389020253424936013e-02
1.603013760210899863e-01 -6.208842810738619822e-02 -5.813856030645207090e-02 5.640829631690155721e-02 6.394638880909377099e-02
1.634445402567976380e-01 -6.214345255624594694e-02 -5.808089913438899132e-02 5.635198564332001558e-02 6.400255920907801932e-02
1.665877044925052897e-01 -6.219846331197106948e-02 -5.802322482344844656e-02 5.629566360984966655e-02 6.405871370473789628e-02
1.697308687282129414e-01 -6.225346034975623444e-02 -5.796553739759591900e-02 5.623933023679851539e-02 6.411485226654689562e-02
1.728740329639205930e-01 -6.230844364474597691e-02 -5.790783688075219066e-02 5.618298554443822146e-02 6.417097486491614433e-02
1.760171971996282170e-01 -6.236341317203435847e-02 -5.785012329679346116e-02 5.612662955300427858e-02 6.422708147019395852e-02
1.791603614353358687e-01 -6.241836890666485615e-02 -5.779239666955160448e-02 5.607026228269601509e-02 6.428317205266589895e-02
1.823035256710435204e-01 -6.247331082363020982e-02 -5.773465702281410650e-02 5.601388375367682970e-02 6.433924658255441020e-02
1.854466899067511720e-01 -6.252823889787226253e-02 -5.767690438032447436e-02 5.595749398607416381e-02 6.439530503001859862e-02
1.885898541424588237e-01 -6.258315310428182177e-02 -5.761913876578207694e-02 5.590109299997972347e-02 6.445134736515412133e-02
1.917330183781664754e-01 -6.263805341769837498e-02 -5.756136020284251253e-02 5.584468081544950030e-02 6.450737355799293637e-02
1.948761826138740993e-01 -6.269293981291014506e-02 -5.750356871511762280e-02 5.578825745250393792e-02 6.456338357850303911e-02
1.980193468495817510e-01 -6.274781226465372952e-02 -5.744576432617568701e-02 5.573182293112799446e-02 6.461937739658835111e-02
2.011625110852894027e-01 -6.280267074761401724e-02 -5.738794705954143593e-02 5.567537727127127439e-02 6.467535498208838718e-02
2.043056753209970544e-01 -6.285751523642402194e-02 -5.733011693869633635e-02 5.561892049284812567e-02 6.473131630477817200e-02
2.074488395567047061e-01 -6.291234570566466011e-02 -5.727227398707861877e-02 5.556245261573769523e-02 6.478726133436790713e-02
2.105920037924123300e-01 -6.296716212986472327e-02 -5.721441822808349259e-02 5.550597365978414410e-02 6.484319004050285995e-02
2.137351680281199817e-01 -6.302196448350053104e-02 -5.715654968506318767e-02 5.544948364479664743e-02 6.489910239276308612e-02
2.168783322638276334e-01 -6.307675274099590335e-02 -5.709866838132709316e-02 5.539298259054953322e-02 6.495499836066317978e-02
2.200214964995352851e-01 -6.313152687672193841e-02 -5.704077434014197950e-02 5.533647051678238643e-02 6.501087791365217639e-02
2.231646607352429368e-01 -6.318628686499679070e-02 -5.698286758473209562e-02 5.527994744320015308e-02 6.506674102111321967e-02
2.263078249709505885e-01 -6.324103268008560153e-02 -5.692494813827913419e-02 5.522341338947325123e-02 6.512258765236339508e-02
2.294509892066582124e-01 -6.329576429620027700e-02 -5.686701602392260635e-02 5.516686837523764736e-02 6.517841777665348002e-02
2.325941534423658641e-01 -6.335048168749932151e-02 -5.680907126475981395e-02 5.511031242009494652e-02 6.523423136316779114e-02
2.357373176780735158e-01 -6.340518482808765732e-02 -5.675111388384605771e-02 5.505374554361257278e-02 6.529002838102385131e-02
2.388804819137811675e-01 -6.345987369201648576e-02 -5.669314390419469968e-02 5.499716776532375534e-02 6.534580879927229247e-02
2.420236461494888192e-01 -6.351454825328298193e-02 -5.663516134877731589e-02 5.494057910472772283e-02 6.540157258689650865e-02
2.451668103851964708e-01 -6.356920848583040573e-02 -5.657716624052380738e-02 5.488397958128973797e-02 6.545731971281253114e-02
2.483099746209040948e-01 -6.362385436354757451e-02 -5.651915860232252509e-02 5.482736921444127803e-02 6.551305014586875086e-02
2.514531388566117465e-01 -6.367848586026900182e-02 -5.646113845702051964e-02 5.477074802358000705e-02 6.556876385484572411e-02
2.545963030923193982e-01 -6.373310294977442558e-02 -5.640310582742342344e-02 5.471411602807001867e-02 6.562446080845589502e-02
2.577394673280270498e-01 -6.378770560578894688e-02 -5.634506073629576978e-02 5.465747324724181538e-02 6.568014097534342899e-02
2.608826315637347015e-01 -6.384229380198262749e-02 -5.628700320636105536e-02 5.460081970039246807e-02 6.573580432408390739e-02
2.640257957994423532e-01 -6.389686751197032333e-02 -5.622893326030185129e-02 5.454415540678572705e-02 6.579145082318421656e-02
2.671689600351500049e-01 -6.395142670931164286e-02 -5.617085092075994879e-02 5.448748038565205676e-02 6.584708044108217306e-02
2.703121242708576566e-01 -6.400597136751058625e-02 -5.611275621033642858e-02 5.443079465618879537e-02 6.590269314614639884e-02
2.734552885065653083e-01 -6.406050146001555923e-02 -5.605464915159189682e-02 5.437409823756020333e-02 6.595828890667604361e-02
2.765984527422729045e-01 -6.411501696021902619e-02 -5.599652976704649898e-02 5.431739114889759523e-02 6.601386769090056283e-02
2.797416169779805561e-01 -6.416951784145745463e-02 -5.593839807918003088e-02 5.426067340929943694e-02 6.606942946697948182e-02
2.828847812136882078e-01 -6.422400407701103764e-02 -5.588025411043219537e-02 5.420394503783140805e-02 6.612497420300211814e-02
2.860279454493958595e-01 -6.427847564010349957e-02 -5.582209788320253302e-02 5.414720605352650595e-02 6.618050186698745674e-02
2.891711096851035112e-01 -6.433293250390205442e-02 -5.576392941985073431e-02 5.409045647538517076e-02 6.623601242688376134e-02
2.923142739208111629e-01 -6.438737464151711443e-02 -5.570574874269657029e-02 5.403369632237534775e-02 6.629150585056846345e-02
2.954574381565188146e-01 -6.444180202600198470e-02 -5.564755587402021170e-02 5.397692561343261225e-02 6.634698210584788480e-02
2.986006023922264663e-01 -6.449621463035298818e-02 -5.558935083606217353e-02 5.392014436746020434e-02 6.640244116045691813e-02
3.017437666279341180e-01 -6.455061242750896600e-02 -5.553113365102348153e-02 5.386335260332920927e-02 6.645788298205890232e-02
3.048869308636417697e-01 -6.460499539035131911e-02 -5.547290434106589424e-02 5.380655033987859909e-02 6.651330753824533093e-02
3.080300950993494213e-01 -6.465936349170364750e-02 -5.541466292831183360e-02 5.374973759591530204e-02 6.656871479653557466e-02
3.111732593350570175e-01 -6.471371670433165302e-02 -5.535640943484471804e-02 5.369291439021434131e-02 6.662410472437670095e-02
3.143164235707646692e-01 -6.476805500094298673e-02 -5.529814388270887920e-02 5.363608074151891836e-02 6.667947728914315475e-02
3.174595878064723209e-01 -6.482237835418691585e-02 -5.523986629390977704e-02 5.357923666854050304e-02 6.673483245813657816e-02
3.206027520421799726e-01 -6.487668673665432373e-02 -5.518157669041412472e-02 5.352238218995888919e-02 6.679017019858556059e-02
3.237459162778876243e-01 -6.493098012087730742e-02 -5.512327509414998578e-02 5.346551732442234028e-02 6.684549047764530572e-02
3.268890805135952760e-01 -6.498525847932916377e-02 -5.506496152700687124e-02 5.340864209054765888e-02 6.690079326239749269e-02
3.300322447493029276e-01 -6.503952178442409804e-02 -5.500663601083585069e-02 5.335175650692029065e-02 6.695607851984994308e-02
3.331754089850105793e-01 -6.509377000851708506e-02 -5.494829856744972568e-02 5.329486059209434523e-02 6.701134621693638493e-02
3.363185732207182310e-01 -6.514800312390355008e-02 -5.488994921862306448e-02 5.323795436459281133e-02 6.706659632051625852e-02
3.394617374564258827e-01 -6.520222110281938266e-02 -5.483158798609237550e-02 5.318103784290752895e-02 6.712182879737438324e-02
3.426049016921335344e-01 -6.525642391744053417e-02 -5.477321489155620449e-02 5.312411104549934898e-02 6.717704361422076331e-02
3.457480659278411861e-01 -6.531061153988300394e-02 -5.471482995667518306e-02 5.306717399079819569e-02 6.723224073769024089e-02
3.488912301635487823e-01 -6.536478394220238131e-02 -5.465643320307227854e-02 5.301022669720315689e-02 6.728742013434238500e-02
3.520343943992564339e-01 -6.541894109639402599e-02 -5.459802465233274532e-02 5.295326918308258801e-02 6.734258177066108908e-02
3.551775586349640856e-01 -6.547308297439247138e-02 -5.453960432600437475e-02 5.289630146677417460e-02 6.739772561305437670e-02
3.583207228706717373e-01 -6.552720954807145226e-02 -5.448117224559752975e-02 5.283932356658505025e-02 6.745285162785417954e-02
3.614638871063793890e-01 -6.558132078924371056e-02 -5.442272843258526283e-02 5.278233550079186598e-02 6.750795978131596264e-02
3.646070513420870407e-01 -6.563541666966064836e-02 -5.436427290840342014e-02 5.272533728764086658e-02 6.756305003961858568e-02
3.677502155777946924e-01 -6.568949716101228631e-02 -5.430580569445080802e-02 5.266832894534801551e-02 6.761812236886395600e-02
3.708933798135023441e-01 -6.574356223492697215e-02 -5.424732681208925544e-02 5.261131049209906430e-02 6.767317673507677878e-02
3.740365440492099958e-01 -6.579761186297110320e-02 -5.418883628264369035e-02 5.255428194604959413e-02 6.772821310420433505e-02
3.771797082849176475e-01 -6.585164601664912631e-02 -5.413033412740229228e-02 5.249724332532517551e-02 6.778323144211614859e-02
3.803228725206252991e-01 -6.590566466740313545e-02 -5.407182036761666588e-02 5.244019464802142372e-02 6.783823171460375001e-02
3.834660367563329508e-01 -6.595966778661271901e-02 -5.401329502450175762e-02 5.238313593220406822e-02 6.789321388738042695e-02
3.866092009920405470e-01 -6.601365534559486270e-02 -5.395475811923620274e-02 5.232606719590905675e-02 6.794817792608093265e-02
3.897523652277481987e-01 -6.606762731560354707e-02 -5.389620967296223503e-02 5.226898845714264552e-02 6.800312379626116677e-02
3.928955294634558504e-01 -6.612158366782967811e-02 -5.383764970678590889e-02 5.221189973388146166e-02 6.805805146339800882e-02
3.960386936991635021e-01 -6.617552437340082361e-02 -5.377907824177716872e-02 5.215480104407262119e-02 6.811296089288892963e-02
3.991818579348711538e-01 -6.622944940338103270e-02 -5.372049529896995301e-02 5.209769240563374981e-02 6.816785205005181092e-02
4.023250221705788054e-01 -6.628335872877058610e-02 -5.366190089936225677e-02 5.204057383645317725e-02 6.822272490012457058e-02
4.054681864062864571e-01 -6.633725232050578791e-02 -5.360329506391631887e-02 5.198344535438989555e-02 6.827757940826501004e-02
4.086113506419941088e-01 -6.639113014945877134e-02 -5.354467781355874006e-02 5.192630697727373956e-02 6.833241553955039793e-02
4.117545148777017605e-01 -6.644499218643727667e-02 -5.348604916918046903e-02 5.186915872290542850e-02 6.838723325897731742e-02
4.148976791134094122e-01 -6.649883840218442921e-02 -5.342740915163698284e-02 5.181200060905662153e-02 6.844203253146123600e-02
4.180408433491170639e-01 -6.655266876737848947e-02 -5.336875778174842572e-02 5.175483265347007034e-02 6.849681332183642224e-02
4.211840075848246601e-01 -6.660648325263272829e-02 -5.331009508029962984e-02 5.169765487385966779e-02 6.855157559485541841e-02
4.243271718205323118e-01 -6.666028182849506600e-02 -5.325142106804026804e-02 5.164046728791048257e-02 6.860631931518901272e-02
4.274703360562399634e-01 -6.671406446544801694e-02 -5.319273576568496475e-02 5.158326991327891881e-02 6.866104444742573976e-02
4.306135002919476151e-01 -6.676783113390834246e-02 -5.313403919391337937e-02 5.152606276759277848e-02 6.871575095607168615e-02
4.337566645276552668e-01 -6.682158180422682892e-02 -5.307533137337029638e-02 5.146884586845128229e-02 6.877043880555021305e-02
4.368998287633629185e-01 -6.687531644668821829e-02 -5.301661232466574336e-02 5.141161923342522921e-02 6.882510796020165078e-02
4.400429929990705702e-01 -6.692903503151075018e-02 -5.295788206837513667e-02 5.135438288005705898e-02 6.887975838428297970e-02
4.431861572347782219e-01 -6.698273752884612020e-02 -5.289914062503921904e-02 5.129713682586087287e-02 6.893439004196755260e-02
4.463293214704858736e-01 -6.703642390877914692e-02 -5.284038801516442729e-02 5.123988108832260024e-02 6.898900289734483104e-02
4.494724857061935253e-01 -6.709009414132768856e-02 -5.278162425922276746e-02 5.118261568490002633e-02 6.904359691442005231e-02
4.526156499419011769e-01 -6.714374819644224057e-02 -5.272284937765199520e-02 5.112534063302288240e-02 6.909817205711392407e-02
4.557588141776088286e-01 -6.719738604400575521e-02 -5.266406339085569904e-02 5.106805595009292903e-02 6.915272828926238846e-02
4.589019784133164248e-01 -6.725100765383348889e-02 -5.260526631920344615e-02 5.101076165348403940e-02 6.920726557461624739e-02
4.620451426490240765e-01 -6.730461299567272460e-02 -5.254645818303083082e-02 5.095345776054226866e-02 6.926178387684088500e-02
4.651883068847317282e-01 -6.735820203920252214e-02 -5.248763900263958559e-02 5.089614428858595108e-02 6.931628315951604558e-02
4.683314711204393799e-01 -6.741177475403348218e-02 -5.242880879829772689e-02 5.083882125490572085e-02 6.937076338613534787e-02
4.714746353561470316e-01 -6.746533110970759362e-02 -5.236996759023951342e-02 5.078148867676469252e-02 6.942522452010618794e-02
4.746177995918546832e-01 -6.751887107569784496e-02 -5.231111539866575844e-02 5.072414657139844019e-02 6.947966652474929505e-02
4.777609638275623349e-01 -6.757239462140815500e-02 -5.225225224374372562e-02 5.066679495601515010e-02 6.953408936329845413e-02
4.809041280632699866e-01 -6.762590171617302581e-02 -5.219337814560739280e-02 5.060943384779564153e-02 6.958849299890024209e-02
4.840472922989776383e-01 -6.767939232925734849e-02 -5.213449312435736865e-02 5.055206326389345001e-02 6.964287739461365312e-02
4.871904565346852900e-01 -6.773286642985615336e-02 -5.207559720006114251e-02 5.049468322143497306e-02 6.969724251340982113e-02
4.903336207703929417e-01 -6.778632398709438789e-02 -5.201669039275314682e-02 5.043729373751945633e-02 6.975158831817175609e-02
4.934767850061005934e-01 -6.783976497002665307e-02 -5.195777272243478490e-02 5.037989482921911150e-02 6.980591477169387216e-02
4.966199492418081896e-01 -6.789318934763691193e-02 -5.189884420907459051e-02 5.032248651357920655e-02 6.986022183668187668e-02
4.997631134775158412e-01 -6.794659708883846183e-02 -5.183990487260833890e-02 5.026506880761812124e-02 6.991450947575229835e-02
5.029062777132234929e-01 -6.799998816247332378e-02 -5.178095473293906764e-02 5.020764172832741651e-02 6.996877765143223737e-02
5.060494419489312001e-01 -6.805336253731236740e-02 -5.172199380993722923e-02 5.015020529267193161e-02 7.002302632615901856e-02
5.091926061846387963e-01 -6.810672018205485290e-02 -5.166302212344074662e-02 5.009275951758986739e-02 7.007725546227988600e-02
5.123357704203463925e-01 -6.816006106532822295e-02 -5.160403969325517981e-02 5.003530441999280709e-02 7.013146502205169774e-02
5.154789346560540997e-01 -6.821338515568789451e-02 -5.154504653915373269e-02 4.997784001676585514e-02 7.018565496764053724e-02
5.186220988917616959e-01 -6.826669242161692575e-02 -5.148604268087739882e-02 4.992036632476767183e-02 7.023982526112147740e-02
5.217652631274694031e-01 -6.831998283152590501e-02 -5.142702813813498919e-02 4.986288336083055661e-02 7.029397586447815038e-02
5.249084273631769992e-01 -6.837325635375254840e-02 -5.136800293060338196e-02 4.980539114176053828e-02 7.034810673960251171e-02
5.280515915988847064e-01 -6.842651295656156096e-02 -5.130896707792739764e-02 4.974788968433743047e-02 7.040221784829447937e-02
5.311947558345923026e-01 -6.847975260814426202e-02 -5.124992059972004882e-02 4.969037900531492191e-02 7.045630915226153146e-02
5.343379200703000098e-01 -6.853297527661857125e-02 -5.119086351556262349e-02 4.963285912142061801e-02 7.051038061311852567e-02
5.374810843060076060e-01 -6.858618093002839811e-02 -5.113179584500463642e-02 4.957533004935615190e-02 7.056443219238721365e-02
5.406242485417153132e-01 -6.863936953634371119e-02 -5.107271760756415535e-02 4.951779180579724687e-02 7.061846385149596339e-02
5.437674127774229094e-01 -6.869254106346003863e-02 -5.101362882272763438e-02 4.946024440739376499e-02 7.067247555177945395e-02
5.469105770131306166e-01 -6.874569547919841261e-02 -5.095452950995018465e-02 4.940268787076980417e-02 7.072646725447828686e-02
5.500537412488382127e-01 -6.879883275130496689e-02 -5.089541968865562288e-02 4.934512221252379538e-02 7.078043892073865306e-02
5.531969054845458089e-01 -6.885195284745070088e-02 -5.083629937823651995e-02 4.928754744922848874e-02 7.083439051161202760e-02
5.563400697202535161e-01 -6.890505573523128535e-02 -5.077716859805432581e-02 4.922996359743113393e-02 7.088832198805478102e-02
5.594832339559611123e-01 -6.895814138216671552e-02 -5.071802736743946660e-02 4.917237067365344549e-02 7.094223331092786022e-02
5.626263981916688195e-01 -6.901120975570108895e-02 -5.065887570569140019e-02 4.911476869439177634e-02 7.099612444099639985e-02
5.657695624273764157e-01 -6.906426082320234194e-02 -5.059971363207871331e-02 4.905715767611713851e-02 7.104999533892948638e-02
5.689127266630841229e-01 -6.911729455196193028e-02 -5.054054116583925338e-02 4.899953763527522405e-02 7.110384596529963075e-02
5.720558908987917190e-01 -6.917031090919467662e-02 -5.048135832618015628e-02 4.894190858828659230e-02 7.115767628058256022e-02
5.751990551344994262e-01 -6.922330986203839576e-02 -5.042216513227799207e-02 4.888427055154662831e-02 7.121148624515684367e-02
5.783422193702070224e-01 -6.927629137755361710e-02 -5.036296160327877885e-02 4.882662354142568162e-02 7.126527581930344746e-02
5.814853836059147296e-01 -6.932925542272340425e-02 -5.030374775829817013e-02 4.876896757426912865e-02 7.131904496320551345e-02
5.846285478416223258e-01 -6.938220196445299415e-02 -5.024452361642142012e-02 4.871130266639740053e-02 7.137279363694785939e-02
5.877717120773299220e-01 -6.943513096956958897e-02 -5.018528919670361271e-02 4.865362883410608713e-02 7.142652180051672905e-02
5.909148763130376292e-01 -6.948804240482203687e-02 -5.012604451816957823e-02 4.859594609366602036e-02 7.148022941379938988e-02
5.940580405487452254e-01 -6.954093623688056836e-02 -5.006678959981419180e-02 4.853825446132331578e-02 7.153391643658377208e-02
5.972012047844529326e-01 -6.959381243233649095e-02 -5.000752446060220680e-02 4.848055395329944200e-02 7.158758282855806621e-02
6.003443690201605287e-01 -6.964667095770199490e-02 -4.994824911946859486e-02 4.842284458579129702e-02 7.164122854931041784e-02
6.034875332558682359e-01 -6.969951177940980624e-02 -4.988896359531844876e-02 4.836512637497129841e-02 7.169485355832855289e-02
6.066306974915758321e-01 -6.975233486381286763e-02 -4.982966790702714199e-02 4.830739933698739025e-02 7.174845781499934738e-02
6.097738617272835393e-01 -6.980514017718413011e-02 -4.977036207344038427e-02 4.824966348796320970e-02 7.180204127860850827e-02
6.129170259629911355e-01 -6.985792768571626177e-02 -4.971104611337440193e-02 4.819191884399804532e-02 7.185560390834021260e-02
6.160601901986988427e-01 -6.991069735552131459e-02 -4.965172004561582697e-02 4.813416542116696895e-02 7.190914566327666346e-02
6.192033544344064389e-01 -6.996344915263048858e-02 -4.959238388892197452e-02 4.807640323552091893e-02 7.196266650239778462e-02
6.223465186701140350e-01 -7.001618304299384032e-02 -4.953303766202087066e-02 4.801863230308670710e-02 7.201616638458081809e-02
6.254896829058217422e-01 -7.006889899247990827e-02 -4.947368138361123158e-02 4.796085263986711589e-02 7.206964526859990783e-02
6.286328471415293384e-01 -7.012159696687554622e-02 -4.941431507236272030e-02 4.790306426184100241e-02 7.212310311312578048e-02
6.317760113772370456e-01 -7.017427693188554860e-02 -4.935493874691590510e-02 4.784526718496329850e-02 7.217653987672532911e-02
6.349191756129446418e-01 -7.022693885313241458e-02 -4.929555242588237740e-02 4.778746142516512863e-02 7.222995551786118296e-02
6.380623398486523490e-01 -7.027958269615601494e-02 -4.923615612784478651e-02 4.772964699835382379e-02 7.228334999489141599e-02
6.412055040843599452e-01 -7.033220842641323134e-02 -4.917674987135712411e-02 4.767182392041306727e-02 7.233672326606908898e-02
6.443486683200676524e-01 -7.038481600927788684e-02 -4.911733367494446056e-02 4.761399220720288761e-02 7.239007528954186088e-02
6.474918325557752485e-01 -7.043740541004014921e-02 -4.905790755710335432e-02 4.755615187455974197e-02 7.244340602335162804e-02
6.506349967914829557e-01 -7.048997659390644765e-02 -4.899847153630176172e-02 4.749830293829661321e-02 7.249671542543412173e-02
6.537781610271905519e-01 -7.054252952599905646e-02 -4.893902563097913411e-02 4.744044541420303768e-02 7.255000345361845016e-02
6.569213252628982591e-01 -7.059506417135588685e-02 -4.887956985954653583e-02 4.738257931804518847e-02 7.260327006562679319e-02
6.600644894986058553e-01 -7.064758049493012615e-02 -4.882010424038672053e-02 4.732470466556594479e-02 7.265651521907394439e-02
6.632076537343134515e-01 -7.070007846158989084e-02 -4.876062879185415894e-02 4.726682147248491977e-02 7.270973887146693626e-02
6.663508179700211587e-01 -7.075255803611804617e-02 -4.870114353227524701e-02 4.720892975449858531e-02 7.276294098020461010e-02
6.694939822057287548e-01 -7.080501918321173427e-02 -4.864164847994818103e-02 4.715102952728029290e-02 7.281612150257722738e-02
6.726371464414364620e-01 -7.085746186748222153e-02 -4.858214365314329070e-02 4.709312080648034998e-02 7.286928039576603955e-02
6.757803106771440582e-01 -7.090988605345446838e-02 -4.852262907010285176e-02 4.703520360772608933e-02 7.292241761684294110e-02
6.789234749128517654e-01 -7.096229170556692112e-02 -4.846310474904141213e-02 4.697727794662191064e-02 7.297553312276994220e-02
6.820666391485593616e-01 -7.101467878817110946e-02 -4.840357070814565316e-02 4.691934383874937775e-02 7.302862687039886336e-02
6.852098033842670688e-01 -7.106704726553138285e-02 -4.834402696557466711e-02 4.686140129966725326e-02 7.308169881647091914e-02
6.883529676199746650e-01 -7.111939710182453578e-02 -4.828447353945985315e-02 4.680345034491158879e-02 7.313474891761617691e-02
6.914961318556823722e-01 -7.117172826113961348e-02 -4.822491044790515324e-02 4.674549098999574576e-02 7.318777713035327925e-02
6.946392960913899683e-01 -7.122404070747744009e-02 -4.816533770898701050e-02 4.668752325041052031e-02 7.324078341108895829e-02
6.977824603270975645e-01 -7.127633440475039661e-02 -4.810575534075454268e-02 4.662954714162412945e-02 7.329376771611757768e-02
7.009256245628052717e-01 -7.132860931678208782e-02 -4.804616336122952830e-02 4.657156267908236363e-02 7.334673000162081347e-02
7.040687887985128679e-01 -7.138086540730699536e-02 -4.798656178840655234e-02 4.651356987820853134e-02 7.339967022366708504e-02
7.072119530342205751e-01 -7.143310263997013076e-02 -4.792695064025303403e-02 4.645556875440366024e-02 7.345258833821126376e-02
7.103551172699281713e-01 -7.148532097832678567e-02 -4.786732993470938641e-02 4.639755932304644170e-02 7.350548430109414555e-02
7.134982815056358785e-01 -7.153752038584215711e-02 -4.780769968968898859e-02 4.633954159949335572e-02 7.355835806804204846e-02
7.166414457413434747e-01 -7.158970082589095896e-02 -4.774805992307829677e-02 4.628151559907872636e-02 7.361120959466636859e-02
7.197846099770511819e-01 -7.164186226175721373e-02 -4.768841065273699692e-02 4.622348133711474266e-02 7.366403883646317763e-02
7.229277742127587780e-01 -7.169400465663382238e-02 -4.762875189649793534e-02 4.616543882889157652e-02 7.371684574881272323e-02
7.260709384484664852e-01 -7.174612797362228678e-02 -4.756908367216734074e-02 4.610738808967741742e-02 7.376963028697901270e-02
7.292141026841740814e-01 -7.179823217573233496e-02 -4.750940599752480342e-02 4.604932913471848632e-02 7.382239240610941056e-02
7.323572669198816776e-01 -7.185031722588158809e-02 -4.744971889032340018e-02 4.599126197923920911e-02 7.387513206123412501e-02
7.355004311555893848e-01 -7.190238308689531066e-02 -4.739002236828974285e-02 4.593318663844216110e-02 7.392784920726579168e-02
7.386435953912969810e-01 -7.195442972150591088e-02 -4.733031644912401997e-02 4.587510312750820579e-02 7.398054379899902944e-02
7.417867596270046882e-01 -7.200645709235271863e-02 -4.727060115050019107e-02 4.581701146159649490e-02 7.403321579110996864e-02
7.449299238627122843e-01 -7.205846516198159690e-02 -4.721087649006592418e-02 4.575891165584457937e-02 7.408586513815579311e-02
7.480730880984199915e-01 -7.211045389284458096e-02 -4.715114248544274855e-02 4.570080372536844404e-02 7.413849179457432381e-02
7.512162523341275877e-01 -7.216242324729962854e-02 -4.709139915422610317e-02 4.564268768526257014e-02 7.419109571468349151e-02
7.543594165698352949e-01 -7.221437318761013413e-02 -4.703164651398539925e-02 4.558456355060000464e-02 7.424367685268092043e-02
7.575025808055428911e-01 -7.226630367594465143e-02 -4.697188458226415203e-02 4.552643133643238804e-02 7.429623516264348415e-02
7.606457450412505983e-01 -7.231821467437661577e-02 -4.691211337657994612e-02 4.546829105779005842e-02 7.434877059852677827e-02
7.637889092769581945e-01 -7.237010614488378901e-02 -4.685233291442465753e-02 4.541014272968207227e-02 7.440128311416469020e-02
7.669320735126659017e-01 -7.242197804934810690e-02 -4.679254321326436344e-02 4.535198636709628084e-02 7.445377266326891341e-02
7.700752377483734978e-01 -7.247383034955519332e-02 -4.673274429053952961e-02 4.529382198499939255e-02 7.450623919942851725e-02
7.732184019840810940e-01 -7.252566300719411052e-02 -4.667293616366506581e-02 4.523564959833702159e-02 7.455868267610937794e-02
7.763615662197888012e-01 -7.257747598385690113e-02 -4.661311885003033284e-02 4.517746922203374343e-02 7.461110304665381776e-02
7.795047304554963974e-01 -7.262926924103828286e-02 -4.655329236699926043e-02 4.511928087099317114e-02 7.466350026427999442e-02
7.826478946912041046e-01 -7.268104274013524602e-02 -4.649345673191049300e-02 4.506108456009796925e-02 7.471587428208158188e-02
7.857910589269117008e-01 -7.273279644244674824e-02 -4.643361196207727165e-02 4.500288030420999952e-02 7.476822505302709032e-02
7.889342231626194080e-01 -7.278453030917324262e-02 -4.637375807478773260e-02 4.494466811817025148e-02 7.482055252995956085e-02
7.920773873983270041e-01 -7.283624430141646955e-02 -4.631389508730478222e-02 4.488644801679902985e-02 7.487285666559595487e-02
7.952205516340347113e-01 -7.288793838017894322e-02 -4.625402301686631912e-02 4.482822001489591285e-02 7.492513741252669612e-02
7.983637158697423075e-01 -7.293961250636363247e-02 -4.619414188068516475e-02 4.476998412723985632e-02 7.497739472321521270e-02
8.015068801054500147e-01 -7.299126664077357218e-02 -4.613425169594922992e-02 4.471174036858925616e-02 7.502962854999738196e-02
8.046500443411576109e-01 -7.304290074411155798e-02 -4.607435247982159809e-02 4.465348875368196913e-02 7.508183884508105865e-02
8.077932085768652071e-01 -7.309451477697966049e-02 -4.601444424944053230e-02 4.459522929723541695e-02 7.513402556054558923e-02
8.109363728125729143e-01 -7.314610869987893393e-02 -4.595452702191954453e-02 4.453696201394657939e-02 7.518618864834127058e-02
8.140795370482805104e-01 -7.319768247320894428e-02 -4.589460081434753452e-02 4.447868691849211908e-02 7.523832806028886433e-02
8.172227012839882176e-01 -7.324923605726754716e-02 -4.583466564378876201e-02 4.442040402552838163e-02 7.529044374807912499e-02
8.203658655196958138e-01 -7.330076941225031895e-02 -4.577472152728306876e-02 4.436211334969149267e-02 7.534253566327217544e-02
8.235090297554035210e-01 -7.335228249825023750e-02 -4.571476848184570507e-02 4.430381490559738566e-02 7.539460375729713226e-02
8.266521939911111172e-01 -7.340377527525739076e-02 -4.565480652446764903e-02 4.424550870784187823e-02 7.544664798145146734e-02
8.297953582268188244e-01 -7.345524770315847718e-02 -4.559483567211553706e-02 4.418719477100070681e-02 7.549866828690057763e-02
8.329385224625264206e-01 -7.350669974173637544e-02 -4.553485594173174028e-02 4.412887310962958914e-02 7.555066462467721622e-02
8.360816866982341278e-01 -7.355813135066989472e-02 -4.547486735023449633e-02 4.407054373826427979e-02 7.560263694568096493e-02
8.392248509339417240e-01 -7.360954248953328893e-02 -4.541486991451788857e-02 4.401220667142064641e-02 7.565458520067772086e-02
8.423680151696493201e-01 -7.366093311779584041e-02 -4.535486365145198484e-02 4.395386192359469757e-02 7.570650934029919676e-02
8.455111794053570273e-01 -7.371230319482154070e-02 -4.529484857788287216e-02 4.389550950926261741e-02 7.575840931504232434e-02
8.486543436410646235e-01 -7.376365267986860486e-02 -4.523482471063277471e-02 4.383714944288086973e-02 7.581028507526875460e-02
8.517975078767723307e-01 -7.381498153208912449e-02 -4.517479206649998441e-02 4.377878173888624658e-02 7.586213657120431664e-02
8.549406721124799269e-01 -7.386628971052866532e-02 -4.511475066225908992e-02 4.372040641169586822e-02 7.591396375293847643e-02
8.580838363481876341e-01 -7.391757717412573980e-02 -4.505470051466099746e-02 4.366202347570729420e-02 7.596576657042380942e-02
8.612270005838952303e-01 -7.396884388171166835e-02 -4.499464164043287528e-02 4.360363294529855105e-02 7.601754497347538997e-02
8.643701648196029375e-01 -7.402008979200988548e-02 -4.493457405627842433e-02 4.354523483482820867e-02 7.606929891177033332e-02
8.675133290553105336e-01 -7.407131486363559281e-02 -4.487449777887778796e-02 4.348682915863538723e-02 7.612102833484715725e-02
8.706564932910182408e-01 -7.412251905509553707e-02 -4.481441282488765609e-02 4.342841593103984738e-02 7.617273319210533800e-02
8.737996575267258370e-01 -7.417370232478731618e-02 -4.475431921094138316e-02 4.336999516634205964e-02 7.622441343280461634e-02
8.769428217624335442e-01 -7.422486463099919884e-02 -4.469421695364898112e-02 4.331156687882320444e-02 7.627606900606452578e-02
8.800859859981411404e-01 -7.427600593190950007e-02 -4.463410606959723748e-02 4.325313108274526225e-02 7.632769986086380964e-02
8.832291502338487366e-01 -7.432712618558633133e-02 -4.457398657534973607e-02 4.319468779235107608e-02 7.637930594603983825e-02
8.863723144695564438e-01 -7.437822534998707324e-02 -4.451385848744694729e-02 4.313623702186434455e-02 7.643088721028810928e-02
8.895154787052640399e-01 -7.442930338295793147e-02 -4.445372182240635295e-02 4.307777878548976064e-02 7.648244360216152615e-02
8.926586429409717471e-01 -7.448036024223367302e-02 -4.439357659672234918e-02 4.301931309741298393e-02 7.653397507007002332e-02
8.958018071766793433e-01 -7.453139588543691851e-02 -4.433342282686649621e-02 4.296083997180075165e-02 7.658548156227980297e-02
8.989449714123870505e-01 -7.458241027007797563e-02 -4.427326052928743511e-02 4.290235942280087866e-02 7.663696302691287709e-02
9.020881356480946467e-01 -7.463340335355421462e-02 -4.421308972041104735e-02 4.284387146454236850e-02 7.668841941194641521e-02
9.052312998838023539e-01 -7.468437509314983236e-02 -4.415291041664048260e-02 4.278537611113541334e-02 7.673985066521221698e-02
9.083744641195099501e-01 -7.473532544603515848e-02 -4.409272263435622813e-02 4.272687337667146340e-02 7.679125673439604616e-02
9.115176283552176573e-01 -7.478625436926639169e-02 -4.403252638991612955e-02 4.266836327522328942e-02 7.684263756703714476e-02
9.146607925909252534e-01 -7.483716181978511406e-02 -4.397232169965554355e-02 4.260984582084502426e-02 7.689399311052751151e-02
9.178039568266328496e-01 -7.488804775441786077e-02 -4.391210857988733091e-02 4.255132102757219759e-02 7.694532331211137444e-02
9.209471210623405568e-01 -7.493891212987562056e-02 -4.385188704690194672e-02 4.249278890942184000e-02 7.699662811888462188e-02
9.240902852980481530e-01 -7.498975490275341937e-02 -4.379165711696744040e-02 4.243424948039243444e-02 7.704790747779412252e-02
9.272334495337558602e-01 -7.504057602952984851e-02 -4.373141880632963607e-02 4.237570275446409657e-02 7.709916133563715634e-02
9.303766137694634564e-01 -7.509137546656666218e-02 -4.367117213121212566e-02 4.231714874559852624e-02 7.715038963906079017e-02
9.335197780051711636e-01 -7.514215317010826400e-02 -4.361091710781629660e-02 4.225858746773907687e-02 7.720159233456128089e-02
9.366629422408787597e-01 -7.519290909628123520e-02 -4.355065375232144292e-02 4.220001893481084565e-02 7.725276936848347875e-02
9.398061064765864669e-01 -7.524364320109400150e-02 -4.349038208088489704e-02 4.214144316072066659e-02 7.730392068702009178e-02
9.429492707122940631e-01 -7.529435544043613926e-02 -4.343010210964189100e-02 4.208286015935722157e-02 7.735504623621122788e-02
9.460924349480017703e-01 -7.534504577007815340e-02 -4.336981385470579931e-02 4.202426994459104725e-02 7.740614596194365926e-02
9.492355991837093665e-01 -7.539571414567083907e-02 -4.330951733216813898e-02 4.196567253027457672e-02 7.745721980995019795e-02
9.523787634194169627e-01 -7.544636052274483751e-02 -4.324921255809862503e-02 4.190706793024222970e-02 7.750826772580911295e-02
9.555219276551246699e-01 -7.549698485671034465e-02 -4.318889954854524676e-02 4.184845615831042642e-02 7.755928965494342242e-02
9.586650918908322661e-01 -7.554758710285626455e-02 -4.312857831953429560e-02 4.178983722827765701e-02 7.761028554262033863e-02
9.618082561265399733e-01 -7.559816721635014003e-02 -4.306824888707045523e-02 4.173121115392453701e-02 7.766125533395057401e-02
9.649514203622475694e-01 -7.564872515223734772e-02 -4.300791126713689877e-02 4.167257794901382123e-02 7.771219897388763342e-02
9.680945845979552766e-01 -7.569926086544088994e-02 -4.294756547569524019e-02 4.161393762729048706e-02 7.776311640722731455e-02
9.712377488336628728e-01 -7.574977431076063139e-02 -4.288721152868568004e-02 4.155529020248176220e-02 7.781400757860693074e-02
9.743809130693705800e-01 -7.580026544287307710e-02 -4.282684944202708871e-02 4.149663568829717319e-02 7.786487243250470036e-02
9.775240773050781762e-01 -7.585073421633063695e-02 -4.276647923161693704e-02 4.143797409842864959e-02 7.791571091323906684e-02
9.806672415407858834e-01 -7.590118058556133418e-02 -4.270610091333153224e-02 4.137930544655045451e-02 7.796652296496803247e-02
9.838104057764934796e-01 -7.595160450486822257e-02 -4.264571450302592770e-02 4.132062974631937197e-02 7.801730853168852009e-02
9.869535700122011868e-01 -7.600200592842884517e-02 -4.258532001653404786e-02 4.126194701137463755e-02 7.806806755723570690e-02
9.900967342479087829e-01 -7.605238481029483189e-02 -4.252491746966875069e-02 4.120325725533803551e-02 7.811879998528228897e-02
9.932398984836163791e-01 -7.610274110439134432e-02 -4.246450687822188319e-02 4.114456049181398900e-02 7.816950575933785672e-02
9.963830627193240863e-01 -7.615307476451656232e-02 -4.240408825796430914e-02 4.108585673438951841e-02 7.822018482274821494e-02
9.995262269550316825e-01 -7.620338574434115664e-02 -4.234366162464600625e-02 4.102714599663435241e-02 7.827083711869463334e-02
1.002669391190739390e+00 -7.625367399740794194e-02 -4.228322699399608697e-02 4.096842829210096959e-02 7.832146259019326373e-02
1.005812555426446986e+00 -7.630393947713103031e-02 -4.222278438172291648e-02 4.090970363432460538e-02 7.837206118009433509e-02
1.008955719662154582e+00 -7.635418213679570631e-02 -4.216233380351410570e-02 4.085097203682334227e-02 7.842263283108154293e-02
1.012098883897862400e+00 -7.640440192955763599e-02 -4.210187527503660154e-02 4.079223351309815143e-02 7.847317748567129991e-02
1.015242048133569996e+00 -7.645459880844242273e-02 -4.204140881193673546e-02 4.073348807663291354e-02 7.852369508621204197e-02
1.018385212369277593e+00 -7.650477272634513548e-02 -4.198093442984028589e-02 4.067473574089449512e-02 7.857418557488354827e-02
1.021528376604985189e+00 -7.655492363602969808e-02 -4.192045214435252687e-02 4.061597651933277625e-02 7.862464889369617793e-02
1.024671540840692785e+00 -7.660505149012844517e-02 -4.185996197105828348e-02 4.055721042538069226e-02 7.867508498449021781e-02
1.027814705076400603e+00 -7.665515624114151161e-02 -4.179946392552204987e-02 4.049843747245430309e-02 7.872549378893510530e-02
1.030957869312108199e+00 -7.670523784143637447e-02 -4.173895802328792676e-02 4.043965767395282795e-02 7.877587524852872058e-02
1.034101033547815796e+00 -7.675529624324725630e-02 -4.167844427987978800e-02 4.038087104325868010e-02 7.882622930459669275e-02
1.037244197783523392e+00 -7.680533139867462555e-02 -4.161792271080127364e-02 4.032207759373753614e-02 7.887655589829165037e-02
1.040387362019231210e+00 -7.685534325968458591e-02 -4.155739333153587317e-02 4.026327733873833609e-02 7.892685497059244437e-02
1.043530526254938806e+00 -7.690533177810845999e-02 -4.149685615754698104e-02 4.020447029159341518e-02 7.897712646230348188e-02
1.046673690490646402e+00 -7.695529690564208158e-02 -4.143631120427794523e-02 4.014565646561843448e-02 7.902737031405392132e-02
1.049816854726353998e+00 -7.700523859384536540e-02 -4.137575848715208809e-02 4.008683587411255439e-02 7.907758646629696464e-02
1.052960018962061817e+00 -7.705515679414176589e-02 -4.131519802157284510e-02 4.002800853035833745e-02 7.912777485930912180e-02
1.056103183197769413e+00 -7.710505145781754166e-02 -4.125462982292375791e-02 3.996917444762192184e-02 7.917793543318937810e-02
1.059246347433477009e+00 -7.715492253602146411e-02 -4.119405390656855764e-02 3.991033363915301446e-02 7.922806812785850028e-02
1.062389511669184605e+00 -7.720476997976402633e-02 -4.113347028785118570e-02 3.985148611818490477e-02 7.927817288305830101e-02
1.065532675904892201e+00 -7.725459373991698520e-02 -4.107287898209590477e-02 3.979263189793456196e-02 7.932824963835075072e-02
1.068675840140600020e+00 -7.730439376721280620e-02 -4.101228000460721557e-02 3.973377099160263493e-02 7.937829833311736694e-02
1.071819004376307616e+00 -7.735417001224401123e-02 -4.095167337067018298e-02 3.967490341237355639e-02 7.942831890655831228e-02
1.074962168612015212e+00 -7.740392242546270674e-02 -4.089105909555020707e-02 3.961602917341552205e-02 7.947831129769167280e-02
1.078105332847722808e+00 -7.745365095717990367e-02 -4.083043719449323122e-02 3.955714828788055998e-02 7.952827544535263915e-02
1.081248497083430626e+00 -7.750335555756505956e-02 -4.076980768272575606e-02 3.949826076890458615e-02 7.957821128819278500e-02
1.084391661319138223e+00 -7.755303617664534299e-02 -4.070917057545488799e-02 3.943936662960745992e-02 7.962811876467916494e-02
1.087534825554845819e+00 -7.760269276430516172e-02 -4.064852588786840165e-02 3.938046588309299101e-02 7.967799781309363449e-02
1.090677989790553415e+00 -7.765232527028559373e-02 -4.058787363513481627e-02 3.932155854244898108e-02 7.972784837153198967e-02
1.093821154026261233e+00 -7.770193364418365167e-02 -4.052721383240340258e-02 3.926264462074732092e-02 7.977767037790314819e-02
1.096964318261968829e+00 -7.775151783545186657e-02 -4.046654649480428689e-02 3.920372413104396964e-02 7.982746376992837234e-02
1.100107482497676425e+00 -7.780107779339755225e-02 -4.040587163744845806e-02 3.914479708637907257e-02 7.987722848514045015e-02
1.103250646733384022e+00 -7.785061346718222253e-02 -4.034518927542783684e-02 3.908586349977691277e-02 7.992696446088282114e-02
1.106393810969091618e+00 -7.790012480582111931e-02 -4.028449942381538695e-02 3.902692338424603585e-02 7.997667163430886850e-02
1.109536975204799436e+00 -7.794961175818242161e-02 -4.022380209766499015e-02 3.896797675277923617e-02 8.002634994238097543e-02
1.112680139440507032e+00 -7.799907427298671814e-02 -4.016309731201179317e-02 3.890902361835366779e-02 8.007599932186973413e-02
1.115823303676214628e+00 -7.804851229880643837e-02 -4.010238508187197182e-02 3.885006399393075432e-02 8.012561970935314082e-02
1.118966467911922225e+00 -7.809792578406514474e-02 -4.004166542224294606e-02 3.879109789245643175e-02 8.017521104121570763e-02
1.122109632147630043e+00 -7.814731467703700529e-02 -3.998093834810338004e-02 3.873212532686098886e-02 8.022477325364765766e-02
1.125252796383337639e+00 -7.819667892584605817e-02 -3.992020387441322371e-02 3.867314631005926845e-02 8.027430628264400903e-02
1.128395960619045235e+00 -7.824601847846567038e-02 -3.985946201611383771e-02 3.861416085495059103e-02 8.032381006400378387e-02
1.131539124854752831e+00 -7.829533328271792714e-02 -3.979871278812792401e-02 3.855516897441887275e-02 8.037328453332913403e-02
1.134682289090460428e+00 -7.834462328627288252e-02 -3.973795620535974793e-02 3.849617068133265319e-02 8.042272962602445285e-02
1.137825453326168246e+00 -7.839388843664803208e-02 -3.967719228269492304e-02 3.843716598854509531e-02 8.047214527729550093e-02
1.140968617561875842e+00 -7.844312868120763282e-02 -3.961642103500084139e-02 3.837815490889409653e-02 8.052153142214857340e-02
1.144111781797583438e+00 -7.849234396716205098e-02 -3.955564247712631265e-02 3.831913745520227482e-02 8.057088799538957014e-02
1.147254946033291034e+00 -7.854153424156712360e-02 -3.949485662390195273e-02 3.826011364027702422e-02 8.062021493162316310e-02
1.150398110268998852e+00 -7.859069945132352020e-02 -3.943406349014003109e-02 3.820108347691058420e-02 8.066951216525185264e-02
1.153541274504706449e+00 -7.863983954317604885e-02 -3.937326309063458873e-02 3.814204697788003973e-02 8.071877963047509319e-02
1.156684438740414045e+00 -7.868895446371305946e-02 -3.931245544016152837e-02 3.808300415594738364e-02 8.076801726128839121e-02
1.159827602976121641e+00 -7.873804415936573597e-02 -3.925164055347855202e-02 3.802395502385957221e-02 8.081722499148244476e-02
1.162970767211829459e+00 -7.878710857640741638e-02 -3.919081844532536912e-02 3.796489959434852512e-02 8.086640275464215821e-02
1.166113931447537055e+00 -7.883614766095295434e-02 -3.912998913042360638e-02 3.790583788013122263e-02 8.091555048414576790e-02
1.169257095683244652e+00 -7.888516135895808079e-02 -3.906915262347692569e-02 3.784676989390969165e-02 8.096466811316389844e-02
1.172400259918952248e+00 -7.893414961621865455e-02 -3.900830893917106579e-02 3.778769564837110295e-02 8.101375557465868849e-02
1.175543424154659844e+00 -7.898311237837005172e-02 -3.894745809217391164e-02 3.772861515618773642e-02 8.106281280138280532e-02
1.178686588390367662e+00 -7.903204959088643011e-02 -3.888660009713544585e-02 3.766952843001709905e-02 8.111183972587852897e-02
1.181829752626075258e+00 -7.908096119908002153e-02 -3.882573496868797075e-02 3.761043548250191798e-02 8.116083628047680854e-02
1.184972916861782855e+00 -7.912984714810054887e-02 -3.876486272144601120e-02 3.755133632627020990e-02 8.120980239729631844e-02
1.188116081097490451e+00 -7.917870738293442123e-02 -3.870398337000640482e-02 3.749223097393529491e-02 8.125873800824250093e-02
1.191259245333198269e+00 -7.922754184840410940e-02 -3.864309692894839221e-02 3.743311943809584513e-02 8.130764304500660844e-02
1.194402409568905865e+00 -7.927635048916738258e-02 -3.858220341283360999e-02 3.737400173133595405e-02 8.135651743906473221e-02
1.197545573804613461e+00 -7.932513324971664226e-02 -3.852130283620619489e-02 3.731487786622510877e-02 8.140536112167688632e-02
1.200688738040321057e+00 -7.937389007437820054e-02 -3.846039521359276986e-02 3.725574785531832883e-02 8.145417402388593908e-02
1.203831902276028876e+00 -7.942262090731162794e-02 -3.839948055950252043e-02 3.719661171115608983e-02 8.150295607651671104e-02
1.206975066511736472e+00 -7.947132569250886514e-02 -3.833855888842729182e-02 3.713746944626447610e-02 8.155170721017494795e-02
1.210118230747444068e+00 -7.952000437379370956e-02 -3.827763021484156120e-02 3.707832107315512521e-02 8.160042735524636326e-02
1.213261394983151664e+00 -7.956865689482095494e-02 -3.821669455320252790e-02 3.701916660432535977e-02 8.164911644189561113e-02
1.216404559218859260e+00 -7.961728319907568352e-02 -3.815575191795018972e-02 3.696000605225812502e-02 8.169777440006527336e-02
1.219547723454567079e+00 -7.966588322987264159e-02 -3.809480232350723888e-02 3.690083942942209982e-02 8.174640115947492958e-02
1.222690887690274675e+00 -7.971445693035529578e-02 -3.803384578427939505e-02 3.684166674827174526e-02 8.179499664962000538e-02
1.225834051925982271e+00 -7.976300424349526408e-02 -3.797288231465515557e-02 3.678248802124727684e-02 8.184356079977088416e-02
1.228977216161689867e+00 -7.981152511209155254e-02 -3.791191192900603135e-02 3.672330326077476170e-02 8.189209353897183852e-02
1.232120380397397685e+00 -7.986001947876969487e-02 -3.785093464168650529e-02 3.666411247926612549e-02 8.194059479603996166e-02
1.235263544633105282e+00 -7.990848728598112793e-02 -3.778995046703412242e-02 3.660491568911922178e-02 8.198906449956414044e-02
1.238406708868812878e+00 -7.995692847600234521e-02 -3.772895941936953851e-02 3.654571290271784595e-02 8.203750257790405620e-02
1.241549873104520474e+00 -8.000534299093418900e-02 -3.766796151299654088e-02 3.648650413243176294e-02 8.208590895918910224e-02
1.244693037340228070e+00 -8.005373077270104554e-02 -3.760695676220211781e-02 3.642728939061680438e-02 8.213428357131730140e-02
1.247836201575935888e+00 -8.010209176305010947e-02 -3.754594518125647234e-02 3.636806868961482003e-02 8.218262634195433458e-02
1.250979365811643484e+00 -8.015042590355059282e-02 -3.748492678441311954e-02 3.630884204175380270e-02 8.223093719853233341e-02
1.254122530047351081e+00 -8.019873313559292005e-02 -3.742390158590890720e-02 3.624960945934785350e-02 8.227921606824892264e-02
1.257265694283058677e+00 -8.024701340038802033e-02 -3.736286959996403673e-02 3.619037095469729293e-02 8.232746287806609609e-02
1.260408858518766495e+00 -8.029526663896643934e-02 -3.730183084078218803e-02 3.613112654008861918e-02 8.237567755470912023e-02
1.263552022754474091e+00 -8.034349279217763151e-02 -3.724078532255045010e-02 3.607187622779461228e-02 8.242386002466545181e-02
1.266695186990181687e+00 -8.039169180068912735e-02 -3.717973305943947371e-02 3.601262003007432710e-02 8.247201021418365530e-02
1.269838351225889284e+00 -8.043986360498567301e-02 -3.711867406560349220e-02 3.595335795917317667e-02 8.252012804927225109e-02
1.272981515461597102e+00 -8.048800814536857806e-02 -3.705760835518026597e-02 3.589409002732291826e-02 8.256821345569864690e-02
1.276124679697304698e+00 -8.053612536195482730e-02 -3.699653594229131148e-02 3.583481624674172972e-02 8.261626635898795812e-02
1.279267843933012294e+00 -8.058421519467610927e-02 -3.693545684104181104e-02 3.577553662963423031e-02 8.266428668442196703e-02
1.282411008168719890e+00 -8.063227758327830286e-02 -3.687437106552067523e-02 3.571625118819153621e-02 8.271227435703795705e-02
1.285554172404427486e+00 -8.068031246732033923e-02 -3.681327862980063315e-02 3.565695993459125357e-02 8.276022930162749147e-02
1.288697336640135305e+00 -8.072831978617374393e-02 -3.675217954793824626e-02 3.559766288099756870e-02 8.280815144273538653e-02
1.291840500875842901e+00 -8.077629947902136009e-02 -3.669107383397399169e-02 3.553836003956124812e-02 8.285604070465850401e-02
1.294983665111550497e+00 -8.082425148485686273e-02 -3.662996150193221362e-02 3.547905142241972176e-02 8.290389701144458556e-02
1.298126829347258093e+00 -8.087217574248377339e-02 -3.656884256582132453e-02 3.541973704169703446e-02 8.295172028689105914e-02
1.301269993582965911e+00 -8.092007219051457201e-02 -3.650771703963364562e-02 3.536041690950398469e-02 8.299951045454395659e-02
1.304413157818673508e+00 -8.096794076737001689e-02 -3.644658493734567739e-02 3.530109103793809683e-02 8.304726743769663688e-02
1.307556322054381104e+00 -8.101578141127808996e-02 -3.638544627291796785e-02 3.524175943908366276e-02 8.309499115938864811e-02
1.310699486290088700e+00 -8.106359406027321968e-02 -3.632430106029523736e-02 3.518242212501181132e-02 8.314268154240449238e-02
1.313842650525796518e+00 -8.111137865219546217e-02 -3.626314931340639952e-02 3.512307910778049436e-02 8.319033850927248785e-02
1.316985814761504114e+00 -8.115913512468954372e-02 -3.620199104616461661e-02 3.506373039943458392e-02 8.323796198226350584e-02
1.320128978997211711e+00 -8.120686341520401419e-02 -3.614082627246736901e-02 3.500437601200586529e-02 8.328555188338973569e-02
1.323272143232919307e+00 -8.125456346099044214e-02 -3.607965500619644134e-02 3.494501595751309253e-02 8.333310813440353293e-02
1.326415307468626903e+00 -8.130223519910237395e-02 -3.601847726121797794e-02 3.488565024796199537e-02 8.338063065679612862e-02
1.329558471704334721e+00 -8.134987856639455672e-02 -3.595729305138259391e-02 3.482627889534534171e-02 8.342811937179642201e-02
1.332701635940042317e+00 -8.139749349952209168e-02 -3.589610239052535429e-02 3.476690191164299309e-02 8.347557420036968989e-02
1.335844800175749914e+00 -8.144507993493933784e-02 -3.583490529246582262e-02 3.470751930882190472e-02 8.352299506321640699e-02
1.338987964411457510e+00 -8.149263780889919040e-02 -3.577370177100813731e-02 3.464813109883617404e-02 8.357038188077087204e-02
1.342131128647165328e+00 -8.154016705745209537e-02 -3.571249183994100462e-02 3.458873729362706845e-02 8.361773457320008374e-02
1.345274292882872924e+00 -8.158766761644506427e-02 -3.565127551303779591e-02 3.452933790512306700e-02 8.366505306040229739e-02
1.348417457118580520e+00 -8.163513942152096636e-02 -3.559005280405658916e-02 3.446993294523991586e-02 8.371233726200592862e-02
1.351560621354288116e+00 -8.168258240811732129e-02 -3.552882372674012745e-02 3.441052242588062832e-02 8.375958709736805452e-02
1.354703785589995713e+00 -8.172999651146556355e-02 -3.546758829481597847e-02 3.435110635893554726e-02 8.380680248557327572e-02
1.357846949825703531e+00 -8.177738166659002939e-02 -3.540634652199651372e-02 3.429168475628235901e-02 8.385398334543235632e-02
1.360990114061411127e+00 -8.182473780830706866e-02 -3.534509842197896407e-02 3.423225762978615583e-02 8.390112959548086391e-02
1.364133278297118723e+00 -8.187206487122394849e-02 -3.528384400844542662e-02 3.417282499129944973e-02 8.394824115397787889e-02
1.367276442532826319e+00 -8.191936278973811769e-02 -3.522258329506301050e-02 3.411338685266221415e-02 8.399531793890470388e-02
1.370419606768534138e+00 -8.196663149803604109e-02 -3.516131629548373966e-02 3.405394322570189786e-02 8.404235986796344815e-02
1.373562771004241734e+00 -8.201387093009238072e-02 -3.510004302334469167e-02 3.399449412223352202e-02 8.408936685857570925e-02
1.376705935239949330e+00 -8.206108101966891333e-02 -3.503876349226808795e-02 3.393503955405963862e-02 8.413633882788122687e-02
1.379849099475656926e+00 -8.210826170031364224e-02 -3.497747771586113413e-02 3.387557953297041374e-02 8.418327569273648114e-02
1.382992263711364744e+00 -8.215541290535979813e-02 -3.491618570771624908e-02 3.381611407074363446e-02 8.423017736971340208e-02
1.386135427947072341e+00 -8.220253456792472879e-02 -3.485488748141111343e-02 3.375664317914478518e-02 8.427704377509785683e-02
1.389278592182779937e+00 -8.224962662090908039e-02 -3.479358305050855860e-02 3.369716686992704074e-02 8.432387482488838681e-02
1.392421756418487533e+00 -8.229668899699572882e-02 -3.473227242855672636e-02 3.363768515483128718e-02 8.437067043479469508e-02
1.395564920654195129e+00 -8.234372162864868339e-02 -3.467095562908908968e-02 3.357819804558623278e-02 8.441743052023632787e-02
1.398708084889902947e+00 -8.239072444811228191e-02 -3.460963266562447349e-02 3.351870555390834561e-02 8.446415499634123136e-02
1.401851249125610543e+00 -8.243769738740987230e-02 -3.454830355166716577e-02 3.345920769150199231e-02 8.451084377794426672e-02
1.404994413361318140e+00 -8.248464037834307705e-02 -3.448696830070680647e-02 3.339970447005934095e-02 8.455749677958586397e-02
1.408137577597025736e+00 -8.253155335249064140e-02 -3.442562692621860959e-02 3.334019590126052757e-02 8.460411391551050930e-02
1.411280741832733554e+00 -8.257843624120736470e-02 -3.436427944166328685e-02 3.328068199677360756e-02 8.465069509966532957e-02
1.414423906068441150e+00 -8.262528897562308738e-02 -3.430292586048710318e-02 3.322116276825463899e-02 8.469724024569862120e-02
1.417567070304148746e+00 -8.267211148664165010e-02 -3.424156619612198083e-02 3.316163822734764094e-02 8.474374926695835142e-02
1.420710234539856343e+00 -8.271890370493983902e-02 -3.418020046198547157e-02 3.310210838568471148e-02 8.479022207649072884e-02
1.423853398775564161e+00 -8.276566556096633109e-02 -3.411882867148082615e-02 3.304257325488604152e-02 8.483665858703866303e-02
1.426996563011271757e+00 -8.281239698494059776e-02 -3.405745083799704975e-02 3.298303284655990097e-02 8.488305871104030731e-02
1.430139727246979353e+00 -8.285909790685183629e-02 -3.399606697490888119e-02 3.292348717230272198e-02 8.492942236062749062e-02
1.433282891482686949e+00 -8.290576825645791514e-02 -3.393467709557691780e-02 3.286393624369910588e-02 8.497574944762427418e-02
1.436426055718394545e+00 -8.295240796328426369e-02 -3.387328121334762243e-02 3.280438007232188563e-02 8.502203988354539721e-02
1.439569219954102364e+00 -8.299901695662281753e-02 -3.381187934155330949e-02 3.274481866973211197e-02 8.506829357959465321e-02
1.442712384189809960e+00 -8.304559516553082499e-02 -3.375047149351226988e-02 3.268525204747913665e-02 8.511451044666350219e-02
1.445855548425517556e+00 -8.309214251882983404e-02 -3.368905768252878491e-02 3.262568021710063326e-02 8.516069039532937757e-02
1.448998712661225152e+00 -8.313865894510451271e-02 -3.362763792189311235e-02 3.256610319012256255e-02 8.520683333585417352e-02
1.452141876896932970e+00 -8.318514437270166373e-02 -3.356621222488161138e-02 3.250652097805933199e-02 8.525293917818267675e-02
1.455285041132640567e+00 -8.323159872972885065e-02 -3.350478060475671482e-02 3.244693359241371949e-02 8.529900783194092895e-02
1.458428205368348163e+00 -8.327802194405350966e-02 -3.344334307476703322e-02 3.238734104467696356e-02 8.534503920643472796e-02
1.461571369604055759e+00 -8.332441394330167284e-02 -3.338189964814727850e-02 3.232774334632877028e-02 8.539103321064789309e-02
1.464714533839763355e+00 -8.337077465485683014e-02 -3.332045033811849299e-02 3.226814050883734103e-02 8.543698975324073852e-02
1.467857698075471173e+00 -8.341710400585887475e-02 -3.325899515788786204e-02 3.220853254365944190e-02 8.548290874254840799e-02
1.471000862311178770e+00 -8.346340192320277074e-02 -3.319753412064897075e-02 3.214891946224041758e-02 8.552879008657925108e-02
1.474144026546886366e+00 -8.350966833353752616e-02 -3.313606723958166522e-02 3.208930127601418436e-02 8.557463369301317180e-02
1.477287190782593962e+00 -8.355590316326499956e-02 -3.307459452785221216e-02 3.202967799640332042e-02 8.562043946919993542e-02
1.480430355018301780e+00 -8.360210633853862316e-02 -3.301311599861327800e-02 3.197004963481907269e-02 8.566620732215754486e-02
1.483573519254009376e+00 -8.364827778526230662e-02 -3.295163166500399837e-02 3.191041620266139855e-02 8.571193715857054751e-02
1.486716683489716972e+00 -8.369441742908924342e-02 -3.289014154015000579e-02 3.185077771131897967e-02 8.575762888478830059e-02
1.489859847725424569e+00 -8.374052519542063422e-02 -3.282864563716342277e-02 3.179113417216924281e-02 8.580328240682334739e-02
1.493003011961132387e+00 -8.378660100940450717e-02 -3.276714396914299360e-02 3.173148559657846396e-02 8.584889763034962706e-02
1.496146176196839983e+00 -8.383264479593451057e-02 -3.270563654917404972e-02 3.167183199590171278e-02 8.589447446070075376e-02
1.499289340432547579e+00 -8.387865647964870552e-02 -3.264412339032859989e-02 3.161217338148292894e-02 8.594001280286837907e-02
1.502432504668255175e+00 -8.392463598492827526e-02 -3.258260450566528854e-02 3.155250976465494989e-02 8.598551256150029076e-02
1.505575668903962772e+00 -8.397058323589630391e-02 -3.252107990822953459e-02 3.149284115673954554e-02 8.603097364089876131e-02
1.508718833139670590e+00 -8.401649815641659691e-02 -3.245954961105353143e-02 3.143316756904739745e-02 8.607639594501875768e-02
1.511861997375378186e+00 -8.406238067009226544e-02 -3.239801362715619831e-02 3.137348901287827230e-02 8.612177937746613721e-02
1.515005161611085782e+00 -8.410823070026463011e-02 -3.233647196954336778e-02 3.131380549952086229e-02 8.616712384149585735e-02
1.518148325846793378e+00 -8.415404817001184701e-02 -3.227492465120777865e-02 3.125411704025295168e-02 8.621242924001018548e-02
1.521291490082501197e+00 -8.419983300214767263e-02 -3.221337168512896504e-02 3.119442364634141332e-02 8.625769547555685313e-02
1.524434654318208793e+00 -8.424558511922011772e-02 -3.215181308427354778e-02 3.113472532904222254e-02 8.630292245032726572e-02
1.527577818553916389e+00 -8.429130444351022600e-02 -3.209024886159508178e-02 3.107502209960050568e-02 8.634811006615462914e-02
1.530720982789623985e+00 -8.433699089703071416e-02 -3.202867903003412536e-02 3.101531396925056444e-02 8.639325822451209003e-02
1.533864147025331803e+00 -8.438264440152466739e-02 -3.196710360251837912e-02 3.095560094921589664e-02 8.643836682651090397e-02
1.537007311261039399e+00 -8.442826487846423478e-02 -3.190552259196258872e-02 3.089588305070926216e-02 8.648343577289852036e-02
1.540150475496746996e+00 -8.447385224904931100e-02 -3.184393601126866979e-02 3.083616028493268296e-02 8.652846496405672272e-02
1.543293639732454592e+00 -8.451940643420612076e-02 -3.178234387332571492e-02 3.077643266307746733e-02 8.657345429999969977e-02
1.546436803968162188e+00 -8.456492735458598364e-02 -3.172074619101002829e-02 3.071670019632426196e-02 8.661840368037213023e-02
1.549579968203870006e+00 -8.461041493056388474e-02 -3.165914297718520204e-02 3.065696289584308662e-02 8.666331300444726771e-02
1.552723132439577602e+00 -8.465586908223711460e-02 -3.159753424470207461e-02 3.059722077279334110e-02 8.670818217112501169e-02
1.555866296675285199e+00 -8.470128972942393697e-02 -3.153592000639884874e-02 3.053747383832385379e-02 8.675301107892989527e-02
1.559009460910992795e+00 -8.474667679166218714e-02 -3.147430027510107753e-02 3.047772210357291289e-02 8.679779962600918386e-02
1.562152625146700613e+00 -8.479203018820784254e-02 -3.141267506362172696e-02 3.041796557966826992e-02 8.684254771013084906e-02
1.565295789382408209e+00 -8.483734983803369045e-02 -3.135104438476119665e-02 3.035820427772720903e-02 8.688725522868158413e-02
1.568438953618115805e+00 -8.488263565982785697e-02 -3.128940825130741704e-02 3.029843820885656097e-02 8.693192207866483334e-02
1.571582117853823402e+00 -8.492788757199248861e-02 -3.122776667603571407e-02 3.023866738415270650e-02 8.697654815669869643e-02
1.574725282089530998e+00 -8.497310549264221191e-02 -3.116611967170908326e-02 3.017889181470167700e-02 8.702113335901395796e-02
1.577868446325238816e+00 -8.501828933960277335e-02 -3.110446725107803359e-02 3.011911151157909555e-02 8.706567758145203340e-02
1.581011610560946412e+00 -8.506343903040954058e-02 -3.104280942688074710e-02 3.005932648585026706e-02 8.711018071946283192e-02
1.584154774796654008e+00 -8.510855448230610076e-02 -3.098114621184303377e-02 2.999953674857019567e-02 8.715464266810278582e-02
1.587297939032361604e+00 -8.515363561224281730e-02 -3.091947761867842176e-02 2.993974231078359513e-02 8.719906332203271326e-02
1.590441103268069423e+00 -8.519868233687528936e-02 -3.085780366008814349e-02 2.987994318352496168e-02 8.724344257551566728e-02
1.593584267503777019e+00 -8.524369457256288085e-02 -3.079612434876124669e-02 2.982013937781854973e-02 8.728778032241488183e-02
1.596727431739484615e+00 -8.528867223536726327e-02 -3.073443969737452847e-02 2.976033090467844131e-02 8.733207645619163462e-02
1.599870595975192211e+00 -8.533361524105097240e-02 -3.067274971859267410e-02 2.970051777510855640e-02 8.737633086990305442e-02
1.603013760210900029e+00 -8.537852350507574295e-02 -3.061105442506820845e-02 2.964070000010269462e-02 8.742054345619999778e-02
1.606156924446607626e+00 -8.542339694260112082e-02 -3.054935382944157923e-02 2.958087759064455258e-02 8.746471410732484242e-02
1.609300088682315222e+00 -8.546823546848289488e-02 -3.048764794434122988e-02 2.952105055770776545e-02 8.750884271510932233e-02
1.612443252918022818e+00 -8.551303899727155655e-02 -3.042593678238352667e-02 2.946121891225593134e-02 8.755292917097230732e-02
1.615586417153730414e+00 -8.555780744321071773e-02 -3.036422035617283854e-02 2.940138266524262856e-02 8.759697336591755479e-02
1.618729581389438232e+00 -8.560254072023562588e-02 -3.030249867830167587e-02 2.934154182761145729e-02 8.764097519053154484e-02
1.621872745625145829e+00 -8.564723874197156805e-02 -3.024077176135057596e-02 2.928169641029609513e-02 8.768493453498113488e-02
1.625015909860853425e+00 -8.569190142173219171e-02 -3.017903961788820713e-02 2.922184642422025191e-02 8.772885128901133922e-02
1.628159074096561021e+00 -8.573652867251811693e-02 -3.011730226047139997e-02 2.916199188029778427e-02 8.777272534194306697e-02
1.631302238332268839e+00 -8.578112040701513230e-02 -3.005555970164520627e-02 2.910213278943266438e-02 8.781655658267077669e-02
1.634445402567976435e+00 -8.582567653759273774e-02 -2.999381195394286784e-02 2.904226916251904239e-02 8.786034489966017269e-02
1.637588566803684031e+00 -8.587019697630239590e-02 -2.993205902988592751e-02 2.898240101044125341e-02 8.790409018094588744e-02
1.640731731039391628e+00 -8.591468163487603338e-02 -2.987030094198421526e-02 2.892252834407386605e-02 8.794779231412909459e-02
1.643874895275099446e+00 -8.595913042472427823e-02 -2.980853770273589332e-02 2.886265117428169630e-02 8.799145118637521912e-02
1.647018059510807042e+00 -8.600354325693487789e-02 -2.974676932462748738e-02 2.880276951191983875e-02 8.803506668441146710e-02
1.650161223746514638e+00 -8.604792004227104774e-02 -2.968499582013394908e-02 2.874288336783369091e-02 8.807863869452448036e-02
1.653304387982222234e+00 -8.609226069116970859e-02 -2.962321720171865944e-02 2.868299275285901909e-02 8.812216710255793561e-02
1.656447552217929831e+00 -8.613656511373993241e-02 -2.956143348183347397e-02 2.862309767782190983e-02 8.816565179391003260e-02
1.659590716453637649e+00 -8.618083321976109656e-02 -2.949964467291874351e-02 2.856319815353888791e-02 8.820909265353113482e-02
1.662733880689345245e+00 -8.622506491868132950e-02 -2.943785078740337319e-02 2.850329419081687465e-02 8.825248956592127159e-02
1.665877044925052841e+00 -8.626926011961563723e-02 -2.937605183770486059e-02 2.844338580045325041e-02 8.829584241512762610e-02
1.669020209160760437e+00 -8.631341873134430742e-02 -2.931424783622928881e-02 2.838347299323588577e-02 8.833915108474207911e-02
1.672163373396468256e+00 -8.635754066231110526e-02 -2.925243879537138547e-02 2.832355577994314505e-02 8.838241545789866926e-02
1.675306537632175852e+00 -8.640162582062148322e-02 -2.919062472751459553e-02 2.826363417134394526e-02 8.842563541727102572e-02
1.678449701867883448e+00 -8.644567411404091573e-02 -2.912880564503103620e-02 2.820370817819775264e-02 8.846881084506988402e-02
1.681592866103591044e+00 -8.648968544999301178e-02 -2.906698156028157676e-02 2.814377781125462774e-02 8.851194162304044932e-02
1.684736030339298640e+00 -8.653365973555780799e-02 -2.900515248561591833e-02 2.808384308125526363e-02 8.855502763245984288e-02
1.687879194575006458e+00 -8.657759687746993671e-02 -2.894331843337248633e-02 2.802390399893097198e-02 8.859806875413449301e-02
1.691022358810714055e+00 -8.662149678211682191e-02 -2.888147941587864559e-02 2.796396057500380103e-02 8.864106486839742893e-02
1.694165523046421651e+00 -8.666535935553680570e-02 -2.881963544545060318e-02 2.790401282018644888e-02 8.868401585510578278e-02
1.697308687282129247e+00 -8.670918450341741357e-02 -2.875778653439344662e-02 2.784406074518235713e-02 8.872692159363798625e-02
1.700451851517837065e+00 -8.675297213109338379e-02 -2.869593269500129301e-02 2.778410436068573172e-02 8.876978196289116163e-02
1.703595015753544661e+00 -8.679672214354490489e-02 -2.863407393955715724e-02 2.772414367738157415e-02 8.881259684127840170e-02
1.706738179989252258e+00 -8.684043444539570056e-02 -2.857221028033316707e-02 2.766417870594570574e-02 8.885536610672600810e-02
1.709881344224959854e+00 -8.688410894091111447e-02 -2.851034172959040006e-02 2.760420945704476423e-02 8.889808963667082675e-02
1.713024508460667672e+00 -8.692774553399627846e-02 -2.844846829957908135e-02 2.754423594133627307e-02 8.894076730805740294e-02
1.716167672696375268e+00 -8.697134412819411409e-02 -2.838659000253853162e-02 2.748425816946864844e-02 8.898339899733523350e-02
1.719310836932082864e+00 -8.701490462668345915e-02 -2.832470685069721564e-02 2.742427615208125474e-02 8.902598458045601904e-02
1.722454001167790461e+00 -8.705842693227716644e-02 -2.826281885627279084e-02 2.736428989980436641e-02 8.906852393287070790e-02
1.725597165403498057e+00 -8.710191094742006368e-02 -2.820092603147213509e-02 2.730429942325927201e-02 8.911101692952680398e-02
1.728740329639205875e+00 -8.714535657418706616e-02 -2.813902838849134322e-02 2.724430473305824302e-02 8.915346344486538288e-02
1.731883493874913471e+00 -8.718876371428110894e-02 -2.807712593951583110e-02 2.718430583980461362e-02 8.919586335281826095e-02
1.735026658110621067e+00 -8.723213226903125950e-02 -2.801521869672033219e-02 2.712430275409274255e-02 8.923821652680510863e-02
1.738169822346328663e+00 -8.727546213939062214e-02 -2.795330667226885238e-02 2.706429548650811714e-02 8.928052283973049452e-02
1.741312986582036482e+00 -8.731875322593439515e-02 -2.789138987831483660e-02 2.700428404762729787e-02 8.932278216398091553e-02
1.744456150817744078e+00 -8.736200542885776132e-02 -2.782946832700117223e-02 2.694426844801801890e-02 8.936499437142185476e-02
1.747599315053451674e+00 -8.740521864797390350e-02 -2.776754203046011976e-02 2.688424869823916041e-02 8.940715933339481170e-02
1.750742479289159270e+00 -8.744839278271188121e-02 -2.770561100081344805e-02 2.682422480884081792e-02 8.944927692071422132e-02
1.753885643524867088e+00 -8.749152773211463230e-02 -2.764367525017242741e-02 2.676419679036428842e-02 8.949134700366452588e-02
1.757028807760574685e+00 -8.753462339483680799e-02 -2.758173479063788514e-02 2.670416465334214673e-02 8.953336945199695529e-02
1.760171971996282281e+00 -8.757767966914271895e-02 -2.751978963430020894e-02 2.664412840829821078e-02 8.957534413492662662e-02
1.763315136231989877e+00 -8.762069645290417041e-02 -2.745783979323937821e-02 2.658408806574762834e-02 8.961727092112931059e-02
1.766458300467697473e+00 -8.766367364359839431e-02 -2.739588527952504030e-02 2.652404363619683889e-02 8.965914967873835073e-02
1.769601464703405291e+00 -8.770661113830581501e-02 -2.733392610521650709e-02 2.646399513014368113e-02 8.970098027534151308e-02
1.772744628939112888e+00 -8.774950883370793986e-02 -2.727196228236274458e-02 2.640394255807734791e-02 8.974276257797782208e-02
1.775887793174820484e+00 -8.779236662608519426e-02 -2.720999382300252553e-02 2.634388593047845908e-02 8.978449645313434091e-02
1.779030957410528080e+00 -8.783518441131468735e-02 -2.714802073916431496e-02 2.628382525781904414e-02 8.982618176674296573e-02
1.782174121646235898e+00 -8.787796208486803318e-02 -2.708604304286640896e-02 2.622376055056260466e-02 8.986781838417717827e-02
1.785317285881943494e+00 -8.792069954180904701e-02 -2.702406074611695200e-02 2.616369181916414557e-02 8.990940617024875681e-02
1.788460450117651090e+00 -8.796339667679166363e-02 -2.696207386091391267e-02 2.610361907407016124e-02 8.995094498920452875e-02
1.791603614353358687e+00 -8.800605338405749489e-02 -2.690008239924518429e-02 2.604354232571868752e-02 8.999243470472298445e-02
1.794746778589066283e+00 -8.804866955743374801e-02 -2.683808637308853634e-02 2.598346158453934338e-02 9.003387517991104372e-02
1.797889942824774101e+00 -8.809124509033072759e-02 -2.677608579441171158e-02 2.592337686095332744e-02 9.007526627730055857e-02
1.801033107060481697e+00 -8.813377987573968453e-02 -2.671408067517248505e-02 2.586328816537344574e-02 9.011660785884496871e-02
1.804176271296189293e+00 -8.817627380623047073e-02 -2.665207102731860164e-02 2.580319550820416724e-02 9.015789978591594311e-02
1.807319435531896890e+00 -8.821872677394919371e-02 -2.659005686278783157e-02 2.574309889984162381e-02 9.019914191929985503e-02
1.810462599767604708e+00 -8.826113867061578799e-02 -2.652803819350806405e-02 2.568299835067362064e-02 9.024033411919432646e-02
1.813605764003312304e+00 -8.830350938752175305e-02 -2.646601503139731429e-02 2.562289387107972646e-02 9.028147624520475867e-02
1.816748928239019900e+00 -8.834583881552766915e-02 -2.640398738836367831e-02 2.556278547143121804e-02 9.032256815634077951e-02
1.819892092474727496e+00 -8.838812684506094919e-02 -2.634195527630549261e-02 2.550267316209115995e-02 9.036360971101274620e-02
1.823035256710435315e+00 -8.843037336611320187e-02 -2.627991870711124042e-02 2.544255695341440804e-02 9.040460076702808156e-02
1.826178420946142911e+00 -8.847257826823792803e-02 -2.621787769265966975e-02 2.538243685574765804e-02 9.044554118158769362e-02
1.829321585181850507e+00 -8.851474144054806426e-02 -2.615583224481980024e-02 2.532231287942943859e-02 9.048643081128243670e-02
1.832464749417558103e+00 -8.855686277171352649e-02 -2.609378237545088158e-02 2.526218503479015290e-02 9.052726951208930894e-02
1.835607913653265699e+00 -8.859894214995853168e-02 -2.603172809640260515e-02 2.520205333215212035e-02 9.056805713936785796e-02
1.838751077888973517e+00 -8.864097946305933562e-02 -2.596966941951491317e-02 2.514191778182953835e-02 9.060879354785640605e-02
1.841894242124681114e+00 -8.868297459834162400e-02 -2.590760635661819300e-02 2.508177839412863153e-02 9.064947859166837263e-02
1.845037406360388710e+00 -8.872492744267787557e-02 -2.584553891953323898e-02 2.502163517934754416e-02 9.069011212428843005e-02
1.848180570596096306e+00 -8.876683788248487805e-02 -2.578346712007127325e-02 2.496148814777642694e-02 9.073069399856874273e-02
1.851323734831804124e+00 -8.880870580372113299e-02 -2.572139097003401167e-02 2.490133730969747508e-02 9.077122406672510913e-02
1.854466899067511720e+00 -8.885053109188430220e-02 -2.565931048121367075e-02 2.484118267538491451e-02 9.081170218033311758e-02
1.857610063303219317e+00 -8.889231363200844616e-02 -2.559722566539303704e-02 2.478102425510507814e-02 9.085212819032423281e-02
1.860753227538926913e+00 -8.893405330866153979e-02 -2.553513653434544631e-02 2.472086205911636081e-02 9.089250194698188234e-02
1.863896391774634731e+00 -8.897575000594275252e-02 -2.547304309983479398e-02 2.466069609766931986e-02 9.093282329993751523e-02
1.867039556010342327e+00 -8.901740360747971426e-02 -2.541094537361567735e-02 2.460052638100664046e-02 9.097309209816659137e-02
1.870182720246049923e+00 -8.905901399642590643e-02 -2.534884336743330885e-02 2.454035291936319460e-02 9.101330818998458472e-02
1.873325884481757519e+00 -8.910058105545791418e-02 -2.528673709302356465e-02 2.448017572296605146e-02 9.105347142304293095e-02
1.876469048717465116e+00 -8.914210466677263689e-02 -2.522462656211314422e-02 2.441999480203451214e-02 9.109358164432493354e-02
1.879612212953172934e+00 -8.918358471208466531e-02 -2.516251178641937258e-02 2.435981016678012701e-02 9.113363870014165591e-02
1.882755377188880530e+00 -8.922502107262325621e-02 -2.510039277765042931e-02 2.429962182740670606e-02 9.117364243612782748e-02
1.885898541424588126e+00 -8.926641362912988986e-02 -2.503826954750526523e-02 2.423942979411038492e-02 9.121359269723758323e-02
1.889041705660295722e+00 -8.930776226185507816e-02 -2.497614210767371348e-02 2.417923407707960395e-02 9.125348932774030031e-02
1.892184869896003541e+00 -8.934906685055582498e-02 -2.491401046983643050e-02 2.411903468649517768e-02 9.129333217121637922e-02
1.895328034131711137e+00 -8.939032727449248983e-02 -2.485187464566498625e-02 2.405883163253026355e-02 9.133312107055288620e-02
1.898471198367418733e+00 -8.943154341242624816e-02 -2.478973464682187808e-02 2.399862492535043829e-02 9.137285586793933434e-02
1.901614362603126329e+00 -8.947271514261584402e-02 -2.472759048496058626e-02 2.393841457511368745e-02 9.141253640486328436e-02
1.904757526838833925e+00 -8.951384234281485608e-02 -2.466544217172550110e-02 2.387820059197045056e-02 9.145216252210598695e-02
1.907900691074541744e+00 -8.955492489026871394e-02 -2.460328971875212767e-02 2.381798298606366618e-02 9.149173405973794193e-02
1.911043855310249340e+00 -8.959596266171170054e-02 -2.454113313766696086e-02 2.375776176752872684e-02 9.153125085711447118e-02
1.914187019545956936e+00 -8.963695553336403776e-02 -2.447897244008755829e-02 2.369753694649356576e-02 9.157071275287125001e-02
1.917330183781664532e+00 -8.967790338092877789e-02 -2.441680763762261314e-02 2.363730853307863256e-02 9.161011958491971363e-02
1.920473348017372350e+00 -8.971880607958881981e-02 -2.435463874187190556e-02 2.357707653739700773e-02 9.164947119044258850e-02
1.923616512253079947e+00 -8.975966350400380045e-02 -2.429246576442645536e-02 2.351684096955430556e-02 9.168876740588924323e-02
1.926759676488787543e+00 -8.980047552830709712e-02 -2.423028871686837976e-02 2.345660183964879547e-02 9.172800806697106735e-02
1.929902840724495139e+00 -8.984124202610267729e-02 -2.416810761077107725e-02 2.339635915777136047e-02 9.176719300865682216e-02
1.933046004960202957e+00 -8.988196287046194832e-02 -2.410592245769918596e-02 2.333611293400554912e-02 9.180632206516788074e-02
1.936189169195910553e+00 -8.992263793392057947e-02 -2.404373326920860449e-02 2.327586317842763805e-02 9.184539506997355107e-02
1.939332333431618149e+00 -8.996326708847544873e-02 -2.398154005684654394e-02 2.321560990110655559e-02 9.188441185578621884e-02
1.942475497667325746e+00 -9.000385020558135385e-02 -2.391934283215153834e-02 2.315535311210403444e-02 9.192337225455662897e-02
1.945618661903033342e+00 -9.004438715614769551e-02 -2.385714160665352093e-02 2.309509282147450410e-02 9.196227609746887577e-02
1.948761826138741160e+00 -9.008487781053549359e-02 -2.379493639187375831e-02 2.303482903926522621e-02 9.200112321493565670e-02
1.951904990374448756e+00 -9.012532203855379287e-02 -2.373272719932499261e-02 2.297456177551624942e-02 9.203991343659320701e-02
1.955048154610156352e+00 -9.016571970945662373e-02 -2.367051404051141381e-02 2.291429104026046493e-02 9.207864659129640084e-02
1.958191318845863949e+00 -9.020607069193953276e-02 -2.360829692692862844e-02 2.285401684352359603e-02 9.211732250711364423e-02
1.961334483081571767e+00 -9.024637485413625204e-02 -2.354607587006380537e-02 2.279373919532427448e-02 9.215594101132193461e-02
1.964477647317279363e+00 -9.028663206361538240e-02 -2.348385088139564453e-02 2.273345810567402661e-02 9.219450193040158725e-02
1.967620811552986959e+00 -9.032684218737691006e-02 -2.342162197239438040e-02 2.267317358457729415e-02 9.223300509003126701e-02
1.970763975788694555e+00 -9.036700509184890373e-02 -2.335938915452185835e-02 2.261288564203147930e-02 9.227145031508261763e-02
1.973907140024402374e+00 -9.040712064288389249e-02 -2.329715243923155543e-02 2.255259428802694477e-02 9.230983742961519634e-02
1.977050304260109970e+00 -9.044718870575550740e-02 -2.323491183796852488e-02 2.249229953254707273e-02 9.234816625687106151e-02
1.980193468495817566e+00 -9.048720914515491487e-02 -2.317266736216960082e-02 2.243200138556825443e-02 9.238643661926952688e-02
1.983336632731525162e+00 -9.052718182518737500e-02 -2.311041902326325601e-02 2.237169985705992833e-02 9.242464833840177696e-02
1.986479796967232758e+00 -9.056710660936849455e-02 -2.304816683266968855e-02 2.231139495698455585e-02 9.246280123502541304e-02
1.989622961202940576e+00 -9.060698336062085467e-02 -2.298591080180087745e-02 2.225108669529777053e-02 9.250089512905906863e-02
1.992766125438648173e+00 -9.064681194127022223e-02 -2.292365094206061729e-02 2.219077508194827394e-02 9.253892983957688612e-02
1.995909289674355769e+00 -9.068659221304195550e-02 -2.286138726484444536e-02 2.213046012687789818e-02 9.257690518480292396e-02
1.999052453910063365e+00 -9.072632403705739590e-02 -2.279911978153979779e-02 2.207014184002164051e-02 9.261482098210557790e-02
2.002195618145770961e+00 -9.076600727383010714e-02 -2.273684850352596445e-02 2.200982023130767726e-02 9.265267704799200199e-02
2.005338782381478779e+00 -9.080564178326208657e-02 -2.267457344217413753e-02 2.194949531065741588e-02 9.269047319810232166e-02
2.008481946617186598e+00 -9.084522742464012923e-02 -2.261229460884743581e-02 2.188916708798546717e-02 9.272820924720397151e-02
2.011625110852893972e+00 -9.088476405663187263e-02 -2.255001201490093241e-02 2.182883557319971121e-02 9.276588500918586666e-02
2.014768275088601790e+00 -9.092425153728216081e-02 -2.248772567168165482e-02 2.176850077620128346e-02 9.280350029705258796e-02
2.017911439324309164e+00 -9.096368972400903363e-02 -2.242543559052867855e-02 2.170816270688462682e-02 9.284105492291845618e-02
2.021054603560016982e+00 -9.100307847359999369e-02 -2.236314178277312367e-02 2.164782137513750898e-02 9.287854869800166169e-02
2.024197767795724801e+00 -9.104241764220791233e-02 -2.230084425973807155e-02 2.158747679084103976e-02 9.291598143261825538e-02
2.027340932031432175e+00 -9.108170708534722715e-02 -2.223854303273887015e-02 2.152712896386970928e-02 9.295335293617602856e-02
2.030484096267139993e+00 -9.112094665788991743e-02 -2.217623811308283219e-02 2.146677790409135325e-02 9.299066301716858718e-02
2.033627260502847367e+00 -9.116013621406147960e-02 -2.211392951206947802e-02 2.140642362136727095e-02 9.302791148316903735e-02
2.036770424738555185e+00 -9.119927560743694428e-02 -2.205161724099049050e-02 2.134606612555215235e-02 9.306509814082390697e-02
2.039913588974263003e+00 -9.123836469093671298e-02 -2.198930131112977748e-02 2.128570542649416836e-02 9.310222279584681737e-02
2.043056753209970378e+00 -9.127740331682256125e-02 -2.192698173376344747e-02 2.122534153403499851e-02 9.313928525301229389e-02
2.046199917445678196e+00 -9.131639133669337827e-02 -2.186465852015985131e-02 2.116497445800974084e-02 9.317628531614929877e-02
2.049343081681385570e+00 -9.135532860148115608e-02 -2.180233168157966195e-02 2.110460420824713038e-02 9.321322278813481965e-02
2.052486245917093388e+00 -9.139421496144656265e-02 -2.174000122927582240e-02 2.104423079456932758e-02 9.325009747088751355e-02
2.055629410152801206e+00 -9.143305026617498665e-02 -2.167766717449362904e-02 2.098385422679216461e-02 9.328690916536105937e-02
2.058772574388508581e+00 -9.147183436457198558e-02 -2.161532952847075584e-02 2.092347451472502048e-02 9.332365767153763536e-02
2.061915738624216399e+00 -9.151056710485913626e-02 -2.155298830243721278e-02 2.086309166817088001e-02 9.336034278842128553e-02
2.065058902859924217e+00 -9.154924833456966338e-02 -2.149064350761549849e-02 2.080270569692639626e-02 9.339696431403120280e-02
2.068202067095631591e+00 -9.158787790054404021e-02 -2.142829515522052392e-02 2.074231661078185587e-02 9.343352204539495665e-02
2.071345231331339409e+00 -9.162645564892565875e-02 -2.136594325645960885e-02 2.068192441952123109e-02 9.347001577854177623e-02
2.074488395567046783e+00 -9.166498142515618064e-02 -2.130358782253269356e-02 2.062152913292221793e-02 9.350644530849550051e-02
2.077631559802754602e+00 -9.170345507397133222e-02 -2.124122886463210291e-02 2.056113076075622575e-02 9.354281042926781975e-02
2.080774724038462420e+00 -9.174187643939611669e-02 -2.117886639394283080e-02 2.050072931278838426e-02 9.357911093385118395e-02
2.083917888274169794e+00 -9.178024536474042872e-02 -2.111650042164237712e-02 2.044032479877763708e-02 9.361534661421173908e-02
2.087061052509877612e+00 -9.181856169259436373e-02 -2.105413095890085878e-02 2.037991722847672105e-02 9.365151726128227716e-02
2.090204216745584986e+00 -9.185682526482362442e-02 -2.099175801688103749e-02 2.031950661163213837e-02 9.368762266495496427e-02
2.093347380981292805e+00 -9.189503592256487163e-02 -2.092938160673829887e-02 2.025909295798426768e-02 9.372366261407413801e-02
2.096490545217000623e+00 -9.193319350622090880e-02 -2.086700173962074620e-02 2.019867627726733283e-02 9.375963689642903554e-02
2.099633709452707997e+00 -9.197129785545606062e-02 -2.080461842666919345e-02 2.013825657920946186e-02 9.379554529874629953e-02
2.102776873688415815e+00 -9.200934880919130199e-02 -2.074223167901712711e-02 2.007783387353265572e-02 9.383138760668263689e-02
2.105920037924123633e+00 -9.204734620559947011e-02 -2.067984150779087968e-02 2.001740816995284389e-02 9.386716360481729693e-02
2.109063202159831008e+00 -9.208528988210032407e-02 -2.061744792410949781e-02 1.995697947817992243e-02 9.390287307664441085e-02
2.112206366395538826e+00 -9.212317967535570140e-02 -2.055505093908488803e-02 1.989654780791771591e-02 9.393851580456545614e-02
2.115349530631246200e+00 -9.216101542126460544e-02 -2.049265056382176819e-02 1.983611316886409182e-02 9.397409156988142942e-02
2.118492694866954018e+00 -9.219879695495801497e-02 -2.043024680941775764e-02 1.977567557071088084e-02 9.400960015278518600e-02
2.121635859102661836e+00 -9.223652411079413804e-02 -2.036783968696331479e-02 1.971523502314399476e-02 9.404504133235343233e-02
2.124779023338369210e+00 -9.227419672235308290e-02 -2.030542920754187242e-02 1.965479153584333977e-02 9.408041488653894058e-02
2.127922187574077029e+00 -9.231181462243186198e-02 -2.024301538222973013e-02 1.959434511848295521e-02 9.411572059216245789e-02
2.131065351809784403e+00 -9.234937764303922936e-02 -2.018059822209626944e-02 1.953389578073095462e-02 9.415095822490465727e-02
2.134208516045492221e+00 -9.238688561539037947e-02 -2.011817773820373870e-02 1.947344353224954305e-02 9.418612755929799130e-02
2.137351680281200039e+00 -9.242433836990181228e-02 -2.005575394160751673e-02 1.941298838269513508e-02 9.422122836871849039e-02
2.140494844516907413e+00 -9.246173573618597652e-02 -1.999332684335596022e-02 1.935253034171826453e-02 9.425626042537739446e-02
2.143638008752615232e+00 -9.249907754304591279e-02 -1.993089645449053204e-02 1.929206941896362271e-02 9.429122350031292343e-02
2.146781172988323050e+00 -9.253636361846996616e-02 -1.986846278604575619e-02 1.923160562407016244e-02 9.432611736338161745e-02
2.149924337224030424e+00 -9.257359378962615182e-02 -1.980602584904933572e-02 1.917113896667104259e-02 9.436094178325001025e-02
2.153067501459738242e+00 -9.261076788285692307e-02 -1.974358565452206254e-02 1.911066945639366618e-02 9.439569652738590000e-02
2.156210665695445616e+00 -9.264788572367345376e-02 -1.968114221347797704e-02 1.905019710285969434e-02 9.443038136204968958e-02
2.159353829931153435e+00 -9.268494713675015650e-02 -1.961869553692425008e-02 1.898972191568510173e-02 9.446499605228565744e-02
2.162496994166861253e+00 -9.272195194591907608e-02 -1.955624563586128711e-02 1.892924390448015581e-02 9.449954036191302031e-02
2.165640158402568627e+00 -9.275889997416413013e-02 -1.949379252128281836e-02 1.886876307884950699e-02 9.453401405351707920e-02
2.168783322638276445e+00 -9.279579104361544706e-02 -1.943133620417573926e-02 1.880827944839207760e-02 9.456841688844018490e-02
2.171926486873983819e+00 -9.283262497554363446e-02 -1.936887669552032898e-02 1.874779302270123890e-02 9.460274862677264807e-02
2.175069651109691637e+00 -9.286940159035392273e-02 -1.930641400629017762e-02 1.868730381136472080e-02 9.463700902734346887e-02
2.178212815345399456e+00 -9.290612070758022534e-02 -1.924394814745220353e-02 1.862681182396467780e-02 9.467119784771120539e-02
2.181355979581106830e+00 -9.294278214587942122e-02 -1.918147912996675045e-02 1.856631707007771331e-02 9.470531484415445345e-02
2.184499143816814648e+00 -9.297938572302508198e-02 -1.911900696478749384e-02 1.850581955927489697e-02 9.473935977166260403e-02
2.187642308052522466e+00 -9.301593125590176814e-02 -1.905653166286160743e-02 1.844531930112177157e-02 9.477333238392604553e-02
2.190785472288229840e+00 -9.305241856049874249e-02 -1.899405323512970076e-02 1.838481630517837737e-02 9.480723243332676853e-02
2.193928636523937659e+00 -9.308884745190387777e-02 -1.893157169252582955e-02 1.832431058099925902e-02 9.484105967092854028e-02
2.197071800759645033e+00 -9.312521774429759203e-02 -1.886908704597757211e-02 1.826380213813357661e-02 9.487481384646706539e-02
2.200214964995352851e+00 -9.316152925094636772e-02 -1.880659930640605701e-02 1.820329098612496685e-02 9.490849470834013257e-02
2.203358129231060669e+00 -9.319778178419678427e-02 -1.874410848472593885e-02 1.814277713451171309e-02 9.494210200359762264e-02
2.206501293466768043e+00 -9.323397515546885672e-02 -1.868161459184548498e-02 1.808226059282668982e-02 9.497563547793134997e-02
2.209644457702475862e+00 -9.327010917524984623e-02 -1.861911763866654079e-02 1.802174137059738349e-02 9.500909487566494560e-02
2.212787621938183236e+00 -9.330618365308772366e-02 -1.855661763608456097e-02 1.796121947734596533e-02 9.504247993974350439e-02
2.215930786173891054e+00 -9.334219839758461923e-02 -1.849411459498867191e-02 1.790069492258922548e-02 9.507579041172323220e-02
2.219073950409598872e+00 -9.337815321639027222e-02 -1.843160852626171686e-02 1.784016771583871522e-02 9.510902603176091263e-02
2.222217114645306246e+00 -9.341404791619546677e-02 -1.836909944078018303e-02 1.777963786660061857e-02 9.514218653860334607e-02
2.225360278881014064e+00 -9.344988230272520402e-02 -1.830658734941432650e-02 1.771910538437589458e-02 9.517527166957666374e-02
2.228503443116721883e+00 -9.348565618073208239e-02 -1.824407226302814100e-02 1.765857027866027384e-02 9.520828116057551693e-02
2.231646607352429257e+00 -9.352136935398938644e-02 -1.818155419247940302e-02 1.759803255894421686e-02 9.524121474605214133e-02
2.234789771588137075e+00 -9.355702162528424515e-02 -1.811903314861967526e-02 1.753749223471297303e-02 9.527407215900537962e-02
2.237932935823844449e+00 -9.359261279641070685e-02 -1.805650914229437604e-02 1.747694931544668470e-02 9.530685313096957934e-02
2.241076100059552267e+00 -9.362814266816268938e-02 -1.799398218434271335e-02 1.741640381062020682e-02 9.533955739200329627e-02
2.244219264295260086e+00 -9.366361104032706886e-02 -1.793145228559785143e-02 1.735585572970336360e-02 9.537218467067799799e-02
2.247362428530967460e+00 -9.369901771167631066e-02 -1.786891945688683439e-02 1.729530508216079246e-02 9.540473469406665630e-02
2.250505592766675278e+00 -9.373436247996144721e-02 -1.780638370903056891e-02 1.723475187745204806e-02 9.543720718773210376e-02
2.253648757002382652e+00 -9.376964514190477828e-02 -1.774384505284399768e-02 1.717419612503158499e-02 9.546960187571537637e-02
2.256791921238090470e+00 -9.380486549319259904e-02 -1.768130349913596758e-02 1.711363783434880284e-02 9.550191848052397292e-02
2.259935085473798289e+00 -9.384002332846769212e-02 -1.761875905870937190e-02 1.705307701484807051e-02 9.553415672311989237e-02
2.263078249709505663e+00 -9.387511844132195860e-02 -1.755621174236109139e-02 1.699251367596872966e-02 9.556631632290757405e-02
2.266221413945213481e+00 -9.391015062428888227e-02 -1.749366156088207058e-02 1.693194782714510169e-02 9.559839699772185173e-02
2.269364578180920855e+00 -9.394511966883593856e-02 -1.743110852505733513e-02 1.687137947780654318e-02 9.563039846381556075e-02
2.272507742416628673e+00 -9.398002536535682294e-02 -1.736855264566597098e-02 1.681080863737746331e-02 9.566232043584724232e-02
2.275650906652336491e+00 -9.401486750316395691e-02 -1.730599393348121809e-02 1.675023531527726484e-02 9.569416262686857022e-02
2.278794070888043866e+00 -9.404964587048036950e-02 -1.724343239927046689e-02 1.668965952092054533e-02 9.572592474831170817e-02
2.281937235123751684e+00 -9.408436025443210615e-02 -1.718086805379519591e-02 1.662908126371687514e-02 9.575760650997656998e-02
2.285080399359459502e+00 -9.411901044104006853e-02 -1.711830090781117988e-02 1.656850055307102637e-02 9.578920762001784384e-02
2.288223563595166876e+00 -9.415359621521209033e-02 -1.705573097206838223e-02 1.650791739838290348e-02 9.582072778493208598e-02
2.291366727830874694e+00 -9.418811736073480489e-02 -1.699315825731094118e-02 1.644733180904751901e-02 9.585216670954438412e-02
2.294509892066582069e+00 -9.422257366026549896e-02 -1.693058277427733974e-02 1.638674379445512197e-02 9.588352409699522905e-02
2.297653056302289887e+00 -9.425696489532378597e-02 -1.686800453370027042e-02 1.632615336399112840e-02 9.591479964872698383e-02
2.300796220537997705e+00 -9.429129084628341817e-02 -1.680542354630681912e-02 1.626556052703619082e-02 9.594599306447029741e-02
2.303939384773705079e+00 -9.432555129236366853e-02 -1.674283982281834018e-02 1.620496529296619470e-02 9.597710404223044889e-02
2.307082549009412897e+00 -9.435974601162101794e-02 -1.668025337395059871e-02 1.614436767115225504e-02 9.600813227827348362e-02
2.310225713245120271e+00 -9.439387478094053707e-02 -1.661766421041370109e-02 1.608376767096083432e-02 9.603907746711214111e-02
2.313368877480828090e+00 -9.442793737602718507e-02 -1.655507234291218877e-02 1.602316530175362450e-02 9.606993930149185235e-02
2.316512041716535908e+00 -9.446193357139719138e-02 -1.649247778214501386e-02 1.596256057288769278e-02 9.610071747237633466e-02
2.319655205952243282e+00 -9.449586314036907686e-02 -1.642988053880559129e-02 1.590195349371541916e-02 9.613141166893321432e-02
2.322798370187951100e+00 -9.452972585505489689e-02 -1.636728062358181260e-02 1.584134407358451721e-02 9.616202157851942711e-02
2.325941534423658918e+00 -9.456352148635122079e-02 -1.630467804715608413e-02 1.578073232183812777e-02 9.619254688666646624e-02
2.329084698659366293e+00 -9.459724980393005578e-02 -1.624207282020531662e-02 1.572011824781477385e-02 9.622298727706550536e-02
2.332227862895074111e+00 -9.463091057622963209e-02 -1.617946495340098073e-02 1.565950186084835716e-02 9.625334243155239666e-02
2.335371027130781485e+00 -9.466450357044528530e-02 -1.611685445740911743e-02 1.559888317026826912e-02 9.628361203009239144e-02
2.338514191366489303e+00 -9.469802855252001939e-02 -1.605424134289035187e-02 1.553826218539936833e-02 9.631379575076480515e-02
2.341657355602197121e+00 -9.473148528713513927e-02 -1.599162562049994199e-02 1.547763891556190770e-02 9.634389326974750201e-02
2.344800519837904496e+00 -9.476487353770070288e-02 -1.592900730088779929e-02 1.541701337007174953e-02 9.637390426130119925e-02
2.347943684073612314e+00 -9.479819306634593157e-02 -1.586638639469848538e-02 1.535638555824015566e-02 9.640382839775364643e-02
2.351086848309319688e+00 -9.483144363390953735e-02 -1.580376291257125712e-02 1.529575548937404071e-02 9.643366534948345781e-02
2.354230012545027506e+00 -9.486462499992989739e-02 -1.574113686514006308e-02 1.523512317277577952e-02 9.646341478490416677e-02
2.357373176780735324e+00 -9.489773692263514526e-02 -1.567850826303362338e-02 1.517448861774335807e-02 9.649307637044761410e-02
2.360516341016442698e+00 -9.493077915893327612e-02 -1.561587711687541062e-02 1.511385183357038912e-02 9.652264977054754447e-02
2.363659505252150517e+00 -9.496375146440198811e-02 -1.555324343728362903e-02 1.505321282954603587e-02 9.655213464762284203e-02
2.366802669487858335e+00 -9.499665359327846836e-02 -1.549060723487138275e-02 1.499257161495515592e-02 9.658153066206064119e-02
2.369945833723565709e+00 -9.502948529844920666e-02 -1.542796852024653706e-02 1.493192819907823016e-02 9.661083747219922913e-02
2.373088997959273527e+00 -9.506224633143964264e-02 -1.536532730401180165e-02 1.487128259119139921e-02 9.664005473431085125e-02
2.376232162194980901e+00 -9.509493644240346599e-02 -1.530268359676481386e-02 1.481063480056652761e-02 9.666918210258412802e-02
2.379375326430688720e+00 -9.512755538011233303e-02 -1.524003740909806413e-02 1.474998483647117081e-02 9.669821922910652734e-02
2.382518490666396538e+00 -9.516010289194486160e-02 -1.517738875159901218e-02 1.468933270816860995e-02 9.672716576384650378e-02
2.385661654902103912e+00 -9.519257872387611175e-02 -1.511473763485001419e-02 1.462867842491789513e-02 9.675602135463541587e-02
2.388804819137811730e+00 -9.522498262046652506e-02 -1.505208406942841991e-02 1.456802199597383857e-02 9.678478564714940169e-02
2.391947983373519104e+00 -9.525731432485089190e-02 -1.498942806590658483e-02 1.450736343058704053e-02 9.681345828489087979e-02
2.395091147609226923e+00 -9.528957357872736011e-02 -1.492676963485181814e-02 1.444670273800390502e-02 9.684203890916991131e-02
2.398234311844934741e+00 -9.532176012234602758e-02 -1.486410878682652148e-02 1.438603992746664666e-02 9.687052715908546496e-02
2.401377476080642115e+00 -9.535387369449777051e-02 -1.480144553238817683e-02 1.432537500821337746e-02 9.689892267150626570e-02
2.404520640316349933e+00 -9.538591403250261391e-02 -1.473877988208928055e-02 1.426470798947803743e-02 9.692722508105161561e-02
2.407663804552057751e+00 -9.541788087219829628e-02 -1.467611184647747008e-02 1.420403888049044140e-02 9.695543402007195111e-02
2.410806968787765125e+00 -9.544977394792843184e-02 -1.461344143609554468e-02 1.414336769047635535e-02 9.698354911862905325e-02
2.413950133023472944e+00 -9.548159299253089483e-02 -1.455076866148137700e-02 1.408269442865739927e-02 9.701157000447628576e-02
2.417093297259180318e+00 -9.551333773732564869e-02 -1.448809353316809177e-02 1.402201910425119810e-02 9.703949630303841667e-02
2.420236461494888136e+00 -9.554500791210285282e-02 -1.442541606168396343e-02 1.396134172647129842e-02 9.706732763739124581e-02
2.423379625730595954e+00 -9.557660324511066396e-02 -1.436273625755249937e-02 1.390066230452725524e-02 9.709506362824109338e-02
2.426522789966303328e+00 -9.560812346304287113e-02 -1.430005413129247643e-02 1.383998084762462326e-02 9.712270389390394165e-02
2.429665954202011147e+00 -9.563956829102655821e-02 -1.423736969341788533e-02 1.377929736496493265e-02 9.715024805028445176e-02
2.432809118437718521e+00 -9.567093745260941973e-02 -1.417468295443805211e-02 1.371861186574581046e-02 9.717769571085463354e-02
2.435952282673426339e+00 -9.570223066974722914e-02 -1.411199392485755835e-02 1.365792435916086955e-02 9.720504648663234881e-02
2.439095446909134157e+00 -9.573344766279091866e-02 -1.404930261517638862e-02 1.359723485439988389e-02 9.723229998615960656e-02
2.442238611144841531e+00 -9.576458815047365902e-02 -1.398660903588985413e-02 1.353654336064864967e-02 9.725945581548044172e-02
2.445381775380549350e+00 -9.579565184989775883e-02 -1.392391319748859969e-02 1.347584988708911725e-02 9.728651357811878009e-02
2.448524939616257168e+00 -9.582663847652153621e-02 -1.386121511045874249e-02 1.341515444289934945e-02 9.731347287505581756e-02
2.451668103851964542e+00 -9.585754774414577406e-02 -1.379851478528178882e-02 1.335445703725356842e-02 9.734033330470731604e-02
2.454811268087672360e+00 -9.588837936490050839e-02 -1.373581223243468090e-02 1.329375767932216082e-02 9.736709446290056635e-02
2.457954432323379734e+00 -9.591913304923105343e-02 -1.367310746238985415e-02 1.323305637827171082e-02 9.739375594285103188e-02
2.461097596559087552e+00 -9.594980850588452626e-02 -1.361040048561521290e-02 1.317235314326499311e-02 9.742031733513886738e-02
2.464240760794795371e+00 -9.598040544189574697e-02 -1.354769131257418414e-02 1.311164798346103194e-02 9.744677822768497977e-02
2.467383925030502745e+00 -9.601092356257324989e-02 -1.348497995372575572e-02 1.305094090801509586e-02 9.747313820572700571e-02
2.470527089266210563e+00 -9.604136257148501721e-02 -1.342226641952441735e-02 1.299023192607868214e-02 9.749939685179483118e-02
2.473670253501917937e+00 -9.607172217044408769e-02 -1.335955072042029415e-02 1.292952104679960523e-02 9.752555374568595836e-02
2.476813417737625755e+00 -9.610200205949416541e-02 -1.329683286685906518e-02 1.286880827932197074e-02 9.755160846444052569e-02
2.479956581973333574e+00 -9.613220193689478443e-02 -1.323411286928208308e-02 1.280809363278620147e-02 9.757756058231600860e-02
2.483099746209040948e+00 -9.616232149910655669e-02 -1.317139073812633246e-02 1.274737711632907035e-02 9.760340967076169827e-02
2.486242910444748766e+00 -9.619236044077625336e-02 -1.310866648382442816e-02 1.268665873908367617e-02 9.762915529839283346e-02
2.489386074680456140e+00 -9.622231845472145606e-02 -1.304594011680473668e-02 1.262593851017953551e-02 9.765479703096439923e-02
2.492529238916163958e+00 -9.625219523191548554e-02 -1.298321164749127385e-02 1.256521643874253767e-02 9.768033443134463423e-02
2.495672403151871777e+00 -9.628199046147173368e-02 -1.292048108630387306e-02 1.250449253389497237e-02 9.770576705948830210e-02
2.498815567387579151e+00 -9.631170383062812035e-02 -1.285774844365806906e-02 1.244376680475561651e-02 9.773109447240954650e-02
2.501958731623286969e+00 -9.634133502473121724e-02 -1.279501372996516041e-02 1.238303926043958850e-02 9.775631622415438537e-02
2.505101895858994787e+00 -9.637088372722039942e-02 -1.273227695563230663e-02 1.232230991005860837e-02 9.778143186577306634e-02
2.508245060094702161e+00 -9.640034961961149729e-02 -1.266953813106247093e-02 1.226157876272077930e-02 9.780644094529183930e-02
2.511388224330409980e+00 -9.642973238148055959e-02 -1.260679726665440287e-02 1.220084582753076102e-02 9.783134300768463187e-02
2.514531388566117354e+00 -9.645903169044740821e-02 -1.254405437280282747e-02 1.214011111358974208e-02 9.785613759484416974e-02
2.517674552801825172e+00 -9.648824722215885996e-02 -1.248130945989825435e-02 1.207937462999541210e-02 9.788082424555288874e-02
2.520817717037532990e+00 -9.651737865027180951e-02 -1.241856253832719463e-02 1.201863638584204329e-02 9.790540249545348628e-02
2.523960881273240364e+00 -9.654642564643632630e-02 -1.235581361847205677e-02 1.195789639022053208e-02 9.792987187701895913e-02
2.527104045508948182e+00 -9.657538788027826560e-02 -1.229306271071116570e-02 1.189715465221829506e-02 9.795423191952254416e-02
2.530247209744655557e+00 -9.660426501938186583e-02 -1.223030982541889120e-02 1.183641118091940600e-02 9.797848214900703456e-02
2.533390373980363375e+00 -9.663305672927217926e-02 -1.216755497296556632e-02 1.177566598540458892e-02 9.800262208825384624e-02
2.536533538216071193e+00 -9.666176267339719741e-02 -1.210479816371755162e-02 1.171491907475117993e-02 9.802665125675170954e-02
2.539676702451778567e+00 -9.669038251310983767e-02 -1.204203940803727155e-02 1.165417045803323129e-02 9.805056917066494460e-02
2.542819866687486385e+00 -9.671891590764966629e-02 -1.197927871628317459e-02 1.159342014432144380e-02 9.807437534280130653e-02
2.545963030923194204e+00 -9.674736251412457966e-02 -1.191651609880984078e-02 1.153266814268324655e-02 9.809806928257951142e-02
2.549106195158901578e+00 -9.677572198749202770e-02 -1.185375156596792622e-02 1.147191446218280217e-02 9.812165049599630429e-02
2.552249359394609396e+00 -9.680399398054037596e-02 -1.179098512810424979e-02 1.141115911188100157e-02 9.814511848559315244e-02
2.555392523630316770e+00 -9.683217814386964328e-02 -1.172821679556174806e-02 1.135040210083551084e-02 9.816847275042245302e-02
2.558535687866024588e+00 -9.686027412587229490e-02 -1.166544657867954991e-02 1.128964343810077119e-02 9.819171278601344921e-02
2.561678852101732407e+00 -9.688828157271384134e-02 -1.160267448779299902e-02 1.122888313272801288e-02 9.821483808433753571e-02
2.564822016337439781e+00 -9.691620012831300701e-02 -1.153990053323362443e-02 1.116812119376533151e-02 9.823784813377327285e-02
2.567965180573147599e+00 -9.694402943432189890e-02 -1.147712472532919602e-02 1.110735763025756488e-02 9.826074241907091500e-02
2.571108344808854973e+00 -9.697176913010578658e-02 -1.141434707440377484e-02 1.104659245124649594e-02 9.828352042131648092e-02
2.574251509044562791e+00 -9.699941885272270192e-02 -1.135156759077768709e-02 1.098582566577074177e-02 9.830618161789533849e-02
2.577394673280270609e+00 -9.702697823690284440e-02 -1.128878628476754319e-02 1.092505728286579693e-02 9.832872548245541466e-02
2.580537837515977984e+00 -9.705444691502772281e-02 -1.122600316668632796e-02 1.086428731156409769e-02 9.835115148486980874e-02
2.583681001751685802e+00 -9.708182451710908878e-02 -1.116321824684332435e-02 1.080351576089498555e-02 9.837345909119904475e-02
2.586824165987393620e+00 -9.710911067076745395e-02 -1.110043153554419668e-02 1.074274263988473678e-02 9.839564776365279652e-02
2.589967330223100994e+00 -9.713630500121070432e-02 -1.103764304309104438e-02 1.068196795755662135e-02 9.841771696055101604e-02
2.593110494458808812e+00 -9.716340713121206230e-02 -1.097485277978230665e-02 1.062119172293085265e-02 9.843966613628478413e-02
2.596253658694516187e+00 -9.719041668108811816e-02 -1.091206075591291159e-02 1.056041394502468117e-02 9.846149474127642576e-02
2.599396822930224005e+00 -9.721733326867643132e-02 -1.084926698177421378e-02 1.049963463285232858e-02 9.848320222193926443e-02
2.602539987165931823e+00 -9.724415650931292343e-02 -1.078647146765404456e-02 1.043885379542509179e-02 9.850478802063672434e-02
2.605683151401639197e+00 -9.727088601580902161e-02 -1.072367422383678146e-02 1.037807144175131001e-02 9.852625157564100233e-02
2.608826315637347015e+00 -9.729752139842845482e-02 -1.066087526060321977e-02 1.031728758083635955e-02 9.854759232109121248e-02
2.611969479873054389e+00 -9.732406226486385592e-02 -1.059807458823079640e-02 1.025650222168275963e-02 9.856880968695076739e-02
2.615112644108762208e+00 -9.735050822021311390e-02 -1.053527221699346143e-02 1.019571537329009084e-02 9.858990309896455140e-02
2.618255808344470026e+00 -9.737685886695530979e-02 -1.047246815716175450e-02 1.013492704465509056e-02 9.861087197861517772e-02
2.621398972580177400e+00 -9.740311380492656934e-02 -1.040966241900283078e-02 1.007413724477161827e-02 9.863171574307888489e-02
2.624542136815885218e+00 -9.742927263129538829e-02 -1.034685501278044366e-02 1.001334598263068157e-02 9.865243380518076699e-02
2.627685301051593036e+00 -9.745533494053783274e-02 -1.028404594875502454e-02 9.952553267220503805e-03 9.867302557334943491e-02
2.630828465287300411e+00 -9.748130032441247594e-02 -1.022123523718366025e-02 9.891759107526496356e-03 9.869349045157101152e-02
2.633971629523008229e+00 -9.750716837193482145e-02 -1.015842288832013128e-02 9.830963512531236057e-03 9.871382783934258554e-02
2.637114793758715603e+00 -9.753293866935167089e-02 -1.009560891241489435e-02 9.770166491214583165e-03 9.873403713162499928e-02
2.640257957994423421e+00 -9.755861080011503372e-02 -1.003279331971521429e-02 9.709368052553627587e-03 9.875411771879497036e-02
2.643401122230131239e+00 -9.758418434485563453e-02 -9.969976120465039171e-03 9.648568205522725302e-03 9.877406898659664425e-02
2.646544286465838614e+00 -9.760965888135640645e-02 -9.907157324905111265e-03 9.587766959093534797e-03 9.879389031609241145e-02
2.649687450701546432e+00 -9.763503398452538784e-02 -9.844336943272982698e-03 9.526964322234965019e-03 9.881358108361308623e-02
2.652830614937253806e+00 -9.766030922636834144e-02 -9.781514985803008502e-03 9.466160303913343649e-03 9.883314066070739146e-02
2.655973779172961624e+00 -9.768548417596110978e-02 -9.718691462726376101e-03 9.405354913092214136e-03 9.885256841409080508e-02
2.659116943408669442e+00 -9.771055839942160981e-02 -9.655866384271160827e-03 9.344548158732578561e-03 9.887186370559358783e-02
2.662260107644376816e+00 -9.773553145988142510e-02 -9.593039760662275608e-03 9.283740049792757118e-03 9.889102589210822802e-02
2.665403271880084635e+00 -9.776040291745714816e-02 -9.530211602121568121e-03 9.222930595228459247e-03 9.891005432553602594e-02
2.668546436115792453e+00 -9.778517232922122326e-02 -9.467381918867780882e-03 9.162119803992846076e-03 9.892894835273309539e-02
2.671689600351499827e+00 -9.780983924917256711e-02 -9.404550721116646667e-03 9.101307685036462772e-03 9.894770731545542153e-02
2.674832764587207645e+00 -9.783440322820684265e-02 -9.341718019080780949e-03 9.040494247307327008e-03 9.896633055030336357e-02
2.677975928822915019e+00 -9.785886381408620549e-02 -9.278883822969869258e-03 8.979679499750889068e-03 9.898481738866515833e-02
2.681119093058622838e+00 -9.788322055140873112e-02 -9.216048142990556150e-03 8.918863451310085622e-03 9.900316715665978540e-02
2.684262257294330656e+00 -9.790747298157757850e-02 -9.153210989346521539e-03 8.858046110925396968e-03 9.902137917507904119e-02
2.687405421530038030e+00 -9.793162064276959844e-02 -9.090372372238499782e-03 8.797227487534746426e-03 9.903945275932862780e-02
2.690548585765745848e+00 -9.795566306990374783e-02 -9.027532301864276201e-03 8.736407590073654722e-03 9.905738721936856173e-02
2.693691750001453222e+00 -9.797959979460882374e-02 -8.964690788418761686e-03 8.675586427475130702e-03 9.907518185965272228e-02
2.696834914237161041e+00 -9.800343034519101715e-02 -8.901847842093925031e-03 8.614764008669785825e-03 9.909283597906744234e-02
2.699978078472868859e+00 -9.802715424660103649e-02 -8.839003473078898762e-03 8.553940342585834161e-03 9.911034887086928036e-02
2.703121242708576233e+00 -9.805077102040066217e-02 -8.776157691560008620e-03 8.493115438149055965e-03 9.912771982262193193e-02
2.706264406944284051e+00 -9.807428018472909292e-02 -8.713310507720645193e-03 8.432289304282874001e-03 9.914494811613216996e-02
2.709407571179991425e+00 -9.809768125426861218e-02 -8.650461931741508514e-03 8.371461949908327524e-03 9.916203302738488268e-02
2.712550735415699243e+00 -9.812097374020999074e-02 -8.587611973800432855e-03 8.310633383944129524e-03 9.917897382647719584e-02
2.715693899651407062e+00 -9.814415715021745923e-02 -8.524760644072527233e-03 8.249803615306661522e-03 9.919576977755154013e-02
2.718837063887114436e+00 -9.816723098839304218e-02 -8.461907952730156335e-03 8.188972652909994390e-03 9.921242013872791365e-02
2.721980228122822254e+00 -9.819019475524068397e-02 -8.399053909942931842e-03 8.128140505665898755e-03 9.922892416203497878e-02
2.725123392358530072e+00 -9.821304794762968082e-02 -8.336198525877787022e-03 8.067307182483891836e-03 9.924528109334022907e-02
2.728266556594237446e+00 -9.823579005875777981e-02 -8.273341810698994075e-03 8.006472692271211430e-03 9.926149017227911542e-02
2.731409720829945265e+00 -9.825842057811370878e-02 -8.210483774568119036e-03 7.945637043932848864e-03 9.927755063218317300e-02
2.734552885065652639e+00 -9.828093899143929002e-02 -8.147624427644108505e-03 7.884800246371597571e-03 9.929346170000694083e-02
2.737696049301360457e+00 -9.830334478069101267e-02 -8.084763780083312201e-03 7.823962308488028802e-03 9.930922259625400705e-02
2.740839213537068275e+00 -9.832563742400111939e-02 -8.021901842039436126e-03 7.763123239180541937e-03 9.932483253490169417e-02
2.743982377772775649e+00 -9.834781639563812405e-02 -7.959038623663637971e-03 7.702283047345348868e-03 9.934029072332486998e-02
2.747125542008483468e+00 -9.836988116596689924e-02 -7.896174135104532324e-03 7.641441741876503491e-03 9.935559636221841240e-02
2.750268706244190842e+00 -9.839183120140812533e-02 -7.833308386508143831e-03 7.580599331665946808e-03 9.937074864551861952e-02
2.753411870479898660e+00 -9.841366596439732328e-02 -7.770441388018035564e-03 7.519755825603462694e-03 9.938574676032342625e-02
2.756555034715606478e+00 -9.843538491334323515e-02 -7.707573149775260452e-03 7.458911232576802795e-03 9.940058988681130248e-02
2.759698198951313852e+00 -9.845698750258570497e-02 -7.644703681918381226e-03 7.398065561471566833e-03 9.941527719815904107e-02
2.762841363187021670e+00 -9.847847318235286584e-02 -7.581832994583509455e-03 7.337218821171314492e-03 9.942980786045832464e-02
2.765984527422729489e+00 -9.849984139871806321e-02 -7.518961097904320288e-03 7.276371020557556753e-03 9.944418103263071018e-02
2.769127691658436863e+00 -9.852109159355576518e-02 -7.456088002012139192e-03 7.215522168509772363e-03 9.945839586634176721e-02
2.772270855894144681e+00 -9.854222320449729233e-02 -7.393213717035774547e-03 7.154672273905413049e-03 9.947245150591348117e-02
2.775414020129852055e+00 -9.856323566488556231e-02 -7.330338253101773525e-03 7.093821345619966828e-03 9.948634708823554662e-02
2.778557184365559873e+00 -9.858412840372958452e-02 -7.267461620334267694e-03 7.032969392526892093e-03 9.950008174267518934e-02
2.781700348601267692e+00 -9.860490084565801117e-02 -7.204583828855101388e-03 6.972116423497730364e-03 9.951365459098557298e-02
2.784843512836975066e+00 -9.862555241087220259e-02 -7.141704888783767524e-03 6.911262447402055122e-03 9.952706474721279006e-02
2.787986677072682884e+00 -9.864608251509877912e-02 -7.078824810237525564e-03 6.850407473107496086e-03 9.954031131760142370e-02
2.791129841308390258e+00 -9.866649056954117369e-02 -7.015943603331290489e-03 6.789551509479814680e-03 9.955339340049852714e-02
2.794273005544098076e+00 -9.868677598083083757e-02 -6.953061278177763774e-03 6.728694565382836376e-03 9.956631008625625723e-02
2.797416169779805895e+00 -9.870693815097758561e-02 -6.890177844887449866e-03 6.667836649678523554e-03 9.957906045713275922e-02
2.800559334015513269e+00 -9.872697647731933090e-02 -6.827293313568611084e-03 6.606977771227004123e-03 9.959164358719158061e-02
2.803702498251221087e+00 -9.874689035247105617e-02 -6.764407694327303176e-03 6.546117938886514276e-03 9.960405854219947508e-02
2.806845662486928905e+00 -9.876667916427316063e-02 -6.701520997267462927e-03 6.485257161513519053e-03 9.961630437952256889e-02
2.809988826722636279e+00 -9.878634229573893255e-02 -6.638633232490856982e-03 6.424395447962642086e-03 9.962838014802084807e-02
2.813131990958344097e+00 -9.880587912500148062e-02 -6.575744410097097460e-03 6.363532807086709833e-03 9.964028488794085536e-02
2.816275155194051472e+00 -9.882528902525970771e-02 -6.512854540183745169e-03 6.302669247736788008e-03 9.965201763080686059e-02
2.819418319429759290e+00 -9.884457136472361849e-02 -6.449963632846222004e-03 6.241804778762196325e-03 9.966357739930999105e-02
2.822561483665467108e+00 -9.886372550655887770e-02 -6.387071698177928039e-03 6.180939409010507632e-03 9.967496320719577974e-02
2.825704647901174482e+00 -9.888275080883056345e-02 -6.324178746270183414e-03 6.120073147327565258e-03 9.968617405914968754e-02
2.828847812136882300e+00 -9.890164662444599075e-02 -6.261284787212310736e-03 6.059206002557492553e-03 9.969720895068097388e-02
2.831990976372589675e+00 -9.892041230109688277e-02 -6.198389831091615995e-03 5.998337983542765747e-03 9.970806686800434693e-02
2.835134140608297493e+00 -9.893904718120065389e-02 -6.135493887993414587e-03 5.937469099124168849e-03 9.971874678791992075e-02
2.838277304844005311e+00 -9.895755060184072138e-02 -6.072596968001060802e-03 5.876599358140800582e-03 9.972924767769103527e-02
2.841420469079712685e+00 -9.897592189470615087e-02 -6.009699081195971244e-03 5.815728769430189744e-03 9.973956849492003618e-02
2.844563633315420503e+00 -9.899416038603028878e-02 -5.946800237657632639e-03 5.754857341828178985e-03 9.974970818742209810e-02
2.847706797551128322e+00 -9.901226539652850656e-02 -5.883900447463643463e-03 5.693985084169047965e-03 9.975966569309674403e-02
2.850849961786835696e+00 -9.903023624133511227e-02 -5.820999720689709611e-03 5.633112005285497749e-03 9.976943993979733860e-02
2.853993126022543514e+00 -9.904807222993919358e-02 -5.758098067409643528e-03 5.572238114008599627e-03 9.977902984519831930e-02
2.857136290258250888e+00 -9.906577266611966970e-02 -5.695195497695496913e-03 5.511363419167952978e-03 9.978843431666012398e-02
2.860279454493958706e+00 -9.908333684787930251e-02 -5.632292021617385513e-03 5.450487929591551692e-03 9.979765225109193949e-02
2.863422618729666524e+00 -9.910076406737769461e-02 -5.569387649243724182e-03 5.389611654105942902e-03 9.980668253481198016e-02
2.866565782965373899e+00 -9.911805361086335753e-02 -5.506482390641110648e-03 5.328734601536112489e-03 9.981552404340536533e-02
2.869708947201081717e+00 -9.913520475860471137e-02 -5.443576255874338528e-03 5.267856780705596105e-03 9.982417564157965162e-02
2.872852111436789091e+00 -9.915221678482011303e-02 -5.380669255006526562e-03 5.206978200436440142e-03 9.983263618301774223e-02
2.875995275672496909e+00 -9.916908895760670473e-02 -5.317761398099039687e-03 5.146098869549257243e-03 9.984090451022831214e-02
2.879138439908204727e+00 -9.918582053886838834e-02 -5.254852695211539339e-03 5.085218796863221098e-03 9.984897945439359657e-02
2.882281604143912102e+00 -9.920241078424249515e-02 -5.191943156402026825e-03 5.024337991196102006e-03 9.985685983521447318e-02
2.885424768379619920e+00 -9.921885894302549802e-02 -5.129032791726794750e-03 4.963456461364272945e-03 9.986454446075292146e-02
2.888567932615327738e+00 -9.923516425809746078e-02 -5.066121611240570997e-03 4.902574216182673146e-03 9.987203212727159551e-02
2.891711096851035112e+00 -9.925132596584547440e-02 -5.003209624996386891e-03 4.841691264464953806e-03 9.987932161907056572e-02
2.894854261086742930e+00 -9.926734329608578877e-02 -4.940296843045716840e-03 4.780807615023351456e-03 9.988641170832125715e-02
2.897997425322450304e+00 -9.928321547198480646e-02 -4.877383275438460127e-03 4.719923276668814595e-03 9.989330115489722384e-02
2.901140589558158123e+00 -9.929894170997885516e-02 -4.814468932222905340e-03 4.659038258210974198e-03 9.989998870620211968e-02
2.904283753793865941e+00 -9.931452121969269742e-02 -4.751553823445854412e-03 4.598152568458142853e-03 9.990647309699440815e-02
2.907426918029573315e+00 -9.932995320385677729e-02 -4.688637959152607004e-03 4.537266216217368531e-03 9.991275304920890776e-02
2.910570082265281133e+00 -9.934523685822316263e-02 -4.625721349386848619e-03 4.476379210294418112e-03 9.991882727177520129e-02
2.913713246500988507e+00 -9.936037137148019671e-02 -4.562804004190929019e-03 4.415491559493847640e-03 9.992469446043261705e-02
2.916856410736696326e+00 -9.937535592516580363e-02 -4.499885933605635852e-03 4.354603272618939869e-03 9.993035329754192120e-02
2.919999574972404144e+00 -9.939018969357932276e-02 -4.436967147670374187e-03 4.293714358471807484e-03 9.993580245189344347e-02
2.923142739208111518e+00 -9.940487184369219131e-02 -4.374047656423094531e-03 4.232824825853323709e-03 9.994104057851178891e-02
2.926285903443819336e+00 -9.941940153505689215e-02 -4.311127469900357875e-03 4.171934683563209047e-03 9.994606631845678879e-02
2.929429067679526710e+00 -9.943377791971470814e-02 -4.248206598137355648e-03 4.111043940400038212e-03 9.995087829862091267e-02
2.932572231915234529e+00 -9.944800014210182504e-02 -4.185285051167914050e-03 4.050152605161173348e-03 9.995547513152269747e-02
2.935715396150942347e+00 -9.946206733895407437e-02 -4.122362839024524411e-03 3.989260686642954849e-03 9.995985541509648520e-02
2.938858560386649721e+00 -9.947597863920999706e-02 -4.059439971738331918e-03 3.928368193640510535e-03 9.996401773247808042e-02
2.942001724622357539e+00 -9.948973316391243604e-02 -3.996516459339224080e-03 3.867475134947914381e-03 9.996796065178643886e-02
2.945144888858065357e+00 -9.950333002610847744e-02 -3.933592311855763080e-03 3.806581519358179580e-03 9.997168272590109539e-02
2.948288053093772731e+00 -9.951676833074782347e-02 -3.870667539315297227e-03 3.745687355663237291e-03 9.997518249223547038e-02
2.951431217329480550e+00 -9.953004717457936135e-02 -3.807742151743902844e-03 3.684792652653959624e-03 9.997845847250580453e-02
2.954574381565187924e+00 -9.954316564604627493e-02 -3.744816159166448888e-03 3.623897419120238571e-03 9.998150917249548630e-02
2.957717545800895742e+00 -9.955612282517918576e-02 -3.681889571606611691e-03 3.563001663850907941e-03 9.998433308181513268e-02
2.960860710036603560e+00 -9.956891778348761490e-02 -3.618962399086857185e-03 3.502105395633818390e-03 9.998692867365771564e-02
2.964003874272310934e+00 -9.958154958384972388e-02 -3.556034651628525896e-03 3.441208623255875149e-03 9.998929440454913664e-02
2.967147038508018753e+00 -9.959401728040011281e-02 -3.493106339251812135e-03 3.380311355502992055e-03 9.999142871409383293e-02
2.970290202743726127e+00 -9.960631991841574495e-02 -3.430177471975769197e-03 3.319413601160123642e-03 9.999333002471461063e-02
2.973433366979433945e+00 -9.961845653420008107e-02 -3.367248059818377017e-03 3.258515369011348410e-03 9.999499674139027128e-02
2.976576531215141763e+00 -9.963042615496502108e-02 -3.304318112796511813e-03 3.197616667839794664e-03 9.999642725138326027e-02
2.979719695450849137e+00 -9.964222779871116653e-02 -3.241387640926006800e-03 3.136717506427710769e-03 9.999761992396602461e-02
2.982862859686556956e+00 -9.965386047410575154e-02 -3.178456654221638311e-03 3.075817893556489872e-03 9.999857311014000161e-02
2.986006023922264774e+00 -9.966532318035871418e-02 -3.115525162697206901e-03 3.014917838006608754e-03 9.999928514234862620e-02
2.989149188157972148e+00 -9.967661490709649186e-02 -3.052593176365432388e-03 2.954017348557750559e-03 9.999975433418889503e-02
2.992292352393679966e+00 -9.968773463423373504e-02 -2.989660705238132970e-03 2.893116433988763159e-03 9.999975433418889503e-02
2.995435516629387340e+00 -9.969868133184282832e-02 -2.926727759326124174e-03 2.832215103077696458e-03 9.999975433418889503e-02
2.998578680865095158e+00 -9.970945396002106609e-02 -2.863794348639282176e-03 2.771313364601753811e-03 9.999975433418889503e-02
3.001721845100802977e+00 -9.972005146875560777e-02 -2.800860483186588465e-03 2.710411227337441650e-03 9.999975433418889503e-02
3.004865009336510351e+00 -9.973047279778601837e-02 -2.737926172976082578e-03 2.649508700060433739e-03 9.999975433418889503e-02
3.008008173572218169e+00 -9.974071687646447748e-02 -2.674991428014959240e-03 2.588605791545713856e-03 9.999975433418889503e-02
3.011151337807925543e+00 -9.975078262361342096e-02 -2.612056258309539743e-03 2.527702510567525918e-03 9.999975433418889503e-02
3.014294502043633361e+00 -9.976066894738079560e-02 -2.549120673865287994e-03 2.466798865899380057e-03 9.999975433418889503e-02
3.017437666279341180e+00 -9.977037474509264925e-02 -2.486184684686871659e-03 2.405894866314118100e-03 9.999975433418889503e-02
3.020580830515048554e+00 -9.977989890310318133e-02 -2.423248300778159999e-03 2.344990520583917475e-03 9.999975433418889503e-02
3.023723994750756372e+00 -9.978924029664203166e-02 -2.360311532142197848e-03 2.284085837480270397e-03 9.999975433418889503e-02
3.026867158986464190e+00 -9.979839778965894637e-02 -2.297374388781306658e-03 2.223180825774038506e-03 9.999975433418889503e-02
3.030010323222171564e+00 -9.980737023466552948e-02 -2.234436880697066290e-03 2.162275494235479760e-03 9.999975433418889503e-02
3.033153487457879383e+00 -9.981615647257421897e-02 -2.171499017890312407e-03 2.101369851634185982e-03 9.999975433418889503e-02
3.036296651693586757e+00 -9.982475533253432065e-02 -2.108560810361218441e-03 2.040463906739238120e-03 9.999975433418889503e-02
3.039439815929294575e+00 -9.983316563176507230e-02 -2.045622268109201485e-03 1.979557668319057058e-03 9.999975433418889503e-02
3.042582980165002393e+00 -9.984138617538558524e-02 -1.982683401133060637e-03 1.918651145141584248e-03 9.999975433418889503e-02
3.045726144400709767e+00 -9.984941575624178833e-02 -1.919744219430986323e-03 1.857744345974125799e-03 9.999975433418889503e-02
3.048869308636417585e+00 -9.985725315473006902e-02 -1.856804733000512377e-03 1.796837279583565631e-03 9.999975433418889503e-02
3.052012472872124960e+00 -9.986489713861772255e-02 -1.793864951838531219e-03 1.735929954736194171e-03 9.999975433418889503e-02
3.055155637107832778e+00 -9.987234646286001494e-02 -1.730924885941425261e-03 1.675022380197913703e-03 9.999975433418889503e-02
3.058298801343540596e+00 -9.987959986941395696e-02 -1.667984545304947641e-03 1.614114564734008299e-03 9.999975433418889503e-02
3.061441965579247970e+00 -9.988665608704834498e-02 -1.605043939924332818e-03 1.553206517109454333e-03 9.999975433418889503e-02
3.064585129814955788e+00 -9.989351383115048499e-02 -1.542103079794334948e-03 1.492298246088669816e-03 9.999975433418889503e-02
3.067728294050663607e+00 -9.990017180352916970e-02 -1.479161974909153294e-03 1.431389760435660113e-03 9.999975433418889503e-02
3.070871458286370981e+00 -9.990662869221381137e-02 -1.416220635262478624e-03 1.370481068914115733e-03 9.999975433418889503e-02
3.074014622522078799e+00 -9.991288317124999430e-02 -1.353279070847591232e-03 1.309572180287260331e-03 9.999975433418889503e-02
3.077157786757786173e+00 -9.991893390049087775e-02 -1.290337291657336644e-03 1.248663103317947847e-03 9.999975433418889503e-02
3.080300950993493991e+00 -9.992477952538465769e-02 -1.227395307684022406e-03 1.187753846768695902e-03 9.999975433418889503e-02
3.083444115229201810e+00 -9.993041867675810097e-02 -1.164453128919701709e-03 1.126844419401622699e-03 9.999975433418889503e-02
3.086587279464909184e+00 -9.993584997059559716e-02 -1.101510765355971297e-03 1.065934829978613333e-03 9.999975433418889503e-02
3.089730443700617002e+00 -9.994107200781417177e-02 -1.038568226984086604e-03 1.005025087261190780e-03 9.999975433418889503e-02
3.092873607936324376e+00 -9.994608337403389220e-02 -9.756255237948516061e-04 9.441152000105719434e-04 9.999975433418889503e-02
3.096016772172032194e+00 -9.995088263934399919e-02 -9.126826657788896478e-04 8.832051769877198068e-04 9.999975433418889503e-02
3.099159936407740012e+00 -9.995546835806419506e-02 -8.497396629264841782e-04 8.222950269533609979e-04 9.999975433418889503e-02
3.102303100643447387e+00 -9.995983906850137990e-02 -7.867965252275699664e-04 7.613847586679334213e-04 9.999975433418889503e-02
3.105446264879155205e+00 -9.996399329270141965e-02 -7.238532626717663872e-04 7.004743808917704645e-04 9.999975433418889503e-02
3.108589429114863023e+00 -9.996792953619615396e-02 -6.609098852486250527e-04 6.395639023847808332e-04 9.999975433418889503e-02
3.111732593350570397e+00 -9.997164628774500572e-02 -5.979664029473614724e-04 5.786533319068391888e-04 9.999975433418889503e-02
3.114875757586278215e+00 -9.997514201907181652e-02 -5.350228257569648828e-04 5.177426782176669951e-04 9.999975433418889503e-02
3.118018921821985590e+00 -9.997841518459592292e-02 -4.720791636663335014e-04 4.568319500766055948e-04 9.999975433418889503e-02
3.121162086057693408e+00 -9.998146422115809784e-02 -4.091354266640987781e-04 3.959211562432538825e-04 9.999975433418889503e-02
3.124305250293401226e+00 -9.998428754774071892e-02 -3.461916247386532587e-04 3.350103054767127790e-04 9.999975433418889503e-02
3.127448414529108600e+00 -9.998688356518223297e-02 -2.832477678786612441e-04 2.740994065361126953e-04 9.999974558225910304e-02
3.130591578764816418e+00 -9.998925065588579186e-02 -2.203038660720617044e-04 2.131884681803412082e-04 9.999927045226915390e-02
3.133734743000523792e+00 -9.999138718352187927e-02 -1.573599293073946095e-04 1.522774991687308240e-04 9.999855275406353827e-02
3.136877907236231611e+00 -9.999329149272388750e-02 -9.441596757275346884e-05 9.136650826025252171e-05 9.999759426396909179e-02
3.140021071471939429e+00 -9.999496190878029434e-02 -3.147199085606769089e-05 3.045550421214596206e-05 9.999639673731570977e-02
3.143164235707646803e+00 -9.999639673731570977e-02 -3.045550421267271152e-05 3.147199085509194282e-05 9.999496190878030821e-02
3.146307399943354621e+00 -9.999759426396909179e-02 -9.136650826028146991e-05 9.441596757256535976e-05 9.999329149272388750e-02
3.149450564179061995e+00 -9.999855275406351052e-02 -1.522774991689220773e-04 1.573599293073607011e-04 9.999138718352157396e-02
3.152593728414769814e+00 -9.999927045226847389e-02 -2.131884681807043888e-04 2.203038660720329459e-04 9.998925065588583350e-02
3.155736892650477632e+00 -9.999974558225897814e-02 -2.740994065361347046e-04 2.832477678785566728e-04 9.998688356518224685e-02
3.158880056886185006e+00 -9.999974558225897814e-02 -3.350103054767701333e-04 3.461916247386882784e-04 9.998428754774073279e-02
3.162023221121892824e+00 -9.999974558225897814e-02 -3.959211562432651582e-04 4.091354266640711852e-04 9.998146422115811172e-02
3.165166385357600642e+00 -9.999974558225897814e-02 -4.568319500765830434e-04 4.720791636663734542e-04 9.997841518459593679e-02
3.168309549593308017e+00 -9.999974558225897814e-02 -5.177426782176798971e-04 5.350228257570135634e-04 9.997514201907181652e-02
3.171452713829015835e+00 -9.999974558225897814e-02 -5.786533319068176131e-04 5.979664029473667850e-04 9.997164628774500572e-02
3.174595878064723209e+00 -9.999974558225897814e-02 -6.395639023847672806e-04 6.609098852485911172e-04 9.996792953619614008e-02
3.177739042300431027e+00 -9.999974558225897814e-02 -7.004743808917218923e-04 7.238532626717469800e-04 9.996399329270143352e-02
3.180882206536138845e+00 -9.999974558225897814e-02 -7.613847586679386254e-04 7.867965252275405845e-04 9.995983906850137990e-02
3.184025370771846219e+00 -9.999974558225897814e-02 -8.222950269533643589e-04 8.497396629264407017e-04 9.995546835806420893e-02
3.187168535007554038e+00 -9.999974558225897814e-02 -8.832051769877618738e-04 9.126826657789041761e-04 9.995088263934401307e-02
3.190311699243261412e+00 -9.999974558225897814e-02 -9.441152000105802918e-04 9.756255237948314400e-04 9.994608337403389220e-02
3.193454863478969230e+00 -9.999974558225897814e-02 -1.005025087261160639e-03 1.038568226984062752e-03 9.994107200781415790e-02
3.196598027714677048e+00 -9.999974558225897814e-02 -1.065934829978625910e-03 1.101510765355966310e-03 9.993584997059559716e-02
3.199741191950384422e+00 -9.999974558225897814e-02 -1.126844419401635709e-03 1.164453128919721225e-03 9.993041867675810097e-02
3.202884356186092241e+00 -9.999974558225897814e-02 -1.187753846768675736e-03 1.227395307684033465e-03 9.992477952538465769e-02
3.206027520421800059e+00 -9.999974558225897814e-02 -1.248663103317979072e-03 1.290337291657307154e-03 9.991893390049087775e-02
3.209170684657507433e+00 -9.999974558225897814e-02 -1.309572180287278979e-03 1.353279070847590798e-03 9.991288317124999430e-02
3.212313848893215251e+00 -9.999974558225897814e-02 -1.370481068914122889e-03 1.416220635262491201e-03 9.990662869221381137e-02
3.215457013128922625e+00 -9.999974558225897814e-02 -1.431389760435651222e-03 1.479161974909124671e-03 9.990017180352916970e-02
3.218600177364630444e+00 -9.999974558225897814e-02 -1.492298246088664612e-03 1.542103079794322372e-03 9.989351383115048499e-02
3.221743341600338262e+00 -9.999974558225897814e-02 -1.553206517109459754e-03 1.605043939924321542e-03 9.988665608704834498e-02
3.224886505836045636e+00 -9.999974558225897814e-02 -1.614114564734019574e-03 1.667984545304937666e-03 9.987959986941395696e-02
3.228029670071753454e+00 -9.999974558225897814e-02 -1.675022380197921292e-03 1.730924885941417237e-03 9.987234646286001494e-02
3.231172834307460828e+00 -9.999974558225897814e-02 -1.735929954736210000e-03 1.793864951838519510e-03 9.986489713861772255e-02
3.234315998543168647e+00 -9.999974558225897814e-02 -1.796837279583557391e-03 1.856804733000503270e-03 9.985725315473005514e-02
3.237459162778876465e+00 -9.999974558225897814e-02 -1.857744345974101513e-03 1.919744219430981336e-03 9.984941575624178833e-02
3.240602327014583839e+00 -9.999974558225897814e-02 -1.918651145141551505e-03 1.982683401133037218e-03 9.984138617538558524e-02
3.243745491250291657e+00 -9.999974558225897814e-02 -1.979557668319064864e-03 2.045622268109197582e-03 9.983316563176507230e-02
3.246888655485999475e+00 -9.999974558225897814e-02 -2.040463906739244625e-03 2.108560810361208033e-03 9.982475533253433453e-02
3.250031819721706849e+00 -9.999974558225897814e-02 -2.101369851634190319e-03 2.171499017890323683e-03 9.981615647257421897e-02
3.253174983957414668e+00 -9.999974558225897814e-02 -2.162275494235470653e-03 2.234436880697067158e-03 9.980737023466552948e-02
3.256318148193122042e+00 -9.999974558225897814e-02 -2.223180825774046313e-03 2.297374388781307959e-03 9.979839778965894637e-02
3.259461312428829860e+00 -9.999974558225897814e-02 -2.284085837480279504e-03 2.360311532142168357e-03 9.978924029664204554e-02
3.262604476664537678e+00 -9.999974558225897814e-02 -2.344990520583917042e-03 2.423248300778135713e-03 9.977989890310318133e-02
3.265747640900245052e+00 -9.999974558225897814e-02 -2.405894866314115497e-03 2.486184684686873394e-03 9.977037474509264925e-02
3.268890805135952871e+00 -9.999974558225897814e-02 -2.466798865899380057e-03 2.549120673865272815e-03 9.976066894738079560e-02
3.272033969371660245e+00 -9.999974558225897814e-02 -2.527702510567505969e-03 2.612056258309523697e-03 9.975078262361342096e-02
3.275177133607368063e+00 -9.999974558225897814e-02 -2.588605791545725999e-03 2.674991428014939290e-03 9.974071687646447748e-02
3.278320297843075881e+00 -9.999974558225897814e-02 -2.649508700060422897e-03 2.737926172976079976e-03 9.973047279778601837e-02
3.281463462078783255e+00 -9.999974558225897814e-02 -2.710411227337434278e-03 2.800860483186571985e-03 9.972005146875560777e-02
3.284606626314491074e+00 -9.999974558225897814e-02 -2.771313364601757281e-03 2.863794348639261359e-03 9.970945396002106609e-02
3.287749790550198892e+00 -9.999974558225897814e-02 -2.832215103077686050e-03 2.926727759326117669e-03 9.969868133184282832e-02
3.290892954785906266e+00 -9.999974558225897814e-02 -2.893116433988758389e-03 2.989660705238132102e-03 9.968773463423373504e-02
3.294036119021614084e+00 -9.999975433418896442e-02 -2.954017348557757498e-03 3.052593176365432388e-03 9.967661490709649186e-02
3.297179283257321458e+00 -9.999928514234938948e-02 -3.014917838006600948e-03 3.115525162697186951e-03 9.966532318035871418e-02
3.300322447493029276e+00 -9.999857311014002936e-02 -3.075817893556492041e-03 3.178456654221640480e-03 9.965386047410575154e-02
3.303465611728737095e+00 -9.999761992396602461e-02 -3.136717506427714672e-03 3.241387640925999861e-03 9.964222779871116653e-02
3.306608775964444469e+00 -9.999642725138326027e-02 -3.197616667839791194e-03 3.304318112796500537e-03 9.963042615496502108e-02
3.309751940200152287e+00 -9.999499674139027128e-02 -3.258515369011354482e-03 3.367248059818366609e-03 9.961845653420008107e-02
3.312895104435859661e+00 -9.999333002471461063e-02 -3.319413601160121473e-03 3.430177471975762692e-03 9.960631991841575883e-02
3.316038268671567479e+00 -9.999142871409352762e-02 -3.380311355502978177e-03 3.493106339251791752e-03 9.959401728040011281e-02
3.319181432907275298e+00 -9.998929440454919215e-02 -3.441208623255881654e-03 3.556034651628527197e-03 9.958154958384972388e-02
3.322324597142982672e+00 -9.998692867365772952e-02 -3.502105395633823594e-03 3.618962399086844174e-03 9.956891778348761490e-02
3.325467761378690490e+00 -9.998433308181513268e-02 -3.563001663850906206e-03 3.681889571606595211e-03 9.955612282517918576e-02
3.328610925614397864e+00 -9.998150917249548630e-02 -3.623897419120234234e-03 3.744816159166435010e-03 9.954316564604627493e-02
3.331754089850105682e+00 -9.997845847250580453e-02 -3.684792652653968732e-03 3.807742151743892869e-03 9.953004717457936135e-02
3.334897254085813501e+00 -9.997518249223548426e-02 -3.745687355663241194e-03 3.870667539315284216e-03 9.951676833074780959e-02
3.338040418321520875e+00 -9.997168272590109539e-02 -3.806581519358193024e-03 3.933592311855756141e-03 9.950333002610847744e-02
3.341183582557228693e+00 -9.996796065178643886e-02 -3.867475134947922187e-03 3.996516459339218008e-03 9.948973316391243604e-02
3.344326746792936511e+00 -9.996401773247808042e-02 -3.928368193640517474e-03 4.059439971738318907e-03 9.947597863920999706e-02
3.347469911028643885e+00 -9.995985541509648520e-02 -3.989260686642952247e-03 4.122362839024498390e-03 9.946206733895407437e-02
3.350613075264351703e+00 -9.995547513152269747e-02 -4.050152605161188961e-03 4.185285051167909713e-03 9.944800014210183892e-02
3.353756239500059078e+00 -9.995087829862092654e-02 -4.111043940400025201e-03 4.248206598137345240e-03 9.943377791971470814e-02
3.356899403735766896e+00 -9.994606631845680267e-02 -4.171934683563214251e-03 4.311127469900346600e-03 9.941940153505690603e-02
3.360042567971474714e+00 -9.994104057851178891e-02 -4.232824825853324577e-03 4.374047656423083255e-03 9.940487184369219131e-02
3.363185732207182088e+00 -9.993580245189344347e-02 -4.293714358471806616e-03 4.436967147670356840e-03 9.939018969357933664e-02
3.366328896442889906e+00 -9.993035329754192120e-02 -4.354603272618954614e-03 4.499885933605629780e-03 9.937535592516580363e-02
3.369472060678597281e+00 -9.992469446043261705e-02 -4.415491559493840701e-03 4.562804004190903866e-03 9.936037137148021059e-02
3.372615224914305099e+00 -9.991882727177520129e-02 -4.476379210294418112e-03 4.625721349386839945e-03 9.934523685822317651e-02
3.375758389150012917e+00 -9.991275304920890776e-02 -4.537266216217355520e-03 4.688637959152583586e-03 9.932995320385679117e-02
3.378901553385720291e+00 -9.990647309699440815e-02 -4.598152568458138516e-03 4.751553823445852677e-03 9.931452121969271130e-02
3.382044717621428109e+00 -9.989998870620213356e-02 -4.659038258210968127e-03 4.814468932222903605e-03 9.929894170997885516e-02
3.385187881857135928e+00 -9.989330115489722384e-02 -4.719923276668824136e-03 4.877383275438443647e-03 9.928321547198480646e-02
3.388331046092843302e+00 -9.988641170832124327e-02 -4.780807615023351456e-03 4.940296843045701228e-03 9.926734329608578877e-02
3.391474210328551120e+00 -9.987932161907057960e-02 -4.841691264464941663e-03 5.003209624996397299e-03 9.925132596584547440e-02
3.394617374564258494e+00 -9.987203212727159551e-02 -4.902574216182670544e-03 5.066121611240557120e-03 9.923516425809746078e-02
3.397760538799966312e+00 -9.986454446075293534e-02 -4.963456461364266874e-03 5.129032791726792148e-03 9.921885894302549802e-02
3.400903703035674130e+00 -9.985685983521447318e-02 -5.024337991196108945e-03 5.191943156402005141e-03 9.920241078424249515e-02
3.404046867271381505e+00 -9.984897945439359657e-02 -5.085218796863229772e-03 5.254852695211545410e-03 9.918582053886838834e-02
3.407190031507089323e+00 -9.984090451022831214e-02 -5.146098869549262447e-03 5.317761398099033615e-03 9.916908895760670473e-02
3.410333195742796697e+00 -9.983263618301775610e-02 -5.206978200436439275e-03 5.380669255006510950e-03 9.915221678482009915e-02
3.413476359978504515e+00 -9.982417564157965162e-02 -5.267856780705599574e-03 5.443576255874332456e-03 9.913520475860471137e-02
3.416619524214212333e+00 -9.981552404340536533e-02 -5.328734601536114224e-03 5.506482390641096770e-03 9.911805361086335753e-02
3.419762688449919708e+00 -9.980668253481198016e-02 -5.389611654105942902e-03 5.569387649243720713e-03 9.910076406737769461e-02
3.422905852685627526e+00 -9.979765225109195337e-02 -5.450487929591556896e-03 5.632292021617381177e-03 9.908333684787931639e-02
3.426049016921335344e+00 -9.978843431666012398e-02 -5.511363419167939967e-03 5.695195497695484770e-03 9.906577266611966970e-02
3.429192181157042718e+00 -9.977902984519831930e-02 -5.572238114008590953e-03 5.758098067409639191e-03 9.904807222993917970e-02
3.432335345392750536e+00 -9.976943993979735248e-02 -5.633112005285491677e-03 5.820999720689703540e-03 9.903023624133511227e-02
3.435478509628457910e+00 -9.975966569309675791e-02 -5.693985084169051435e-03 5.883900447463634789e-03 9.901226539652850656e-02
3.438621673864165729e+00 -9.974970818742209810e-02 -5.754857341828181587e-03 5.946800237657634373e-03 9.899416038603028878e-02
3.441764838099873547e+00 -9.973956849492003618e-02 -5.815728769430194948e-03 6.009699081195954765e-03 9.897592189470615087e-02
3.444908002335580921e+00 -9.972924767769103527e-02 -5.876599358140813592e-03 6.072596968001048659e-03 9.895755060184072138e-02
3.448051166571288739e+00 -9.971874678791992075e-02 -5.937469099124164512e-03 6.135493887993406781e-03 9.893904718120065389e-02
3.451194330806996113e+00 -9.970806686800434693e-02 -5.998337983542767482e-03 6.198389831091598648e-03 9.892041230109689665e-02
3.454337495042703932e+00 -9.969720895068097388e-02 -6.059206002557494287e-03 6.261284787212296858e-03 9.890164662444599075e-02
3.457480659278411750e+00 -9.968617405914968754e-02 -6.120073147327567860e-03 6.324178746270183414e-03 9.888275080883056345e-02
3.460623823514119124e+00 -9.967496320719576586e-02 -6.180939409010498091e-03 6.387071698177915029e-03 9.886372550655887770e-02
3.463766987749826942e+00 -9.966357739930999105e-02 -6.241804778762203264e-03 6.449963632846209861e-03 9.884457136472361849e-02
3.466910151985534760e+00 -9.965201763080687447e-02 -6.302669247736794080e-03 6.512854540183739965e-03 9.882528902525970771e-02
3.470053316221242135e+00 -9.964028488794086924e-02 -6.363532807086710701e-03 6.575744410097075776e-03 9.880587912500149450e-02
3.473196480456949953e+00 -9.962838014802084807e-02 -6.424395447962652494e-03 6.638633232490833563e-03 9.878634229573893255e-02
3.476339644692657327e+00 -9.961630437952258277e-02 -6.485257161513516451e-03 6.701520997267451651e-03 9.876667916427316063e-02
3.479482808928365145e+00 -9.960405854219947508e-02 -6.546117938886522949e-03 6.764407694327304911e-03 9.874689035247105617e-02
3.482625973164072963e+00 -9.959164358719158061e-02 -6.606977771227004990e-03 6.827293313568604145e-03 9.872697647731931703e-02
3.485769137399780337e+00 -9.957906045713277310e-02 -6.667836649678531361e-03 6.890177844887447264e-03 9.870693815097758561e-02
3.488912301635488156e+00 -9.956631008625627111e-02 -6.728694565382832039e-03 6.953061278177750763e-03 9.868677598083083757e-02
3.492055465871195530e+00 -9.955339340049854102e-02 -6.789551509479805139e-03 7.015943603331258396e-03 9.866649056954118757e-02
3.495198630106903348e+00 -9.954031131760140982e-02 -6.850407473107499555e-03 7.078824810237495206e-03 9.864608251509879300e-02
3.498341794342611166e+00 -9.952706474721279006e-02 -6.911262447402054254e-03 7.141704888783754514e-03 9.862555241087221647e-02
3.501484958578318540e+00 -9.951365459098557298e-02 -6.972116423497730364e-03 7.204583828855083173e-03 9.860490084565799729e-02
3.504628122814026359e+00 -9.950008174267520322e-02 -7.032969392526895562e-03 7.267461620334266827e-03 9.858412840372958452e-02
3.507771287049734177e+00 -9.948634708823554662e-02 -7.093821345619961624e-03 7.330338253101757046e-03 9.856323566488557619e-02
3.510914451285441551e+00 -9.947245150591348117e-02 -7.154672273905414784e-03 7.393213717035753731e-03 9.854222320449727845e-02
3.514057615521149369e+00 -9.945839586634175333e-02 -7.215522168509773231e-03 7.456088002012116640e-03 9.852109159355577905e-02
3.517200779756856743e+00 -9.944418103263071018e-02 -7.276371020557552416e-03 7.518961097904316819e-03 9.849984139871804933e-02
3.520343943992564562e+00 -9.942980786045832464e-02 -7.337218821171311023e-03 7.581832994583491241e-03 9.847847318235287972e-02
3.523487108228272380e+00 -9.941527719815905495e-02 -7.398065561471566833e-03 7.644703681918363879e-03 9.845698750258569110e-02
3.526630272463979754e+00 -9.940058988681128860e-02 -7.458911232576798458e-03 7.707573149775253513e-03 9.843538491334324902e-02
3.529773436699687572e+00 -9.938574676032342625e-02 -7.519755825603468766e-03 7.770441388018029492e-03 9.841366596439733716e-02
3.532916600935394946e+00 -9.937074864551861952e-02 -7.580599331665922522e-03 7.833308386508129953e-03 9.839183120140813921e-02
3.536059765171102764e+00 -9.935559636221841240e-02 -7.641441741876491348e-03 7.896174135104508038e-03 9.836988116596689924e-02
3.539202929406810583e+00 -9.934029072332488386e-02 -7.702283047345349735e-03 7.959038623663632767e-03 9.834781639563813793e-02
3.542346093642517957e+00 -9.932483253490170805e-02 -7.763123239180538468e-03 8.021901842039429187e-03 9.832563742400113327e-02
3.545489257878225775e+00 -9.930922259625400705e-02 -7.823962308488037476e-03 8.084763780083289650e-03 9.830334478069102655e-02
3.548632422113933149e+00 -9.929346170000694083e-02 -7.884800246371590632e-03 8.147624427644101566e-03 9.828093899143929002e-02
3.551775586349640967e+00 -9.927755063218317300e-02 -7.945637043932848864e-03 8.210483774568105159e-03 9.825842057811370878e-02
3.554918750585348786e+00 -9.926149017227910154e-02 -8.006472692271216635e-03 8.273341810698978463e-03 9.823579005875777981e-02
3.558061914821056160e+00 -9.924528109334022907e-02 -8.067307182483895306e-03 8.336198525877780083e-03 9.821304794762968082e-02
3.561205079056763978e+00 -9.922892416203497878e-02 -8.128140505665912632e-03 8.399053909942921434e-03 9.819019475524068397e-02
3.564348243292471796e+00 -9.921242013872791365e-02 -8.188972652910001329e-03 8.461907952730147661e-03 9.816723098839304218e-02
3.567491407528179170e+00 -9.919576977755155400e-02 -8.249803615306661522e-03 8.524760644072511620e-03 9.814415715021744535e-02
3.570634571763886989e+00 -9.917897382647719584e-02 -8.310633383944129524e-03 8.587611973800418977e-03 9.812097374021000462e-02
3.573777735999594363e+00 -9.916203302738489656e-02 -8.371461949908320585e-03 8.650461931741485963e-03 9.809768125426861218e-02
3.576920900235302181e+00 -9.914494811613216996e-02 -8.432289304282874001e-03 8.713310507720639989e-03 9.807428018472910680e-02
3.580064064471009999e+00 -9.912771982262193193e-02 -8.493115438149059435e-03 8.776157691559994742e-03 9.805077102040067605e-02
3.583207228706717373e+00 -9.911034887086928036e-02 -8.553940342585835896e-03 8.839003473078895293e-03 9.802715424660103649e-02
3.586350392942425191e+00 -9.909283597906744234e-02 -8.614764008669789294e-03 8.901847842093904214e-03 9.800343034519101715e-02
3.589493557178132566e+00 -9.907518185965272228e-02 -8.675586427475122028e-03 8.964690788418739134e-03 9.797959979460880986e-02
3.592636721413840384e+00 -9.905738721936856173e-02 -8.736407590073639109e-03 9.027532301864274467e-03 9.795566306990374783e-02
3.595779885649548202e+00 -9.903945275932861392e-02 -8.797227487534760304e-03 9.090372372238496312e-03 9.793162064276961232e-02
3.598923049885255576e+00 -9.902137917507905507e-02 -8.858046110925395233e-03 9.153210989346509396e-03 9.790747298157757850e-02
3.602066214120963394e+00 -9.900316715665979928e-02 -8.918863451310092560e-03 9.216048142990544007e-03 9.788322055140873112e-02
3.605209378356671213e+00 -9.898481738866514446e-02 -8.979679499750883864e-03 9.278883822969869258e-03 9.785886381408620549e-02
3.608352542592378587e+00 -9.896633055030336357e-02 -9.040494247307318335e-03 9.341718019080765337e-03 9.783440322820685653e-02
3.611495706828086405e+00 -9.894770731545542153e-02 -9.101307685036467976e-03 9.404550721116622380e-03 9.780983924917256711e-02
3.614638871063793779e+00 -9.892894835273309539e-02 -9.162119803992842607e-03 9.467381918867775678e-03 9.778517232922120939e-02
3.617782035299501597e+00 -9.891005432553602594e-02 -9.222930595228467920e-03 9.530211602121547304e-03 9.776040291745714816e-02
3.620925199535209416e+00 -9.889102589210822802e-02 -9.283740049792753649e-03 9.593039760662277343e-03 9.773553145988142510e-02
3.624068363770916790e+00 -9.887186370559360171e-02 -9.344548158732573356e-03 9.655866384271152153e-03 9.771055839942160981e-02
3.627211528006624608e+00 -9.885256841409081896e-02 -9.405354913092215871e-03 9.718691462726374367e-03 9.768548417596110978e-02
3.630354692242331982e+00 -9.883314066070739146e-02 -9.466160303913333240e-03 9.781514985802991155e-03 9.766030922636834144e-02
3.633497856478039800e+00 -9.881358108361308623e-02 -9.526964322234973692e-03 9.844336943272974025e-03 9.763503398452538784e-02
3.636641020713747618e+00 -9.879389031609241145e-02 -9.587766959093536531e-03 9.907157324905107795e-03 9.760965888135640645e-02
3.639784184949454993e+00 -9.877406898659664425e-02 -9.648568205522720098e-03 9.969976120465023559e-03 9.758418434485563453e-02
3.642927349185162811e+00 -9.875411771879497036e-02 -9.709368052553618914e-03 1.003279331971520562e-02 9.755861080011503372e-02
3.646070513420870629e+00 -9.873403713162498541e-02 -9.770166491214586635e-03 1.009560891241489781e-02 9.753293866935169865e-02
3.649213677656578003e+00 -9.871382783934259941e-02 -9.830963512531230852e-03 1.015842288832011220e-02 9.750716837193483533e-02
3.652356841892285821e+00 -9.869349045157101152e-02 -9.891759107526499825e-03 1.022123523718364985e-02 9.748130032441247594e-02
3.655500006127993196e+00 -9.867302557334943491e-02 -9.952553267220514213e-03 1.028404594875502280e-02 9.745533494053783274e-02
3.658643170363701014e+00 -9.865243380518076699e-02 -1.001334598263068504e-02 1.034685501278044366e-02 9.742927263129538829e-02
3.661786334599408832e+00 -9.863171574307888489e-02 -1.007413724477161654e-02 1.040966241900282210e-02 9.740311380492656934e-02
3.664929498835116206e+00 -9.861087197861517772e-02 -1.013492704465508189e-02 1.047246815716174929e-02 9.737685886695532367e-02
3.668072663070824024e+00 -9.858990309896455140e-02 -1.019571537329008910e-02 1.053527221699346317e-02 9.735050822021310002e-02
3.671215827306531398e+00 -9.856880968695076739e-02 -1.025650222168275616e-02 1.059807458823078426e-02 9.732406226486385592e-02
3.674358991542239217e+00 -9.854759232109119860e-02 -1.031728758083636302e-02 1.066087526060321110e-02 9.729752139842845482e-02
3.677502155777947035e+00 -9.852625157564101621e-02 -1.037807144175129440e-02 1.072367422383676411e-02 9.727088601580903549e-02
3.680645320013654409e+00 -9.850478802063672434e-02 -1.043885379542509005e-02 1.078647146765403762e-02 9.724415650931295119e-02
3.683788484249362227e+00 -9.848320222193926443e-02 -1.049963463285233552e-02 1.084926698177420858e-02 9.721733326867643132e-02
3.686931648485070045e+00 -9.846149474127643964e-02 -1.056041394502467770e-02 1.091206075591290292e-02 9.719041668108810428e-02
3.690074812720777420e+00 -9.843966613628478413e-02 -1.062119172293085438e-02 1.097485277978229971e-02 9.716340713121204842e-02
3.693217976956485238e+00 -9.841771696055101604e-02 -1.068196795755662482e-02 1.103764304309103744e-02 9.713630500121070432e-02
3.696361141192192612e+00 -9.839564776365279652e-02 -1.074274263988474372e-02 1.110043153554419841e-02 9.710911067076746783e-02
3.699504305427900430e+00 -9.837345909119905862e-02 -1.080351576089499076e-02 1.116321824684330874e-02 9.708182451710908878e-02
3.702647469663608248e+00 -9.835115148486980874e-02 -1.086428731156410810e-02 1.122600316668631928e-02 9.705444691502773669e-02
3.705790633899315623e+00 -9.832872548245542854e-02 -1.092505728286579519e-02 1.128878628476753798e-02 9.702697823690284440e-02
3.708933798135023441e+00 -9.830618161789533849e-02 -1.098582566577073309e-02 1.135156759077767495e-02 9.699941885272270192e-02
3.712076962370730815e+00 -9.828352042131648092e-02 -1.104659245124648033e-02 1.141434707440375229e-02 9.697176913010578658e-02
3.715220126606438633e+00 -9.826074241907091500e-02 -1.110735763025755100e-02 1.147712472532918561e-02 9.694402943432191277e-02
3.718363290842146451e+00 -9.823784813377328673e-02 -1.116812119376531937e-02 1.153990053323361402e-02 9.691620012831302089e-02
3.721506455077853825e+00 -9.821483808433753571e-02 -1.122888313272801981e-02 1.160267448779298341e-02 9.688828157271384134e-02
3.724649619313561644e+00 -9.819171278601346309e-02 -1.128964343810077813e-02 1.166544657867953777e-02 9.686027412587229490e-02
3.727792783549269462e+00 -9.816847275042246690e-02 -1.135040210083551951e-02 1.172821679556174113e-02 9.683217814386962941e-02
3.730935947784976836e+00 -9.814511848559313856e-02 -1.141115911188100331e-02 1.179098512810423244e-02 9.680399398054038984e-02
3.734079112020684654e+00 -9.812165049599629041e-02 -1.147191446218280911e-02 1.185375156596791928e-02 9.677572198749204158e-02
3.737222276256392028e+00 -9.809806928257949754e-02 -1.153266814268324308e-02 1.191651609880982343e-02 9.674736251412457966e-02
3.740365440492099847e+00 -9.807437534280130653e-02 -1.159342014432144727e-02 1.197927871628316765e-02 9.671891590764966629e-02
3.743508604727807665e+00 -9.805056917066494460e-02 -1.165417045803323302e-02 1.204203940803725767e-02 9.669038251310983767e-02
3.746651768963515039e+00 -9.802665125675173730e-02 -1.171491907475118860e-02 1.210479816371753600e-02 9.666176267339721129e-02
3.749794933199222857e+00 -9.800262208825384624e-02 -1.177566598540459065e-02 1.216755497296555071e-02 9.663305672927219314e-02
3.752938097434930231e+00 -9.797848214900703456e-02 -1.183641118091940427e-02 1.223030982541887211e-02 9.660426501938186583e-02
3.756081261670638050e+00 -9.795423191952254416e-02 -1.189715465221829506e-02 1.229306271071115009e-02 9.657538788027825172e-02
3.759224425906345868e+00 -9.792987187701895913e-02 -1.195789639022052514e-02 1.235581361847204809e-02 9.654642564643632630e-02
3.762367590142053242e+00 -9.790540249545348628e-02 -1.201863638584204849e-02 1.241856253832719290e-02 9.651737865027182339e-02
3.765510754377761060e+00 -9.788082424555291650e-02 -1.207937462999540690e-02 1.248130945989825089e-02 9.648824722215885996e-02
3.768653918613468434e+00 -9.785613759484418361e-02 -1.214011111358973688e-02 1.254405437280281359e-02 9.645903169044743597e-02
3.771797082849176252e+00 -9.783134300768464575e-02 -1.220084582753076970e-02 1.260679726665440287e-02 9.642973238148057347e-02
3.774940247084884071e+00 -9.780644094529185317e-02 -1.226157876272077757e-02 1.266953813106244317e-02 9.640034961961149729e-02
3.778083411320591445e+00 -9.778143186577306634e-02 -1.232230991005859103e-02 1.273227695563231010e-02 9.637088372722041330e-02
3.781226575556299263e+00 -9.775631622415439925e-02 -1.238303926043959197e-02 1.279501372996515347e-02 9.634133502473123112e-02
3.784369739792007081e+00 -9.773109447240954650e-02 -1.244376680475560958e-02 1.285774844365805865e-02 9.631170383062812035e-02
3.787512904027714455e+00 -9.770576705948830210e-02 -1.250449253389497410e-02 1.292048108630386612e-02 9.628199046147173368e-02
3.790656068263422274e+00 -9.768033443134463423e-02 -1.256521643874253594e-02 1.298321164749127385e-02 9.625219523191548554e-02
3.793799232499129648e+00 -9.765479703096439923e-02 -1.262593851017952164e-02 1.304594011680471240e-02 9.622231845472145606e-02
3.796942396734837466e+00 -9.762915529839284734e-02 -1.268665873908367617e-02 1.310866648382441602e-02 9.619236044077623948e-02
3.800085560970545284e+00 -9.760340967076169827e-02 -1.274737711632906688e-02 1.317139073812632032e-02 9.616232149910657057e-02
3.803228725206252658e+00 -9.757756058231600860e-02 -1.280809363278620494e-02 1.323411286928207094e-02 9.613220193689477056e-02
3.806371889441960477e+00 -9.755160846444051181e-02 -1.286880827932197421e-02 1.329683286685904783e-02 9.610200205949416541e-02
3.809515053677667851e+00 -9.752555374568595836e-02 -1.292952104679960350e-02 1.335955072042026813e-02 9.607172217044410156e-02
3.812658217913375669e+00 -9.749939685179483118e-02 -1.299023192607867694e-02 1.342226641952440867e-02 9.604136257148501721e-02
3.815801382149083487e+00 -9.747313820572700571e-02 -1.305094090801509586e-02 1.348497995372574705e-02 9.601092356257326377e-02
3.818944546384790861e+00 -9.744677822768497977e-02 -1.311164798346104061e-02 1.354769131257417721e-02 9.598040544189576084e-02
3.822087710620498680e+00 -9.742031733513886738e-02 -1.317235314326499658e-02 1.361040048561520596e-02 9.594980850588452626e-02
3.825230874856206498e+00 -9.739375594285104576e-02 -1.323305637827170041e-02 1.367310746238985068e-02 9.591913304923105343e-02
3.828374039091913872e+00 -9.736709446290058023e-02 -1.329375767932216602e-02 1.373581223243466182e-02 9.588837936490050839e-02
3.831517203327621690e+00 -9.734033330470731604e-02 -1.335445703725357189e-02 1.379851478528178015e-02 9.585754774414580182e-02
3.834660367563329064e+00 -9.731347287505583143e-02 -1.341515444289934772e-02 1.386121511045872862e-02 9.582663847652153621e-02
3.837803531799036882e+00 -9.728651357811878009e-02 -1.347584988708911899e-02 1.392391319748859449e-02 9.579565184989778659e-02
3.840946696034744701e+00 -9.725945581548044172e-02 -1.353654336064864620e-02 1.398660903588984372e-02 9.576458815047365902e-02
3.844089860270452075e+00 -9.723229998615960656e-02 -1.359723485439987174e-02 1.404930261517638689e-02 9.573344766279093254e-02
3.847233024506159893e+00 -9.720504648663234881e-02 -1.365792435916087129e-02 1.411199392485754968e-02 9.570223066974722914e-02
3.850376188741867267e+00 -9.717769571085463354e-02 -1.371861186574578964e-02 1.417468295443803476e-02 9.567093745260941973e-02
3.853519352977575085e+00 -9.715024805028445176e-02 -1.377929736496494133e-02 1.423736969341788533e-02 9.563956829102654433e-02
3.856662517213282904e+00 -9.712270389390395553e-02 -1.383998084762463193e-02 1.430005413129246949e-02 9.560812346304287113e-02
3.859805681448990278e+00 -9.709506362824110726e-02 -1.390066230452726044e-02 1.436273625755249590e-02 9.557660324511066396e-02
3.862948845684698096e+00 -9.706732763739124581e-02 -1.396134172647130363e-02 1.442541606168394955e-02 9.554500791210285282e-02
3.866092009920405914e+00 -9.703949630303840279e-02 -1.402201910425120331e-02 1.448809353316807789e-02 9.551333773732563481e-02
3.869235174156113288e+00 -9.701157000447628576e-02 -1.408269442865739754e-02 1.455076866148137527e-02 9.548159299253090870e-02
3.872378338391821107e+00 -9.698354911862905325e-02 -1.414336769047634147e-02 1.461344143609553080e-02 9.544977394792845959e-02
3.875521502627528481e+00 -9.695543402007195111e-02 -1.420403888049044140e-02 1.467611184647746314e-02 9.541788087219829628e-02
3.878664666863236299e+00 -9.692722508105161561e-02 -1.426470798947803917e-02 1.473877988208927708e-02 9.538591403250261391e-02
3.881807831098944117e+00 -9.689892267150626570e-02 -1.432537500821338960e-02 1.480144553238816468e-02 9.535387369449777051e-02
3.884950995334651491e+00 -9.687052715908546496e-02 -1.438603992746665186e-02 1.486410878682651628e-02 9.532176012234604146e-02
3.888094159570359309e+00 -9.684203890916991131e-02 -1.444670273800389634e-02 1.492676963485181120e-02 9.528957357872736011e-02
3.891237323806066684e+00 -9.681345828489087979e-02 -1.450736343058703012e-02 1.498942806590656228e-02 9.525731432485090577e-02
3.894380488041774502e+00 -9.678478564714941557e-02 -1.456802199597384377e-02 1.505208406942841123e-02 9.522498262046652506e-02
3.897523652277482320e+00 -9.675602135463541587e-02 -1.462867842491790381e-02 1.511473763485001419e-02 9.519257872387612562e-02
3.900666816513189694e+00 -9.672716576384650378e-02 -1.468933270816860995e-02 1.517738875159900004e-02 9.516010289194487548e-02
3.903809980748897512e+00 -9.669821922910654122e-02 -1.474998483647116734e-02 1.524003740909806066e-02 9.512755538011231915e-02
3.906953144984605331e+00 -9.666918210258412802e-02 -1.481063480056653801e-02 1.530268359676480519e-02 9.509493644240347987e-02
3.910096309220312705e+00 -9.664005473431086513e-02 -1.487128259119141135e-02 1.536532730401178951e-02 9.506224633143964264e-02
3.913239473456020523e+00 -9.661083747219924300e-02 -1.493192819907823016e-02 1.542796852024651798e-02 9.502948529844923442e-02
3.916382637691727897e+00 -9.658153066206064119e-02 -1.499257161495515418e-02 1.549060723487137060e-02 9.499665359327846836e-02
3.919525801927435715e+00 -9.655213464762282816e-02 -1.505321282954604628e-02 1.555324343728362729e-02 9.496375146440198811e-02
3.922668966163143534e+00 -9.652264977054754447e-02 -1.511385183357038045e-02 1.561587711687539674e-02 9.493077915893329000e-02
3.925812130398850908e+00 -9.649307637044762798e-02 -1.517448861774335633e-02 1.567850826303361991e-02 9.489773692263515914e-02
3.928955294634558726e+00 -9.646341478490416677e-02 -1.523512317277576737e-02 1.574113686514005961e-02 9.486462499992989739e-02
3.932098458870266100e+00 -9.643366534948348556e-02 -1.529575548937402510e-02 1.580376291257124671e-02 9.483144363390955123e-02
3.935241623105973918e+00 -9.640382839775364643e-02 -1.535638555824016781e-02 1.586638639469848192e-02 9.479819306634594545e-02
3.938384787341681736e+00 -9.637390426130119925e-02 -1.541701337007174086e-02 1.592900730088780623e-02 9.476487353770070288e-02
3.941527951577389111e+00 -9.634389326974750201e-02 -1.547763891556190423e-02 1.599162562049993852e-02 9.473148528713515315e-02
3.944671115813096929e+00 -9.631379575076479127e-02 -1.553826218539936660e-02 1.605424134289034840e-02 9.469802855252001939e-02
3.947814280048804747e+00 -9.628361203009239144e-02 -1.559888317026827953e-02 1.611685445740911396e-02 9.466450357044528530e-02
3.950957444284512121e+00 -9.625334243155241054e-02 -1.565950186084834328e-02 1.617946495340096685e-02 9.463091057622963209e-02
3.954100608520219939e+00 -9.622298727706550536e-02 -1.572011824781476691e-02 1.624207282020531315e-02 9.459724980393004190e-02
3.957243772755927314e+00 -9.619254688666645237e-02 -1.578073232183812430e-02 1.630467804715607719e-02 9.456352148635123467e-02
3.960386936991635132e+00 -9.616202157851942711e-02 -1.584134407358452068e-02 1.636728062358181954e-02 9.452972585505489689e-02
3.963530101227342950e+00 -9.613141166893322820e-02 -1.590195349371541222e-02 1.642988053880558783e-02 9.449586314036907686e-02
3.966673265463050324e+00 -9.610071747237633466e-02 -1.596256057288770319e-02 1.649247778214501386e-02 9.446193357139719138e-02
3.969816429698758142e+00 -9.606993930149186622e-02 -1.602316530175362450e-02 1.655507234291218877e-02 9.442793737602719895e-02
3.972959593934465516e+00 -9.603907746711214111e-02 -1.608376767096082738e-02 1.661766421041368721e-02 9.439387478094053707e-02
3.976102758170173335e+00 -9.600813227827348362e-02 -1.614436767115225158e-02 1.668025337395058830e-02 9.435974601162101794e-02
3.979245922405881153e+00 -9.597710404223046277e-02 -1.620496529296619123e-02 1.674283982281834018e-02 9.432555129236365465e-02
3.982389086641588527e+00 -9.594599306447029741e-02 -1.626556052703618735e-02 1.680542354630681565e-02 9.429129084628341817e-02
3.985532250877296345e+00 -9.591479964872699771e-02 -1.632615336399112493e-02 1.686800453370026001e-02 9.425696489532379985e-02
3.988675415113003719e+00 -9.588352409699525680e-02 -1.638674379445511850e-02 1.693058277427731198e-02 9.422257366026549896e-02
3.991818579348711538e+00 -9.585216670954438412e-02 -1.644733180904752595e-02 1.699315825731093424e-02 9.418811736073480489e-02
3.994961743584419356e+00 -9.582072778493208598e-02 -1.650791739838290695e-02 1.705573097206837183e-02 9.415359621521207645e-02
3.998104907820126730e+00 -9.578920762001785771e-02 -1.656850055307102984e-02 1.711830090781119376e-02 9.411901044104006853e-02
4.001248072055834548e+00 -9.575760650997658385e-02 -1.662908126371688208e-02 1.718086805379519591e-02 9.408436025443210615e-02
4.004391236291541922e+00 -9.572592474831170817e-02 -1.668965952092053492e-02 1.724343239927043914e-02 9.404964587048038338e-02
4.007534400527250185e+00 -9.569416262686857022e-02 -1.675023531527728218e-02 1.730599393348121809e-02 9.401486750316395691e-02
4.010677564762957559e+00 -9.566232043584724232e-02 -1.681080863737744596e-02 1.736855264566595364e-02 9.398002536535683682e-02
4.013820728998664933e+00 -9.563039846381557463e-02 -1.687137947780653971e-02 1.743110852505731778e-02 9.394511966883593856e-02
4.016963893234373195e+00 -9.559839699772185173e-02 -1.693194782714509822e-02 1.749366156088206017e-02 9.391015062428889615e-02
4.020107057470080569e+00 -9.556631632290758793e-02 -1.699251367596872966e-02 1.755621174236107751e-02 9.387511844132195860e-02
4.023250221705787943e+00 -9.553415672311989237e-02 -1.705307701484806704e-02 1.761875905870935108e-02 9.384002332846769212e-02
4.026393385941495318e+00 -9.550191848052400068e-02 -1.711363783434880631e-02 1.768130349913595023e-02 9.380486549319259904e-02
4.029536550177203580e+00 -9.546960187571537637e-02 -1.717419612503157458e-02 1.774384505284400115e-02 9.376964514190477828e-02
4.032679714412910954e+00 -9.543720718773210376e-02 -1.723475187745203765e-02 1.780638370903056891e-02 9.373436247996144721e-02
4.035822878648618328e+00 -9.540473469406665630e-02 -1.729530508216079940e-02 1.786891945688681357e-02 9.369901771167631066e-02
4.038966042884326590e+00 -9.537218467067799799e-02 -1.735585572970337054e-02 1.793145228559786530e-02 9.366361104032706886e-02
4.042109207120033965e+00 -9.533955739200329627e-02 -1.741640381062021029e-02 1.799398218434271335e-02 9.362814266816271713e-02
4.045252371355741339e+00 -9.530685313096959321e-02 -1.747694931544667429e-02 1.805650914229435175e-02 9.359261279641070685e-02
4.048395535591449601e+00 -9.527407215900539350e-02 -1.753749223471298344e-02 1.811903314861968567e-02 9.355702162528424515e-02
4.051538699827156975e+00 -9.524121474605214133e-02 -1.759803255894420299e-02 1.818155419247940302e-02 9.352136935398938644e-02
4.054681864062864349e+00 -9.520828116057551693e-02 -1.765857027866025997e-02 1.824407226302813406e-02 9.348565618073209627e-02
4.057825028298572612e+00 -9.517527166957667761e-02 -1.771910538437591540e-02 1.830658734941434732e-02 9.344988230272520402e-02
4.060968192534279986e+00 -9.514218653860334607e-02 -1.777963786660061857e-02 1.836909944078018303e-02 9.341404791619545289e-02
4.064111356769987360e+00 -9.510902603176091263e-02 -1.784016771583870828e-02 1.843160852626170645e-02 9.337815321639025834e-02
4.067254521005694734e+00 -9.507579041172323220e-02 -1.790069492258921507e-02 1.849411459498865110e-02 9.334219839758461923e-02
4.070397685241402996e+00 -9.504247993974351827e-02 -1.796121947734596533e-02 1.855661763608455056e-02 9.330618365308772366e-02
4.073540849477110370e+00 -9.500909487566495948e-02 -1.802174137059739389e-02 1.861911763866650610e-02 9.327010917524986011e-02
4.076684013712817745e+00 -9.497563547793134997e-02 -1.808226059282667594e-02 1.868161459184548151e-02 9.323397515546885672e-02
4.079827177948526007e+00 -9.494210200359762264e-02 -1.814277713451170962e-02 1.874410848472594579e-02 9.319778178419678427e-02
4.082970342184233381e+00 -9.490849470834013257e-02 -1.820329098612497379e-02 1.880659930640604313e-02 9.316152925094638160e-02
4.086113506419940755e+00 -9.487481384646706539e-02 -1.826380213813355927e-02 1.886908704597755129e-02 9.312521774429759203e-02
4.089256670655649017e+00 -9.484105967092852640e-02 -1.832431058099927984e-02 1.893157169252581914e-02 9.308884745190389165e-02
4.092399834891356392e+00 -9.480723243332678241e-02 -1.838481630517838084e-02 1.899405323512968341e-02 9.305241856049872862e-02
4.095542999127063766e+00 -9.477333238392605941e-02 -1.844531930112176463e-02 1.905653166286160050e-02 9.301593125590176814e-02
4.098686163362771140e+00 -9.473935977166260403e-02 -1.850581955927489350e-02 1.911900696478747996e-02 9.297938572302508198e-02
4.101829327598479402e+00 -9.470531484415445345e-02 -1.856631707007770637e-02 1.918147912996674004e-02 9.294278214587940734e-02
4.104972491834186776e+00 -9.467119784771119151e-02 -1.862681182396467433e-02 1.924394814745219659e-02 9.290612070758022534e-02
4.108115656069894150e+00 -9.463700902734349663e-02 -1.868730381136470345e-02 1.930641400629017415e-02 9.286940159035392273e-02
4.111258820305602413e+00 -9.460274862677264807e-02 -1.874779302270123543e-02 1.936887669552033939e-02 9.283262497554363446e-02
4.114401984541309787e+00 -9.456841688844018490e-02 -1.880827944839207760e-02 1.943133620417573579e-02 9.279579104361544706e-02
4.117545148777017161e+00 -9.453401405351707920e-02 -1.886876307884950352e-02 1.949379252128279755e-02 9.275889997416413013e-02
4.120688313012725423e+00 -9.449954036191300644e-02 -1.892924390448017316e-02 1.955624563586129058e-02 9.272195194591907608e-02
4.123831477248432797e+00 -9.446499605228565744e-02 -1.898972191568509132e-02 1.961869553692423274e-02 9.268494713675017038e-02
4.126974641484140172e+00 -9.443038136204970345e-02 -1.905019710285969434e-02 1.968114221347797010e-02 9.264788572367345376e-02
4.130117805719848434e+00 -9.439569652738591388e-02 -1.911066945639366618e-02 1.974358565452207295e-02 9.261076788285692307e-02
4.133260969955555808e+00 -9.436094178325001025e-02 -1.917113896667104259e-02 1.980602584904932878e-02 9.257359378962615182e-02
4.136404134191263182e+00 -9.432611736338163133e-02 -1.923160562407015203e-02 1.986846278604575272e-02 9.253636361846995229e-02
4.139547298426970556e+00 -9.429122350031292343e-02 -1.929206941896361230e-02 1.993089645449050082e-02 9.249907754304592666e-02
4.142690462662678819e+00 -9.425626042537739446e-02 -1.935253034171825065e-02 1.999332684335596022e-02 9.246173573618596264e-02
4.145833626898386193e+00 -9.422122836871849039e-02 -1.941298838269513161e-02 2.005575394160751326e-02 9.242433836990181228e-02
4.148976791134093567e+00 -9.418612755929799130e-02 -1.947344353224954999e-02 2.011817773820371441e-02 9.238688561539039334e-02
4.152119955369801829e+00 -9.415095822490467115e-02 -1.953389578073095462e-02 2.018059822209625556e-02 9.234937764303922936e-02
4.155263119605509203e+00 -9.411572059216245789e-02 -1.959434511848295521e-02 2.024301538222971972e-02 9.231181462243188973e-02
4.158406283841216577e+00 -9.408041488653895446e-02 -1.965479153584333630e-02 2.030542920754184466e-02 9.227419672235309678e-02
4.161549448076924840e+00 -9.404504133235341845e-02 -1.971523502314399129e-02 2.036783968696331826e-02 9.223652411079415192e-02
4.164692612312632214e+00 -9.400960015278517212e-02 -1.977567557071089124e-02 2.043024680941775070e-02 9.219879695495802885e-02
4.167835776548339588e+00 -9.397409156988144330e-02 -1.983611316886408141e-02 2.049265056382176819e-02 9.216101542126460544e-02
4.170978940784047850e+00 -9.393851580456545614e-02 -1.989654780791772978e-02 2.055505093908488456e-02 9.212317967535570140e-02
4.174122105019755224e+00 -9.390287307664441085e-02 -1.995697947817992590e-02 2.061744792410949087e-02 9.208528988210031019e-02
4.177265269255462599e+00 -9.386716360481729693e-02 -2.001740816995283001e-02 2.067984150779086233e-02 9.204734620559948399e-02
4.180408433491169973e+00 -9.383138760668265077e-02 -2.007783387353264531e-02 2.074223167901712017e-02 9.200934880919131587e-02
4.183551597726878235e+00 -9.379554529874628566e-02 -2.013825657920947226e-02 2.080461842666918651e-02 9.197129785545606062e-02
4.186694761962585609e+00 -9.375963689642904941e-02 -2.019867627726732590e-02 2.086700173962074273e-02 9.193319350622090880e-02
4.189837926198292983e+00 -9.372366261407413801e-02 -2.025909295798426074e-02 2.092938160673828499e-02 9.189503592256487163e-02
4.192981090434001246e+00 -9.368762266495496427e-02 -2.031950661163214183e-02 2.099175801688102014e-02 9.185682526482362442e-02
4.196124254669708620e+00 -9.365151726128227716e-02 -2.037991722847671411e-02 2.105413095890084144e-02 9.181856169259436373e-02
4.199267418905415994e+00 -9.361534661421173908e-02 -2.044032479877764749e-02 2.111650042164236671e-02 9.178024536474042872e-02
4.202410583141124256e+00 -9.357911093385118395e-02 -2.050072931278838426e-02 2.117886639394283080e-02 9.174187643939613057e-02
4.205553747376831630e+00 -9.354281042926781975e-02 -2.056113076075623269e-02 2.124122886463210291e-02 9.170345507397133222e-02
4.208696911612539004e+00 -9.350644530849550051e-02 -2.062152913292222833e-02 2.130358782253265887e-02 9.166498142515619452e-02
4.211840075848247267e+00 -9.347001577854177623e-02 -2.068192441952125191e-02 2.136594325645962619e-02 9.162645564892564487e-02
4.214983240083954641e+00 -9.343352204539497052e-02 -2.074231661078186628e-02 2.142829515522052045e-02 9.158787790054404021e-02
4.218126404319662015e+00 -9.339696431403121668e-02 -2.080270569692639626e-02 2.149064350761549502e-02 9.154924833456966338e-02
4.221269568555369389e+00 -9.336034278842129941e-02 -2.086309166817086613e-02 2.155298830243721278e-02 9.151056710485913626e-02
4.224412732791077651e+00 -9.332365767153763536e-02 -2.092347451472503436e-02 2.161532952847074543e-02 9.147183436457198558e-02
4.227555897026785026e+00 -9.328690916536105937e-02 -2.098385422679216808e-02 2.167766717449361516e-02 9.143305026617500053e-02
4.230699061262492400e+00 -9.325009747088754131e-02 -2.104423079456932411e-02 2.174000122927580506e-02 9.139421496144659041e-02
4.233842225498200662e+00 -9.321322278813481965e-02 -2.110460420824712691e-02 2.180233168157964807e-02 9.135532860148115608e-02
4.236985389733908036e+00 -9.317628531614929877e-02 -2.116497445800975818e-02 2.186465852015983397e-02 9.131639133669339214e-02
4.240128553969615410e+00 -9.313928525301230776e-02 -2.122534153403498117e-02 2.192698173376342319e-02 9.127740331682256125e-02
4.243271718205323673e+00 -9.310222279584681737e-02 -2.128570542649418917e-02 2.198930131112978095e-02 9.123836469093671298e-02
4.246414882441031047e+00 -9.306509814082390697e-02 -2.134606612555214195e-02 2.205161724099049050e-02 9.119927560743694428e-02
4.249558046676738421e+00 -9.302791148316903735e-02 -2.140642362136726054e-02 2.211392951206945026e-02 9.116013621406149348e-02
4.252701210912446683e+00 -9.299066301716858718e-02 -2.146677790409135325e-02 2.217623811308282525e-02 9.112094665788990355e-02
4.255844375148154057e+00 -9.295335293617604244e-02 -2.152712896386970928e-02 2.223854303273887015e-02 9.108170708534722715e-02
4.258987539383861431e+00 -9.291598143261825538e-02 -2.158747679084103976e-02 2.230084425973806461e-02 9.104241764220791233e-02
4.262130703619568806e+00 -9.287854869800166169e-02 -2.164782137513750204e-02 2.236314178277306816e-02 9.100307847360000757e-02
4.265273867855277068e+00 -9.284105492291847006e-02 -2.170816270688461641e-02 2.242543559052866814e-02 9.096368972400904751e-02
4.268417032090984442e+00 -9.280350029705257409e-02 -2.176850077620127652e-02 2.248772567168163400e-02 9.092425153728216081e-02
4.271560196326691816e+00 -9.276588500918586666e-02 -2.182883557319970080e-02 2.255001201490090465e-02 9.088476405663187263e-02
4.274703360562400078e+00 -9.272820924720398539e-02 -2.188916708798547758e-02 2.261229460884743234e-02 9.084522742464011535e-02
4.277846524798107453e+00 -9.269047319810232166e-02 -2.194949531065740894e-02 2.267457344217413753e-02 9.080564178326208657e-02
4.280989689033814827e+00 -9.265267704799200199e-02 -2.200982023130766685e-02 2.273684850352596098e-02 9.076600727383012102e-02
4.284132853269523089e+00 -9.261482098210557790e-02 -2.207014184002163357e-02 2.279911978153979432e-02 9.072632403705739590e-02
4.287276017505230463e+00 -9.257690518480292396e-02 -2.213046012687789471e-02 2.286138726484443495e-02 9.068659221304195550e-02
4.290419181740937837e+00 -9.253892983957689999e-02 -2.219077508194826007e-02 2.292365094206059301e-02 9.064681194127020836e-02
4.293562345976646100e+00 -9.250089512905908251e-02 -2.225108669529778094e-02 2.298591080180087051e-02 9.060698336062085467e-02
4.296705510212353474e+00 -9.246280123502538528e-02 -2.231139495698455238e-02 2.304816683266968161e-02 9.056710660936849455e-02
4.299848674448060848e+00 -9.242464833840177696e-02 -2.237169985705990405e-02 2.311041902326322478e-02 9.052718182518737500e-02
4.302991838683768222e+00 -9.238643661926954076e-02 -2.243200138556825443e-02 2.317266736216958001e-02 9.048720914515492875e-02
4.306135002919476484e+00 -9.234816625687107539e-02 -2.249229953254708661e-02 2.323491183796850754e-02 9.044718870575549352e-02
4.309278167155183858e+00 -9.230983742961519634e-02 -2.255259428802693783e-02 2.329715243923151380e-02 9.040712064288387861e-02
4.312421331390891233e+00 -9.227145031508261763e-02 -2.261288564203146542e-02 2.335938915452184100e-02 9.036700509184890373e-02
4.315564495626599495e+00 -9.223300509003123926e-02 -2.267317358457729762e-02 2.342162197239438387e-02 9.032684218737691006e-02
4.318707659862306869e+00 -9.219450193040160113e-02 -2.273345810567404049e-02 2.348385088139563412e-02 9.028663206361536853e-02
4.321850824098014243e+00 -9.215594101132193461e-02 -2.279373919532427448e-02 2.354607587006377414e-02 9.024637485413623816e-02
4.324993988333722506e+00 -9.211732250711365810e-02 -2.285401684352360990e-02 2.360829692692862844e-02 9.020607069193953276e-02
4.328137152569429880e+00 -9.207864659129641471e-02 -2.291429104026045799e-02 2.367051404051139993e-02 9.016571970945662373e-02
4.331280316805137254e+00 -9.203991343659320701e-02 -2.297456177551624248e-02 2.373272719932498220e-02 9.012532203855380675e-02
4.334423481040845516e+00 -9.200112321493564282e-02 -2.303482903926524009e-02 2.379493639187373749e-02 9.008487781053549359e-02
4.337566645276552890e+00 -9.196227609746887577e-02 -2.309509282147449716e-02 2.385714160665349318e-02 9.004438715614770938e-02
4.340709809512260264e+00 -9.192337225455661509e-02 -2.315535311210403097e-02 2.391934283215152099e-02 9.000385020558135385e-02
4.343852973747967638e+00 -9.188441185578623271e-02 -2.321560990110654518e-02 2.398154005684651965e-02 8.996326708847547649e-02
4.346996137983675901e+00 -9.184539506997353719e-02 -2.327586317842763805e-02 2.404373326920858367e-02 8.992263793392057947e-02
4.350139302219383275e+00 -9.180632206516786686e-02 -2.333611293400554912e-02 2.410592245769917902e-02 8.988196287046193445e-02
4.353282466455090649e+00 -9.176719300865682216e-02 -2.339635915777135353e-02 2.416810761077105643e-02 8.984124202610267729e-02
4.356425630690798911e+00 -9.172800806697108122e-02 -2.345660183964879894e-02 2.423028871686837976e-02 8.980047552830711100e-02
4.359568794926506285e+00 -9.168876740588925711e-02 -2.351684096955431597e-02 2.429246576442643107e-02 8.975966350400381433e-02
4.362711959162213660e+00 -9.164947119044258850e-02 -2.357707653739701120e-02 2.435463874187190209e-02 8.971880607958881981e-02
4.365855123397921922e+00 -9.161011958491972751e-02 -2.363730853307863256e-02 2.441680763762261314e-02 8.967790338092879177e-02
4.368998287633629296e+00 -9.157071275287126388e-02 -2.369753694649354842e-02 2.447897244008753748e-02 8.963695553336405164e-02
4.372141451869336670e+00 -9.153125085711448505e-02 -2.375776176752871990e-02 2.454113313766695392e-02 8.959596266171171441e-02
4.375284616105044933e+00 -9.149173405973792805e-02 -2.381798298606368353e-02 2.460328971875213808e-02 8.955492489026868619e-02
4.378427780340752307e+00 -9.145216252210597307e-02 -2.387820059197046443e-02 2.466544217172550110e-02 8.951384234281484220e-02
4.381570944576459681e+00 -9.141253640486328436e-02 -2.393841457511366316e-02 2.472759048496055503e-02 8.947271514261585790e-02
4.384714108812167055e+00 -9.137285586793934822e-02 -2.399862492535042094e-02 2.478973464682185726e-02 8.943154341242626204e-02
4.387857273047875317e+00 -9.133312107055287232e-02 -2.405883163253026008e-02 2.485187464566498278e-02 8.939032727449251758e-02
4.391000437283582691e+00 -9.129333217121637922e-02 -2.411903468649516727e-02 2.491401046983641315e-02 8.934906685055582498e-02
4.394143601519290065e+00 -9.125348932774030031e-02 -2.417923407707960048e-02 2.497614210767368226e-02 8.930776226185509203e-02
4.397286765754998328e+00 -9.121359269723758323e-02 -2.423942979411038839e-02 2.503826954750525829e-02 8.926641362912988986e-02
4.400429929990705702e+00 -9.117364243612782748e-02 -2.429962182740669219e-02 2.510039277765041196e-02 8.922502107262327009e-02
4.403573094226413076e+00 -9.113363870014165591e-02 -2.435981016678011313e-02 2.516251178641934483e-02 8.918358471208465144e-02
4.406716258462121338e+00 -9.109358164432490579e-02 -2.441999480203451561e-02 2.522462656211313381e-02 8.914210466677265077e-02
4.409859422697828713e+00 -9.105347142304293095e-02 -2.448017572296605493e-02 2.528673709302356812e-02 8.910058105545791418e-02
4.413002586933536087e+00 -9.101330818998459860e-02 -2.454035291936318419e-02 2.534884336743327415e-02 8.905901399642592031e-02
4.416145751169244349e+00 -9.097309209816659137e-02 -2.460052638100666475e-02 2.541094537361567735e-02 8.901740360747970038e-02
4.419288915404951723e+00 -9.093282329993751523e-02 -2.466069609766933374e-02 2.547304309983478357e-02 8.897575000594275252e-02
4.422432079640659097e+00 -9.089250194698189622e-02 -2.472086205911636775e-02 2.553513653434543590e-02 8.893405330866155367e-02
4.425575243876366471e+00 -9.085212819032424669e-02 -2.478102425510506773e-02 2.559722566539302663e-02 8.889231363200846003e-02
4.428718408112074734e+00 -9.081170218033314534e-02 -2.484118267538493185e-02 2.565931048121367075e-02 8.885053109188430220e-02
4.431861572347782108e+00 -9.077122406672512300e-02 -2.490133730969747508e-02 2.572139097003399780e-02 8.880870580372114687e-02
4.435004736583489482e+00 -9.073069399856875661e-02 -2.496148814777643041e-02 2.578346712007125591e-02 8.876683788248487805e-02
4.438147900819197744e+00 -9.069011212428843005e-02 -2.502163517934753723e-02 2.584553891953322857e-02 8.872492744267786169e-02
4.441291065054905118e+00 -9.064947859166838651e-02 -2.508177839412862806e-02 2.590760635661819994e-02 8.868297459834163787e-02
4.444434229290612492e+00 -9.060879354785641993e-02 -2.514191778182952794e-02 2.596966941951490276e-02 8.864097946305934950e-02
4.447577393526320755e+00 -9.056805713936784408e-02 -2.520205333215211688e-02 2.603172809640259822e-02 8.859894214995851780e-02
4.450720557762028129e+00 -9.052726951208929507e-02 -2.526218503479016331e-02 2.609378237545089199e-02 8.855686277171352649e-02
4.453863721997735503e+00 -9.048643081128245058e-02 -2.532231287942943859e-02 2.615583224481977942e-02 8.851474144054809201e-02
4.457006886233443765e+00 -9.044554118158769362e-02 -2.538243685574766498e-02 2.621787769265967322e-02 8.847257826823792803e-02
4.460150050469151140e+00 -9.040460076702808156e-02 -2.544255695341441845e-02 2.627991870711123348e-02 8.843037336611318799e-02
4.463293214704858514e+00 -9.036360971101274620e-02 -2.550267316209116342e-02 2.634195527630547526e-02 8.838812684506094919e-02
4.466436378940565888e+00 -9.032256815634080727e-02 -2.556278547143121457e-02 2.640398738836366790e-02 8.834583881552768303e-02
4.469579543176274150e+00 -9.028147624520474479e-02 -2.562289387107972993e-02 2.646601503139729347e-02 8.830350938752173917e-02
4.472722707411981524e+00 -9.024033411919432646e-02 -2.568299835067361717e-02 2.652803819350806405e-02 8.826113867061578799e-02
4.475865871647688898e+00 -9.019914191929985503e-02 -2.574309889984160993e-02 2.659005686278781075e-02 8.821872677394922146e-02
4.479009035883397161e+00 -9.015789978591594311e-02 -2.580319550820417418e-02 2.665207102731858776e-02 8.817627380623049849e-02
4.482152200119104535e+00 -9.011660785884498259e-02 -2.586328816537345268e-02 2.671408067517248158e-02 8.813377987573969841e-02
4.485295364354811909e+00 -9.007526627730055857e-02 -2.592337686095332397e-02 2.677608579441170811e-02 8.809124509033072759e-02
4.488438528590520171e+00 -9.003387517991105760e-02 -2.598346158453935031e-02 2.683808637308852246e-02 8.804866955743373413e-02
4.491581692826227545e+00 -8.999243470472299833e-02 -2.604354232571869446e-02 2.690008239924517042e-02 8.800605338405752265e-02
4.494724857061934919e+00 -8.995094498920454262e-02 -2.610361907407015430e-02 2.696207386091390573e-02 8.796339667679166363e-02
4.497868021297643182e+00 -8.990940617024874293e-02 -2.616369181916415251e-02 2.702406074611694506e-02 8.792069954180904701e-02
4.501011185533350556e+00 -8.986781838417719215e-02 -2.622376055056261160e-02 2.708604304286640549e-02 8.787796208486801930e-02
4.504154349769057930e+00 -8.982618176674296573e-02 -2.628382525781904760e-02 2.714802073916429068e-02 8.783518441131470122e-02
4.507297514004765304e+00 -8.978449645313435479e-02 -2.634388593047845908e-02 2.720999382300250125e-02 8.779236662608520814e-02
4.510440678240473567e+00 -8.974276257797783596e-02 -2.640394255807734444e-02 2.727196228236273765e-02 8.774950883370795374e-02
4.513583842476180941e+00 -8.970098027534151308e-02 -2.646399513014366725e-02 2.733392610521648627e-02 8.770661113830580113e-02
4.516727006711888315e+00 -8.965914967873833685e-02 -2.652404363619682848e-02 2.739588527952501948e-02 8.766367364359839431e-02
4.519870170947596577e+00 -8.961727092112931059e-02 -2.658408806574763181e-02 2.745783979323937127e-02 8.762069645290417041e-02
4.523013335183303951e+00 -8.957534413492662662e-02 -2.664412840829821424e-02 2.751978963430018812e-02 8.757767966914273283e-02
4.526156499419011325e+00 -8.953336945199696917e-02 -2.670416465334215714e-02 2.758173479063786432e-02 8.753462339483682186e-02
4.529299663654719588e+00 -8.949134700366451201e-02 -2.676419679036429536e-02 2.764367525017241700e-02 8.749152773211464618e-02
4.532442827890426962e+00 -8.944927692071424907e-02 -2.682422480884080751e-02 2.770561100081342723e-02 8.744839278271188121e-02
4.535585992126134336e+00 -8.940715933339481170e-02 -2.688424869823915347e-02 2.776754203046009548e-02 8.740521864797390350e-02
4.538729156361841710e+00 -8.936499437142186864e-02 -2.694426844801801543e-02 2.782946832700114448e-02 8.736200542885776132e-02
4.541872320597549972e+00 -8.932278216398092940e-02 -2.700428404762729787e-02 2.789138987831483660e-02 8.731875322593439515e-02
4.545015484833257347e+00 -8.928052283973049452e-02 -2.706429548650811714e-02 2.795330667226883503e-02 8.727546213939063602e-02
4.548158649068964721e+00 -8.923821652680512251e-02 -2.712430275409273908e-02 2.801521869672029749e-02 8.723213226903125950e-02
4.551301813304672983e+00 -8.919586335281824707e-02 -2.718430583980462056e-02 2.807712593951584151e-02 8.718876371428110894e-02
4.554444977540380357e+00 -8.915346344486538288e-02 -2.724430473305824996e-02 2.813902838849133975e-02 8.714535657418706616e-02
4.557588141776087731e+00 -8.911101692952683173e-02 -2.730429942325925813e-02 2.820092603147212815e-02 8.710191094742007756e-02
4.560731306011795994e+00 -8.906852393287070790e-02 -2.736428989980437682e-02 2.826281885627279430e-02 8.705842693227716644e-02
4.563874470247503368e+00 -8.902598458045601904e-02 -2.742427615208124780e-02 2.832470685069719482e-02 8.701490462668345915e-02
4.567017634483210742e+00 -8.898339899733526126e-02 -2.748425816946864844e-02 2.838659000253851428e-02 8.697134412819411409e-02
4.570160798718919004e+00 -8.894076730805741682e-02 -2.754423594133627654e-02 2.844846829957907441e-02 8.692774553399627846e-02
4.573303962954626378e+00 -8.889808963667082675e-02 -2.760420945704475729e-02 2.851034172959040006e-02 8.688410894091112835e-02
4.576447127190333752e+00 -8.885536610672603586e-02 -2.766417870594569534e-02 2.857221028033315319e-02 8.684043444539571444e-02
4.579590291426041126e+00 -8.881259684127841558e-02 -2.772414367738157762e-02 2.863407393955714336e-02 8.679672214354491877e-02
4.582733455661749389e+00 -8.876978196289117551e-02 -2.778410436068573172e-02 2.869593269500128260e-02 8.675297213109338379e-02
4.585876619897456763e+00 -8.872692159363798625e-02 -2.784406074518235713e-02 2.875778653439344662e-02 8.670918450341741357e-02
4.589019784133164137e+00 -8.868401585510579666e-02 -2.790401282018644194e-02 2.881963544545058237e-02 8.666535935553681957e-02
4.592162948368872399e+00 -8.864106486839744281e-02 -2.796396057500380450e-02 2.888147941587864906e-02 8.662149678211682191e-02
4.595306112604579774e+00 -8.859806875413447913e-02 -2.802390399893098238e-02 2.894331843337248633e-02 8.657759687746995059e-02
4.598449276840287148e+00 -8.855502763245985676e-02 -2.808384308125523240e-02 2.900515248561590098e-02 8.653365973555782187e-02
4.601592441075995410e+00 -8.851194162304046320e-02 -2.814377781125463468e-02 2.906698156028157676e-02 8.648968544999301178e-02
4.604735605311702784e+00 -8.846881084506989790e-02 -2.820370817819775611e-02 2.912880564503102926e-02 8.644567411404091573e-02
4.607878769547410158e+00 -8.842563541727102572e-02 -2.826363417134394179e-02 2.919062472751457471e-02 8.640162582062149710e-02
4.611021933783118421e+00 -8.838241545789866926e-02 -2.832355577994314505e-02 2.925243879537137853e-02 8.635754066231110526e-02
4.614165098018825795e+00 -8.833915108474207911e-02 -2.838347299323588577e-02 2.931424783622926453e-02 8.631341873134432130e-02
4.617308262254533169e+00 -8.829584241512763998e-02 -2.844338580045323653e-02 2.937605183770483977e-02 8.626926011961563723e-02
4.620451426490240543e+00 -8.825248956592128546e-02 -2.850329419081685037e-02 2.943785078740335237e-02 8.622506491868132950e-02
4.623594590725948805e+00 -8.820909265353112094e-02 -2.856319815353889832e-02 2.949964467291874004e-02 8.618083321976111044e-02
4.626737754961656179e+00 -8.816565179391004647e-02 -2.862309767782191330e-02 2.956143348183345315e-02 8.613656511373993241e-02
4.629880919197363554e+00 -8.812216710255794949e-02 -2.868299275285900521e-02 2.962321720171865250e-02 8.609226069116972246e-02
4.633024083433071816e+00 -8.807863869452450811e-02 -2.874288336783370132e-02 2.968499582013395602e-02 8.604792004227104774e-02
4.636167247668779190e+00 -8.803506668441148098e-02 -2.880276951191982834e-02 2.974676932462748391e-02 8.600354325693487789e-02
4.639310411904486564e+00 -8.799145118637521912e-02 -2.886265117428169283e-02 2.980853770273587944e-02 8.595913042472427823e-02
4.642453576140194826e+00 -8.794779231412909459e-02 -2.892252834407388687e-02 2.987030094198421526e-02 8.591468163487603338e-02
4.645596740375902201e+00 -8.790409018094588744e-02 -2.898240101044125341e-02 2.993205902988591710e-02 8.587019697630239590e-02
4.648739904611609575e+00 -8.786034489966017269e-02 -2.904226916251903198e-02 2.999381195394286437e-02 8.582567653759273774e-02
4.651883068847317837e+00 -8.781655658267079057e-02 -2.910213278943267132e-02 3.005555970164520974e-02 8.578112040701514618e-02
4.655026233083025211e+00 -8.777272534194309472e-02 -2.916199188029777387e-02 3.011730226047139650e-02 8.573652867251813081e-02
4.658169397318732585e+00 -8.772885128901133922e-02 -2.922184642422024498e-02 3.017903961788818631e-02 8.569190142173220559e-02
4.661312561554439959e+00 -8.768493453498113488e-02 -2.928169641029608819e-02 3.024077176135055514e-02 8.564723874197158193e-02
4.664455725790148222e+00 -8.764097519053155871e-02 -2.934154182761146076e-02 3.030249867830167587e-02 8.560254072023563976e-02
4.667598890025855596e+00 -8.759697336591758254e-02 -2.940138266524262856e-02 3.036422035617283507e-02 8.555780744321071773e-02
4.670742054261562970e+00 -8.755292917097230732e-02 -2.946121891225592787e-02 3.042593678238349891e-02 8.551303899727155655e-02
4.673885218497271232e+00 -8.750884271510933621e-02 -2.952105055770777239e-02 3.048764794434122988e-02 8.546823546848290876e-02
4.677028382732978606e+00 -8.746471410732485630e-02 -2.958087759064455258e-02 3.054935382944157229e-02 8.542339694260113470e-02
4.680171546968685981e+00 -8.742054345620001166e-02 -2.964070000010269115e-02 3.061105442506818763e-02 8.537852350507575683e-02
4.683314711204394243e+00 -8.737633086990305442e-02 -2.970051777510855986e-02 3.067274971859265675e-02 8.533361524105097240e-02
4.686457875440101617e+00 -8.733207645619164849e-02 -2.976033090467843090e-02 3.073443969737451459e-02 8.528867223536727715e-02
4.689601039675808991e+00 -8.728778032241488183e-02 -2.982013937781855320e-02 3.079612434876122934e-02 8.524369457256289473e-02
4.692744203911517253e+00 -8.724344257551566728e-02 -2.987994318352497208e-02 3.085780366008815737e-02 8.519868233687528936e-02
4.695887368147224628e+00 -8.719906332203271326e-02 -2.993974231078358819e-02 3.091947761867841135e-02 8.515363561224283118e-02
4.699030532382932002e+00 -8.715464266810279970e-02 -2.999953674857019567e-02 3.098114621184300949e-02 8.510855448230611464e-02
4.702173696618639376e+00 -8.711018071946284580e-02 -3.005932648585026012e-02 3.104280942688073322e-02 8.506343903040955445e-02
4.705316860854347638e+00 -8.706567758145203340e-02 -3.011911151157908861e-02 3.110446725107802318e-02 8.501828933960277335e-02
4.708460025090055012e+00 -8.702113335901395796e-02 -3.017889181470167353e-02 3.116611967170906938e-02 8.497310549264222579e-02
4.711603189325762386e+00 -8.697654815669869643e-02 -3.023866738415269609e-02 3.122776667603569326e-02 8.492788757199250249e-02
4.714746353561470649e+00 -8.693192207866483334e-02 -3.029843820885657138e-02 3.128940825130741010e-02 8.488263565982787084e-02
4.717889517797178023e+00 -8.688725522868159801e-02 -3.035820427772721944e-02 3.135104438476121053e-02 8.483734983803369045e-02
4.721032682032885397e+00 -8.684254771013084906e-02 -3.041796557966826992e-02 3.141267506362171308e-02 8.479203018820785642e-02
4.724175846268593659e+00 -8.679779962600918386e-02 -3.047772210357291636e-02 3.147430027510107059e-02 8.474667679166220102e-02
4.727319010504301033e+00 -8.675301107892989527e-02 -3.053747383832384685e-02 3.153592000639882098e-02 8.470128972942395085e-02
4.730462174740008408e+00 -8.670818217112501169e-02 -3.059722077279334804e-02 3.159753424470205380e-02 8.465586908223712848e-02
4.733605338975716670e+00 -8.666331300444728158e-02 -3.065696289584307968e-02 3.165914297718519510e-02 8.461041493056388474e-02
4.736748503211424044e+00 -8.661840368037214410e-02 -3.071670019632425155e-02 3.172074619101001441e-02 8.456492735458598364e-02
4.739891667447131418e+00 -8.657345429999971365e-02 -3.077643266307745692e-02 3.178234387332570104e-02 8.451940643420613464e-02
4.743034831682838792e+00 -8.652846496405673660e-02 -3.083616028493267602e-02 3.184393601126864204e-02 8.447385224904931100e-02
4.746177995918547055e+00 -8.648343577289852036e-02 -3.089588305070927604e-02 3.190552259196257484e-02 8.442826487846423478e-02
4.749321160154254429e+00 -8.643836682651090397e-02 -3.095560094921588970e-02 3.196710360251835831e-02 8.438264440152466739e-02
4.752464324389961803e+00 -8.639325822451211778e-02 -3.101531396925054362e-02 3.202867903003411842e-02 8.433699089703071416e-02
4.755607488625670065e+00 -8.634811006615464302e-02 -3.107502209960052303e-02 3.209024886159506790e-02 8.429130444351022600e-02
4.758750652861377439e+00 -8.630292245032726572e-02 -3.113472532904221213e-02 3.215181308427354778e-02 8.424558511922011772e-02
4.761893817097084813e+00 -8.625769547555685313e-02 -3.119442364634140638e-02 3.221337168512895810e-02 8.419983300214768651e-02
4.765036981332793076e+00 -8.621242924001018548e-02 -3.125411704025295168e-02 3.227492465120775783e-02 8.415404817001186089e-02
4.768180145568500450e+00 -8.616712384149587123e-02 -3.131380549952086229e-02 3.233647196954337472e-02 8.410823070026463011e-02
4.771323309804207824e+00 -8.612177937746615108e-02 -3.137348901287827230e-02 3.239801362715618444e-02 8.406238067009226544e-02
4.774466474039916086e+00 -8.607639594501877156e-02 -3.143316756904740439e-02 3.245954961105352449e-02 8.401649815641658303e-02
4.777609638275623460e+00 -8.603097364089877519e-02 -3.149284115673954554e-02 3.252107990822952766e-02 8.397058323589631779e-02
4.780752802511330835e+00 -8.598551256150030464e-02 -3.155250976465494295e-02 3.258260450566527466e-02 8.392463598492827526e-02
4.783895966747038209e+00 -8.594001280286839295e-02 -3.161217338148292894e-02 3.264412339032857213e-02 8.387865647964871940e-02
4.787039130982746471e+00 -8.589447446070075376e-02 -3.167183199590171278e-02 3.270563654917404278e-02 8.383264479593452445e-02
4.790182295218453845e+00 -8.584889763034962706e-02 -3.173148559657847784e-02 3.276714396914297972e-02 8.378660100940450717e-02
4.793325459454161219e+00 -8.580328240682336127e-02 -3.179113417216923587e-02 3.282864563716341583e-02 8.374052519542064810e-02
4.796468623689869482e+00 -8.575762888478831447e-02 -3.185077771131898661e-02 3.289014154014998498e-02 8.369441742908925730e-02
4.799611787925576856e+00 -8.571193715857054751e-02 -3.191041620266140549e-02 3.295163166500399837e-02 8.364827778526232049e-02
4.802754952161284230e+00 -8.566620732215754486e-02 -3.197004963481907269e-02 3.301311599861325718e-02 8.360210633853862316e-02
4.805898116396992492e+00 -8.562043946919993542e-02 -3.202967799640332736e-02 3.307459452785220522e-02 8.355590316326498568e-02
4.809041280632699866e+00 -8.557463369301318568e-02 -3.208930127601418436e-02 3.313606723958166522e-02 8.350966833353754004e-02
4.812184444868407240e+00 -8.552879008657926496e-02 -3.214891946224041758e-02 3.319753412064894993e-02 8.346340192320278462e-02
4.815327609104115503e+00 -8.548290874254840799e-02 -3.220853254365945578e-02 3.325899515788786204e-02 8.341710400585887475e-02
4.818470773339822877e+00 -8.543698975324075240e-02 -3.226814050883732715e-02 3.332045033811847912e-02 8.337077465485684402e-02
4.821613937575530251e+00 -8.539103321064789309e-02 -3.232774334632877028e-02 3.338189964814727850e-02 8.332441394330167284e-02
4.824757101811237625e+00 -8.534503920643474184e-02 -3.238734104467693581e-02 3.344334307476700546e-02 8.327802194405352354e-02
4.827900266046945887e+00 -8.529900783194094283e-02 -3.244693359241373337e-02 3.350478060475671482e-02 8.323159872972885065e-02
4.831043430282653262e+00 -8.525293917818266287e-02 -3.250652097805932506e-02 3.356621222488161138e-02 8.318514437270166373e-02
4.834186594518360636e+00 -8.520683333585418739e-02 -3.256610319012258337e-02 3.362763792189309847e-02 8.313865894510454047e-02
4.837329758754068898e+00 -8.516069039532937757e-02 -3.262568021710064714e-02 3.368905768252877103e-02 8.309214251882982016e-02
4.840472922989776272e+00 -8.511451044666351606e-02 -3.268525204747914359e-02 3.375047149351226294e-02 8.304559516553081111e-02
4.843616087225483646e+00 -8.506829357959466709e-02 -3.274481866973211197e-02 3.381187934155328867e-02 8.299901695662281753e-02
4.846759251461191909e+00 -8.502203988354538333e-02 -3.280438007232188563e-02 3.387328121334761549e-02 8.295240796328427757e-02
4.849902415696899283e+00 -8.497574944762430194e-02 -3.286393624369911975e-02 3.393467709557691780e-02 8.290576825645791514e-02
4.853045579932606657e+00 -8.492942236062750450e-02 -3.292348717230271504e-02 3.399606697490887425e-02 8.285909790685183629e-02
4.856188744168314919e+00 -8.488305871104029343e-02 -3.298303284655990791e-02 3.405745083799704975e-02 8.281239698494058388e-02
4.859331908404022293e+00 -8.483665858703866303e-02 -3.304257325488604152e-02 3.411882867148082615e-02 8.276566556096634497e-02
4.862475072639729667e+00 -8.479022207649074272e-02 -3.310210838568469760e-02 3.418020046198546463e-02 8.271890370493985289e-02
4.865618236875437042e+00 -8.474374926695835142e-02 -3.316163822734764094e-02 3.424156619612196001e-02 8.267211148664166398e-02
4.868761401111145304e+00 -8.469724024569862120e-02 -3.322116276825463899e-02 3.430292586048710318e-02 8.262528897562310126e-02
4.871904565346852678e+00 -8.465069509966535732e-02 -3.328068199677360756e-02 3.436427944166326603e-02 8.257843624120739245e-02
4.875047729582560052e+00 -8.460411391551052318e-02 -3.334019590126052063e-02 3.442562692621859571e-02 8.253155335249066915e-02
4.878190893818268314e+00 -8.455749677958586397e-02 -3.339970447005935483e-02 3.448696830070679953e-02 8.248464037834309093e-02
4.881334058053975689e+00 -8.451084377794428060e-02 -3.345920769150198537e-02 3.454830355166714495e-02 8.243769738740988617e-02
4.884477222289683063e+00 -8.446415499634124524e-02 -3.351870555390833867e-02 3.460963266562447349e-02 8.239072444811228191e-02
4.887620386525391325e+00 -8.441743052023634175e-02 -3.357819804558623972e-02 3.467095562908908274e-02 8.234372162864871114e-02
4.890763550761098699e+00 -8.437067043479469508e-02 -3.363768515483129412e-02 3.473227242855670555e-02 8.229668899699572882e-02
4.893906714996806073e+00 -8.432387482488838681e-02 -3.369716686992703381e-02 3.479358305050853778e-02 8.224962662090910814e-02
4.897049879232514336e+00 -8.427704377509785683e-02 -3.375664317914478518e-02 3.485488748141111343e-02 8.220253456792472879e-02
4.900193043468221710e+00 -8.423017736971341596e-02 -3.381611407074363446e-02 3.491618570771624908e-02 8.215541290535979813e-02
4.903336207703929084e+00 -8.418327569273650890e-02 -3.387557953297041374e-02 3.497747771586111332e-02 8.210826170031365612e-02
4.906479371939636458e+00 -8.413633882788124074e-02 -3.393503955405963862e-02 3.503876349226806713e-02 8.206108101966892721e-02
4.909622536175344720e+00 -8.408936685857572313e-02 -3.399449412223352895e-02 3.510004302334470555e-02 8.201387093009238072e-02
4.912765700411052094e+00 -8.404235986796344815e-02 -3.405394322570190480e-02 3.516131629548371884e-02 8.196663149803604109e-02
4.915908864646759469e+00 -8.399531793890473164e-02 -3.411338685266220028e-02 3.522258329506297581e-02 8.191936278973811769e-02
4.919052028882467731e+00 -8.394824115397790665e-02 -3.417282499129946360e-02 3.528384400844542662e-02 8.187206487122394849e-02
4.922195193118175105e+00 -8.390112959548086391e-02 -3.423225762978616277e-02 3.534509842197894325e-02 8.182473780830706866e-02
4.925338357353882479e+00 -8.385398334543237020e-02 -3.429168475628236595e-02 3.540634652199649290e-02 8.177738166659005714e-02
4.928481521589590741e+00 -8.380680248557328960e-02 -3.435110635893555420e-02 3.546758829481598541e-02 8.172999651146556355e-02
4.931624685825298116e+00 -8.375958709736805452e-02 -3.441052242588062832e-02 3.552882372674012051e-02 8.168258240811732129e-02
4.934767850061005490e+00 -8.371233726200592862e-02 -3.446993294523990892e-02 3.559005280405655447e-02 8.163513942152096636e-02
4.937911014296712864e+00 -8.366505306040233902e-02 -3.452933790512305312e-02 3.565127551303777509e-02 8.158766761644509202e-02
4.941054178532421126e+00 -8.361773457320008374e-02 -3.458873729362707539e-02 3.571249183994099075e-02 8.154016705745208149e-02
4.944197342768128500e+00 -8.357038188077089980e-02 -3.464813109883616710e-02 3.577370177100812343e-02 8.149263780889920428e-02
4.947340507003835874e+00 -8.352299506321642086e-02 -3.470751930882189085e-02 3.583490529246580875e-02 8.144507993493935172e-02
4.950483671239544137e+00 -8.347557420036970377e-02 -3.476690191164299309e-02 3.589610239052535429e-02 8.139749349952209168e-02
4.953626835475251511e+00 -8.342811937179643589e-02 -3.482627889534534171e-02 3.595729305138258697e-02 8.134987856639458448e-02
4.956769999710958885e+00 -8.338063065679614250e-02 -3.488565024796198843e-02 3.601847726121795712e-02 8.130223519910237395e-02
4.959913163946667147e+00 -8.333310813440353293e-02 -3.494501595751309253e-02 3.607965500619642746e-02 8.125456346099044214e-02
4.963056328182374521e+00 -8.328555188338974957e-02 -3.500437601200587223e-02 3.614082627246736207e-02 8.120686341520402807e-02
4.966199492418081896e+00 -8.323796198226351972e-02 -3.506373039943459780e-02 3.620199104616460967e-02 8.115913512468954372e-02
4.969342656653790158e+00 -8.319033850927248785e-02 -3.512307910778050823e-02 3.626314931340639952e-02 8.111137865219546217e-02
4.972485820889497532e+00 -8.314268154240450626e-02 -3.518242212501180438e-02 3.632430106029523043e-02 8.106359406027323355e-02
4.975628985125204906e+00 -8.309499115938866198e-02 -3.524175943908366276e-02 3.638544627291795397e-02 8.101578141127810384e-02
4.978772149360912280e+00 -8.304726743769665076e-02 -3.530109103793808989e-02 3.644658493734565657e-02 8.096794076737004464e-02
4.981915313596620543e+00 -8.299951045454397047e-02 -3.536041690950399857e-02 3.650771703963363868e-02 8.092007219051459976e-02
4.985058477832327917e+00 -8.295172028689107302e-02 -3.541973704169703446e-02 3.656884256582131065e-02 8.087217574248377339e-02
4.988201642068035291e+00 -8.290389701144458556e-02 -3.547905142241970788e-02 3.662996150193219974e-02 8.082425148485687660e-02
4.991344806303743553e+00 -8.285604070465850401e-02 -3.553836003956125505e-02 3.669107383397397781e-02 8.077629947902136009e-02
4.994487970539450927e+00 -8.280815144273540040e-02 -3.559766288099755482e-02 3.675217954793823238e-02 8.072831978617375781e-02
4.997631134775158301e+00 -8.276022930162751923e-02 -3.565695993459123969e-02 3.681327862980060539e-02 8.068031246732038086e-02
5.000774299010866564e+00 -8.271227435703795705e-02 -3.571625118819154315e-02 3.687437106552066135e-02 8.063227758327827510e-02
5.003917463246573938e+00 -8.266428668442199479e-02 -3.577553662963423725e-02 3.693545684104180410e-02 8.058421519467610927e-02
5.007060627482281312e+00 -8.261626635898797200e-02 -3.583481624674171584e-02 3.699653594229129761e-02 8.053612536195482730e-02
5.010203791717989574e+00 -8.256821345569863302e-02 -3.589409002732293213e-02 3.705760835518025903e-02 8.048800814536860582e-02
5.013346955953696948e+00 -8.252012804927226497e-02 -3.595335795917316973e-02 3.711867406560347138e-02 8.043986360498568688e-02
5.016490120189404323e+00 -8.247201021418366917e-02 -3.601262003007432710e-02 3.717973305943947371e-02 8.039169180068912735e-02
5.019633284425111697e+00 -8.242386002466547956e-02 -3.607187622779460534e-02 3.724078532255043622e-02 8.034349279217765927e-02
5.022776448660819959e+00 -8.237567755470914799e-02 -3.613112654008863306e-02 3.730183084078217415e-02 8.029526663896643934e-02
5.025919612896527333e+00 -8.232746287806609609e-02 -3.619037095469728599e-02 3.736286959996402979e-02 8.024701340038803421e-02
5.029062777132234707e+00 -8.227921606824893652e-02 -3.624960945934785350e-02 3.742390158590888638e-02 8.019873313559294781e-02
5.032205941367942970e+00 -8.223093719853233341e-02 -3.630884204175380270e-02 3.748492678441311260e-02 8.015042590355057894e-02
5.035349105603650344e+00 -8.218262634195433458e-02 -3.636806868961482697e-02 3.754594518125645153e-02 8.010209176305010947e-02
5.038492269839357718e+00 -8.213428357131732915e-02 -3.642728939061679050e-02 3.760695676220209699e-02 8.005373077270104554e-02
5.041635434075065980e+00 -8.208590895918910224e-02 -3.648650413243177681e-02 3.766796151299653395e-02 8.000534299093418900e-02
5.044778598310773354e+00 -8.203750257790405620e-02 -3.654571290271784595e-02 3.772895941936952463e-02 7.995692847600234521e-02
5.047921762546480728e+00 -8.198906449956415432e-02 -3.660491568911921484e-02 3.778995046703411548e-02 7.990848728598114181e-02
5.051064926782188991e+00 -8.194059479603996166e-02 -3.666411247926613937e-02 3.785093464168649835e-02 7.986001947876969487e-02
5.054208091017896365e+00 -8.189209353897183852e-02 -3.672330326077475476e-02 3.791191192900603135e-02 7.981152511209155254e-02
5.057351255253603739e+00 -8.184356079977092580e-02 -3.678248802124726297e-02 3.797288231465514863e-02 7.976300424349527796e-02
5.060494419489311113e+00 -8.179499664962001926e-02 -3.684166674827173832e-02 3.803384578427937424e-02 7.971445693035529578e-02
5.063637583725019375e+00 -8.174640115947494345e-02 -3.690083942942211370e-02 3.809480232350723194e-02 7.966588322987264159e-02
5.066780747960726750e+00 -8.169777440006530111e-02 -3.696000605225811808e-02 3.815575191795016197e-02 7.961728319907569740e-02
5.069923912196434124e+00 -8.164911644189563888e-02 -3.701916660432534589e-02 3.821669455320250708e-02 7.956865689482095494e-02
5.073067076432142386e+00 -8.160042735524637714e-02 -3.707832107315514603e-02 3.827763021484156120e-02 7.952000437379369568e-02
5.076210240667849760e+00 -8.155170721017497570e-02 -3.713746944626445529e-02 3.833855888842728488e-02 7.947132569250887901e-02
5.079353404903557134e+00 -8.150295607651672491e-02 -3.719661171115607595e-02 3.839948055950251349e-02 7.942262090731162794e-02
5.082496569139265397e+00 -8.145417402388593908e-02 -3.725574785531832883e-02 3.846039521359275598e-02 7.937389007437822830e-02
5.085639733374972771e+00 -8.140536112167690019e-02 -3.731487786622511571e-02 3.852130283620619489e-02 7.932513324971664226e-02
5.088782897610680145e+00 -8.135651743906475997e-02 -3.737400173133594711e-02 3.858220341283359611e-02 7.927635048916738258e-02
5.091926061846388407e+00 -8.130764304500659456e-02 -3.743311943809585901e-02 3.864309692894839915e-02 7.922754184840410940e-02
5.095069226082095781e+00 -8.125873800824251481e-02 -3.749223097393529491e-02 3.870398337000639788e-02 7.917870738293443511e-02
5.098212390317803155e+00 -8.120980239729631844e-02 -3.755133632627020990e-02 3.876486272144599732e-02 7.912984714810054887e-02
5.101355554553510530e+00 -8.116083628047683629e-02 -3.761043548250191104e-02 3.882573496868794299e-02 7.908096119908003541e-02
5.104498718789218792e+00 -8.111183972587852897e-02 -3.766952843001709211e-02 3.888660009713543197e-02 7.903204959088641623e-02
5.107641883024926166e+00 -8.106281280138280532e-02 -3.772861515618773642e-02 3.894745809217387694e-02 7.898311237837006560e-02
5.110785047260633540e+00 -8.101375557465871624e-02 -3.778769564837108907e-02 3.900830893917104497e-02 7.893414961621866843e-02
5.113928211496341802e+00 -8.096466811316389844e-02 -3.784676989390969165e-02 3.906915262347691875e-02 7.888516135895808079e-02
5.117071375732049177e+00 -8.091555048414576790e-02 -3.790583788013122957e-02 3.912998913042359250e-02 7.883614766095294046e-02
5.120214539967756551e+00 -8.086640275464215821e-02 -3.796489959434851125e-02 3.919081844532534831e-02 7.878710857640740250e-02
5.123357704203464813e+00 -8.081722499148248640e-02 -3.802395502385956527e-02 3.925164055347854508e-02 7.873804415936573597e-02
5.126500868439172187e+00 -8.076801726128840508e-02 -3.808300415594738364e-02 3.931245544016152144e-02 7.868895446371307334e-02
5.129644032674879561e+00 -8.071877963047510707e-02 -3.814204697788003279e-02 3.937326309063456098e-02 7.863983954317606273e-02
5.132787196910587824e+00 -8.066951216525185264e-02 -3.820108347691059808e-02 3.943406349014003109e-02 7.859069945132350632e-02
5.135930361146295198e+00 -8.062021493162317698e-02 -3.826011364027701034e-02 3.949485662390195273e-02 7.854153424156712360e-02
5.139073525382002572e+00 -8.057088799538958401e-02 -3.831913745520227482e-02 3.955564247712631265e-02 7.849234396716205098e-02
5.142216689617709946e+00 -8.052153142214857340e-02 -3.837815490889408959e-02 3.961642103500081363e-02 7.844312868120764670e-02
5.145359853853418208e+00 -8.047214527729551481e-02 -3.843716598854509531e-02 3.967719228269493692e-02 7.839388843664803208e-02
5.148503018089125582e+00 -8.042272962602446673e-02 -3.849617068133263237e-02 3.973795620535972017e-02 7.834462328627286865e-02
5.151646182324832957e+00 -8.037328453332914791e-02 -3.855516897441886581e-02 3.979871278812791013e-02 7.829533328271792714e-02
5.154789346560541219e+00 -8.032381006400378387e-02 -3.861416085495058409e-02 3.985946201611382383e-02 7.824601847846568425e-02
5.157932510796248593e+00 -8.027430628264400903e-02 -3.867314631005927539e-02 3.992020387441321677e-02 7.819667892584605817e-02
5.161075675031955967e+00 -8.022477325364765766e-02 -3.873212532686098192e-02 3.998093834810335923e-02 7.814731467703701917e-02
5.164218839267664229e+00 -8.017521104121570763e-02 -3.879109789245643175e-02 4.004166542224294606e-02 7.809792578406515862e-02
5.167362003503371604e+00 -8.012561970935314082e-02 -3.885006399393074739e-02 4.010238508187197182e-02 7.804851229880643837e-02
5.170505167739078978e+00 -8.007599932186974800e-02 -3.890902361835365392e-02 4.016309731201179317e-02 7.799907427298671814e-02
5.173648331974787240e+00 -8.002634994238096156e-02 -3.896797675277922923e-02 4.022380209766499709e-02 7.794961175818240773e-02
5.176791496210494614e+00 -7.997667163430886850e-02 -3.902692338424604279e-02 4.028449942381535920e-02 7.790012480582111931e-02
5.179934660446201988e+00 -7.992696446088283502e-02 -3.908586349977691277e-02 4.034518927542783684e-02 7.785061346718223640e-02
5.183077824681909362e+00 -7.987722848514047791e-02 -3.914479708637905869e-02 4.040587163744843724e-02 7.780107779339755225e-02
5.186220988917617625e+00 -7.982746376992838622e-02 -3.920372413104397658e-02 4.046654649480429383e-02 7.775151783545188044e-02
5.189364153153324999e+00 -7.977767037790316207e-02 -3.926264462074731398e-02 4.052721383240339564e-02 7.770193364418366555e-02
5.192507317389032373e+00 -7.972784837153200355e-02 -3.932155854244896720e-02 4.058787363513480240e-02 7.765232527028559373e-02
5.195650481624740635e+00 -7.967799781309369000e-02 -3.938046588309299795e-02 4.064852588786840165e-02 7.760269276430516172e-02
5.198793645860448009e+00 -7.962811876467916494e-02 -3.943936662960746686e-02 4.070917057545488105e-02 7.755303617664534299e-02
5.201936810096155384e+00 -7.957821128819278500e-02 -3.949826076890460003e-02 4.076980768272573524e-02 7.750335555756505956e-02
5.205079974331863646e+00 -7.952827544535265303e-02 -3.955714828788056692e-02 4.083043719449324510e-02 7.745365095717991755e-02
5.208223138567571020e+00 -7.947831129769167280e-02 -3.961602917341552205e-02 4.089105909555020707e-02 7.740392242546272061e-02
5.211366302803278394e+00 -7.942831890655832616e-02 -3.967490341237355639e-02 4.095167337067017604e-02 7.735417001224402511e-02
5.214509467038986656e+00 -7.937829833311736694e-02 -3.973377099160264880e-02 4.101228000460721557e-02 7.730439376721280620e-02
5.217652631274694031e+00 -7.932824963835075072e-02 -3.979263189793454808e-02 4.107287898209587701e-02 7.725459373991698520e-02
5.220795795510401405e+00 -7.927817288305828713e-02 -3.985148611818491171e-02 4.113347028785117876e-02 7.720476997976402633e-02
5.223938959746108779e+00 -7.922806812785851416e-02 -3.991033363915301446e-02 4.119405390656854377e-02 7.715492253602147799e-02
5.227082123981817041e+00 -7.917793543318936422e-02 -3.996917444762192878e-02 4.125462982292376485e-02 7.710505145781755554e-02
5.230225288217524415e+00 -7.912777485930912180e-02 -4.002800853035834439e-02 4.131519802157284510e-02 7.705515679414176589e-02
5.233368452453231789e+00 -7.907758646629696464e-02 -4.008683587411254051e-02 4.137575848715207422e-02 7.700523859384537928e-02
5.236511616688940052e+00 -7.902737031405392132e-02 -4.014565646561844142e-02 4.143631120427793135e-02 7.695529690564206771e-02
5.239654780924647426e+00 -7.897712646230346800e-02 -4.020447029159341518e-02 4.149685615754698798e-02 7.690533177810845999e-02
5.242797945160354800e+00 -7.892685497059244437e-02 -4.026327733873830833e-02 4.155739333153586623e-02 7.685534325968459979e-02
5.245941109396063062e+00 -7.887655589829163649e-02 -4.032207759373753614e-02 4.161792271080127364e-02 7.680533139867462555e-02
5.249084273631770436e+00 -7.882622930459669275e-02 -4.038087104325868010e-02 4.167844427987979494e-02 7.675529624324728406e-02
5.252227437867477811e+00 -7.877587524852872058e-02 -4.043965767395282795e-02 4.173895802328792676e-02 7.670523784143638835e-02
5.255370602103186073e+00 -7.872549378893507754e-02 -4.049843747245431697e-02 4.179946392552205681e-02 7.665515624114152549e-02
5.258513766338893447e+00 -7.867508498449020393e-02 -4.055721042538066451e-02 4.185996197105830430e-02 7.660505149012844517e-02
5.261656930574600821e+00 -7.862464889369619181e-02 -4.061597651933274156e-02 4.192045214435250605e-02 7.655492363602969808e-02
5.264800094810308195e+00 -7.857418557488353439e-02 -4.067473574089448124e-02 4.198093442984026508e-02 7.650477272634513548e-02
5.267943259046016458e+00 -7.852369508621204197e-02 -4.073348807663292048e-02 4.204140881193674240e-02 7.645459880844242273e-02
5.271086423281723832e+00 -7.847317748567128604e-02 -4.079223351309815143e-02 4.210187527503660154e-02 7.640440192955763599e-02
5.274229587517431206e+00 -7.842263283108152905e-02 -4.085097203682330064e-02 4.216233380351411264e-02 7.635418213679572019e-02
5.277372751753139468e+00 -7.837206118009433509e-02 -4.090970363432459844e-02 4.222278438172292342e-02 7.630393947713104419e-02
5.280515915988846842e+00 -7.832146259019326373e-02 -4.096842829210095571e-02 4.228322699399608697e-02 7.625367399740792806e-02
5.283659080224554216e+00 -7.827083711869464722e-02 -4.102714599663433853e-02 4.234366162464598543e-02 7.620338574434118439e-02
5.286802244460262479e+00 -7.822018482274821494e-02 -4.108585673438951147e-02 4.240408825796430914e-02 7.615307476451656232e-02
5.289945408695969853e+00 -7.816950575933784284e-02 -4.114456049181398900e-02 4.246450687822187625e-02 7.610274110439134432e-02
5.293088572931677227e+00 -7.811879998528228897e-02 -4.120325725533802858e-02 4.252491746966875069e-02 7.605238481029484576e-02
5.296231737167385489e+00 -7.806806755723569302e-02 -4.126194701137464449e-02 4.258532001653404786e-02 7.600200592842883129e-02
5.299374901403092863e+00 -7.801730853168852009e-02 -4.132062974631937891e-02 4.264571450302591382e-02 7.595160450486820869e-02
5.302518065638800238e+00 -7.796652296496801859e-02 -4.137930544655045451e-02 4.270610091333153224e-02 7.590118058556134806e-02
5.305661229874507612e+00 -7.791571091323906684e-02 -4.143797409842862878e-02 4.276647923161693704e-02 7.585073421633065083e-02
5.308804394110215874e+00 -7.786487243250468648e-02 -4.149663568829718013e-02 4.282684944202708177e-02 7.580026544287307710e-02
5.311947558345923248e+00 -7.781400757860693074e-02 -4.155529020248174138e-02 4.288721152868568698e-02 7.574977431076064527e-02
5.315090722581630622e+00 -7.776311640722732843e-02 -4.161393762729046625e-02 4.294756547569522631e-02 7.569926086544088994e-02
5.318233886817338885e+00 -7.771219897388763342e-02 -4.167257794901382817e-02 4.300791126713691265e-02 7.564872515223736160e-02
5.321377051053046259e+00 -7.766125533395056013e-02 -4.173121115392453701e-02 4.306824888707046217e-02 7.559816721635012615e-02
5.324520215288753633e+00 -7.761028554262033863e-02 -4.178983722827765007e-02 4.312857831953428867e-02 7.554758710285626455e-02
5.327663379524461895e+00 -7.755928965494342242e-02 -4.184845615831041948e-02 4.318889954854525370e-02 7.549698485671031689e-02
5.330806543760169269e+00 -7.750826772580909907e-02 -4.190706793024219501e-02 4.324921255809862503e-02 7.544636052274485138e-02
5.333949707995876643e+00 -7.745721980995019795e-02 -4.196567253027456285e-02 4.330951733216812510e-02 7.539571414567083907e-02
5.337092872231584906e+00 -7.740614596194365926e-02 -4.202426994459104725e-02 4.336981385470579237e-02 7.534504577007813952e-02
5.340236036467292280e+00 -7.735504623621122788e-02 -4.208286015935724239e-02 4.343010210964188406e-02 7.529435544043613926e-02
5.343379200702999654e+00 -7.730392068702010566e-02 -4.214144316072065966e-02 4.349038208088488316e-02 7.524364320109401538e-02
5.346522364938707028e+00 -7.725276936848347875e-02 -4.220001893481083871e-02 4.355065375232144292e-02 7.519290909628126296e-02
5.349665529174415290e+00 -7.720159233456128089e-02 -4.225858746773906299e-02 4.361091710781628272e-02 7.514215317010825013e-02
5.352808693410122665e+00 -7.715038963906079017e-02 -4.231714874559850542e-02 4.367117213121210484e-02 7.509137546656666218e-02
5.355951857645830039e+00 -7.709916133563717022e-02 -4.237570275446408269e-02 4.373141880632962220e-02 7.504057602952984851e-02
5.359095021881538301e+00 -7.704790747779412252e-02 -4.243424948039243444e-02 4.379165711696744040e-02 7.498975490275340550e-02
5.362238186117245675e+00 -7.699662811888462188e-02 -4.249278890942182613e-02 4.385188704690192590e-02 7.493891212987563444e-02
5.365381350352953049e+00 -7.694532331211138831e-02 -4.255132102757219065e-02 4.391210857988733091e-02 7.488804775441787465e-02
5.368524514588661312e+00 -7.689399311052751151e-02 -4.260984582084501038e-02 4.397232169965556436e-02 7.483716181978511406e-02
5.371667678824368686e+00 -7.684263756703714476e-02 -4.266836327522328942e-02 4.403252638991612955e-02 7.478625436926639169e-02
5.374810843060076060e+00 -7.679125673439607391e-02 -4.272687337667144258e-02 4.409272263435620731e-02 7.473532544603515848e-02
5.377954007295783434e+00 -7.673985066521223086e-02 -4.278537611113540640e-02 4.415291041664047567e-02 7.468437509314984624e-02
5.381097171531491696e+00 -7.668841941194641521e-02 -4.284387146454236850e-02 4.421308972041104735e-02 7.463340335355422850e-02
5.384240335767199070e+00 -7.663696302691289097e-02 -4.290235942280087866e-02 4.427326052928742123e-02 7.458241027007796176e-02
5.387383500002906445e+00 -7.658548156227980297e-02 -4.296083997180072389e-02 4.433342282686647540e-02 7.453139588543691851e-02
5.390526664238614707e+00 -7.653397507007002332e-02 -4.301931309741297699e-02 4.439357659672234224e-02 7.448036024223367302e-02
5.393669828474322081e+00 -7.648244360216152615e-02 -4.307777878548977452e-02 4.445372182240633907e-02 7.442930338295795922e-02
5.396812992710029455e+00 -7.643088721028810928e-02 -4.313623702186432374e-02 4.451385848744694035e-02 7.437822534998707324e-02
5.399956156945737717e+00 -7.637930594603985213e-02 -4.319468779235107608e-02 4.457398657534973607e-02 7.432712618558633133e-02
5.403099321181445092e+00 -7.632769986086380964e-02 -4.325313108274526225e-02 4.463410606959723748e-02 7.427600593190951395e-02
5.406242485417152466e+00 -7.627606900606453966e-02 -4.331156687882320444e-02 4.469421695364898112e-02 7.422486463099919884e-02
5.409385649652860728e+00 -7.622441343280461634e-02 -4.336999516634207352e-02 4.475431921094137622e-02 7.417370232478730230e-02
5.412528813888568102e+00 -7.617273319210535187e-02 -4.342841593103986125e-02 4.481441282488764916e-02 7.412251905509552319e-02
5.415671978124275476e+00 -7.612102833484717113e-02 -4.348682915863537335e-02 4.487449777887778102e-02 7.407131486363560668e-02
5.418815142359982850e+00 -7.606929891177033332e-02 -4.354523483482819479e-02 4.493457405627841045e-02 7.402008979200988548e-02
5.421958306595691113e+00 -7.601754497347538997e-02 -4.360363294529856493e-02 4.499464164043287528e-02 7.396884388171168223e-02
5.425101470831398487e+00 -7.596576657042382330e-02 -4.366202347570728726e-02 4.505470051466096970e-02 7.391757717412576756e-02
5.428244635067105861e+00 -7.591396375293849030e-02 -4.372040641169584740e-02 4.511475066225909686e-02 7.386628971052866532e-02
5.431387799302814123e+00 -7.586213657120433052e-02 -4.377878173888624658e-02 4.517479206649997747e-02 7.381498153208913837e-02
5.434530963538521497e+00 -7.581028507526876847e-02 -4.383714944288086973e-02 4.523482471063277471e-02 7.376365267986861873e-02
5.437674127774228872e+00 -7.575840931504236597e-02 -4.389550950926259659e-02 4.529484857788287216e-02 7.371230319482156845e-02
5.440817292009937134e+00 -7.570650934029921064e-02 -4.395386192359469757e-02 4.535486365145198484e-02 7.366093311779584041e-02
5.443960456245644508e+00 -7.565458520067773474e-02 -4.401220667142065335e-02 4.541486991451788163e-02 7.360954248953328893e-02
5.447103620481351882e+00 -7.560263694568097881e-02 -4.407054373826429367e-02 4.547486735023447552e-02 7.355813135066992248e-02
5.450246784717060144e+00 -7.555066462467720234e-02 -4.412887310962959608e-02 4.553485594173174028e-02 7.350669974173637544e-02
5.453389948952767519e+00 -7.549866828690056375e-02 -4.418719477100069987e-02 4.559483567211553706e-02 7.345524770315847718e-02
5.456533113188474893e+00 -7.544664798145146734e-02 -4.424550870784187129e-02 4.565480652446763515e-02 7.340377527525740464e-02
5.459676277424182267e+00 -7.539460375729714614e-02 -4.430381490559737179e-02 4.571476848184569119e-02 7.335228249825026525e-02
5.462819441659890529e+00 -7.534253566327217544e-02 -4.436211334969149267e-02 4.577472152728306182e-02 7.330076941225030507e-02
5.465962605895597903e+00 -7.529044374807912499e-02 -4.442040402552836775e-02 4.583466564378877589e-02 7.324923605726756104e-02
5.469105770131305277e+00 -7.523832806028889209e-02 -4.447868691849209827e-02 4.589460081434752758e-02 7.319768247320895815e-02
5.472248934367013540e+00 -7.518618864834127058e-02 -4.453696201394656551e-02 4.595452702191953759e-02 7.314610869987892006e-02
5.475392098602720914e+00 -7.513402556054558923e-02 -4.459522929723541695e-02 4.601444424944051842e-02 7.309451477697966049e-02
5.478535262838428288e+00 -7.508183884508105865e-02 -4.465348875368197606e-02 4.607435247982158422e-02 7.304290074411157185e-02
5.481678427074136550e+00 -7.502962854999736808e-02 -4.471174036858926309e-02 4.613425169594922992e-02 7.299126664077358606e-02
5.484821591309843924e+00 -7.497739472321521270e-02 -4.476998412723986326e-02 4.619414188068515087e-02 7.293961250636361859e-02
5.487964755545551299e+00 -7.492513741252671000e-02 -4.482822001489589203e-02 4.625402301686631218e-02 7.288793838017895710e-02
5.491107919781259561e+00 -7.487285666559596875e-02 -4.488644801679902291e-02 4.631389508730481691e-02 7.283624430141649730e-02
5.494251084016966935e+00 -7.482055252995957473e-02 -4.494466811817024454e-02 4.637375807478773260e-02 7.278453030917325650e-02
5.497394248252674309e+00 -7.476822505302710420e-02 -4.500288030420997870e-02 4.643361196207727165e-02 7.273279644244674824e-02
5.500537412488381683e+00 -7.471587428208158188e-02 -4.506108456009794844e-02 4.649345673191046524e-02 7.268104274013525989e-02
5.503680576724089946e+00 -7.466350026427999442e-02 -4.511928087099316420e-02 4.655329236699926737e-02 7.262926924103829673e-02
5.506823740959797320e+00 -7.461110304665381776e-02 -4.517746922203373650e-02 4.661311885003031896e-02 7.257747598385691501e-02
5.509966905195504694e+00 -7.455868267610940570e-02 -4.523564959833700772e-02 4.667293616366505887e-02 7.252566300719412440e-02
5.513110069431212956e+00 -7.450623919942851725e-02 -4.529382198499939255e-02 4.673274429053954349e-02 7.247383034955519332e-02
5.516253233666920330e+00 -7.445377266326894117e-02 -4.535198636709627390e-02 4.679254321326435651e-02 7.242197804934809302e-02
5.519396397902627704e+00 -7.440128311416470408e-02 -4.541014272968205839e-02 4.685233291442465059e-02 7.237010614488378901e-02
5.522539562138335967e+00 -7.434877059852676440e-02 -4.546829105779005842e-02 4.691211337657994612e-02 7.231821467437661577e-02
5.525682726374043341e+00 -7.429623516264348415e-02 -4.552643133643240192e-02 4.697188458226414509e-02 7.226630367594466531e-02
5.528825890609750715e+00 -7.424367685268094819e-02 -4.558456355059999077e-02 4.703164651398539231e-02 7.221437318761014801e-02
5.531969054845458977e+00 -7.419109571468346376e-02 -4.564268768526257708e-02 4.709139915422609624e-02 7.216242324729962854e-02
5.535112219081166351e+00 -7.413849179457433769e-02 -4.570080372536845098e-02 4.715114248544274161e-02 7.211045389284459484e-02
5.538255383316873726e+00 -7.408586513815580699e-02 -4.575891165584456549e-02 4.721087649006591030e-02 7.205846516198158302e-02
5.541398547552581100e+00 -7.403321579110998252e-02 -4.581701146159646021e-02 4.727060115050017719e-02 7.200645709235273251e-02
5.544541711788289362e+00 -7.398054379899904331e-02 -4.587510312750819885e-02 4.733031644912401997e-02 7.195442972150592476e-02
5.547684876023996736e+00 -7.392784920726579168e-02 -4.593318663844216110e-02 4.739002236828972203e-02 7.190238308689532454e-02
5.550828040259704110e+00 -7.387513206123413889e-02 -4.599126197923921605e-02 4.744971889032339324e-02 7.185031722588161585e-02
5.553971204495412373e+00 -7.382239240610941056e-02 -4.604932913471848632e-02 4.750940599752481036e-02 7.179823217573232108e-02
5.557114368731119747e+00 -7.376963028697901270e-02 -4.610738808967740354e-02 4.756908367216734074e-02 7.174612797362228678e-02
5.560257532966827121e+00 -7.371684574881273710e-02 -4.616543882889158346e-02 4.762875189649792146e-02 7.169400465663382238e-02
5.563400697202535383e+00 -7.366403883646317763e-02 -4.622348133711474266e-02 4.768841065273698998e-02 7.164186226175719985e-02
5.566543861438242757e+00 -7.361120959466639635e-02 -4.628151559907871249e-02 4.774805992307829677e-02 7.158970082589094508e-02
5.569687025673950131e+00 -7.355835806804204846e-02 -4.633954159949334184e-02 4.780769968968896777e-02 7.153752038584215711e-02
5.572830189909658394e+00 -7.350548430109414555e-02 -4.639755932304644170e-02 4.786732993470940029e-02 7.148532097832678567e-02
5.575973354145365768e+00 -7.345258833821127764e-02 -4.645556875440363942e-02 4.792695064025302709e-02 7.143310263997014464e-02
5.579116518381073142e+00 -7.339967022366709892e-02 -4.651356987820851746e-02 4.798656178840653846e-02 7.138086540730698148e-02
5.582259682616780516e+00 -7.334673000162082734e-02 -4.657156267908233588e-02 4.804616336122950054e-02 7.132860931678210170e-02
5.585402846852488778e+00 -7.329376771611757768e-02 -4.662954714162412945e-02 4.810575534075453574e-02 7.127633440475039661e-02
5.588546011088196153e+00 -7.324078341108895829e-02 -4.668752325041050644e-02 4.816533770898701050e-02 7.122404070747744009e-02
5.591689175323903527e+00 -7.318777713035329313e-02 -4.674549098999573188e-02 4.822491044790513243e-02 7.117172826113961348e-02
5.594832339559611789e+00 -7.313474891761616303e-02 -4.680345034491158879e-02 4.828447353945984621e-02 7.111939710182453578e-02
5.597975503795319163e+00 -7.308169881647090527e-02 -4.686140129966725326e-02 4.834402696557465323e-02 7.106704726553136897e-02
5.601118668031026537e+00 -7.302862687039886336e-02 -4.691934383874936387e-02 4.840357070814565316e-02 7.101467878817112334e-02
5.604261832266734800e+00 -7.297553312276992832e-02 -4.697727794662191064e-02 4.846310474904141907e-02 7.096229170556692112e-02
5.607404996502442174e+00 -7.292241761684294110e-02 -4.703520360772607545e-02 4.852262907010287257e-02 7.090988605345448226e-02
5.610548160738149548e+00 -7.286928039576603955e-02 -4.709312080648033610e-02 4.858214365314328376e-02 7.085746186748222153e-02
5.613691324973857810e+00 -7.281612150257722738e-02 -4.715102952728029984e-02 4.864164847994818797e-02 7.080501918321173427e-02
5.616834489209565184e+00 -7.276294098020461010e-02 -4.720892975449859919e-02 4.870114353227523313e-02 7.075255803611804617e-02
5.619977653445272558e+00 -7.270973887146695014e-02 -4.726682147248491977e-02 4.876062879185414506e-02 7.070007846158991860e-02
5.623120817680979933e+00 -7.265651521907395827e-02 -4.732470466556591704e-02 4.882010424038669277e-02 7.064758049493014003e-02
5.626263981916688195e+00 -7.260327006562677932e-02 -4.738257931804519540e-02 4.887956985954652195e-02 7.059506417135590073e-02
5.629407146152395569e+00 -7.255000345361843628e-02 -4.744044541420305156e-02 4.893902563097912023e-02 7.054252952599907034e-02
5.632550310388102943e+00 -7.249671542543410785e-02 -4.749830293829660627e-02 4.899847153630174090e-02 7.048997659390644765e-02
5.635693474623811206e+00 -7.244340602335164192e-02 -4.755615187455974197e-02 4.905790755710335432e-02 7.043740541004014921e-02
5.638836638859518580e+00 -7.239007528954187476e-02 -4.761399220720288761e-02 4.911733367494445363e-02 7.038481600927788684e-02
5.641979803095225954e+00 -7.233672326606911673e-02 -4.767182392041304645e-02 4.917674987135711023e-02 7.033220842641325909e-02
5.645122967330934216e+00 -7.228334999489142987e-02 -4.772964699835382379e-02 4.923615612784480733e-02 7.027958269615600106e-02
5.648266131566641590e+00 -7.222995551786119683e-02 -4.778746142516512863e-02 4.929555242588235658e-02 7.022693885313242845e-02
5.651409295802348964e+00 -7.217653987672532911e-02 -4.784526718496328462e-02 4.935493874691590510e-02 7.017427693188556248e-02
5.654552460038057227e+00 -7.212310311312578048e-02 -4.790306426184101629e-02 4.941431507236273418e-02 7.012159696687554622e-02
5.657695624273764601e+00 -7.206964526859993558e-02 -4.796085263986710201e-02 4.947368138361123158e-02 7.006889899247992215e-02
5.660838788509471975e+00 -7.201616638458083197e-02 -4.801863230308670016e-02 4.953303766202085678e-02 7.001618304299384032e-02
5.663981952745179349e+00 -7.196266650239779850e-02 -4.807640323552090506e-02 4.959238388892196758e-02 6.996344915263051634e-02
5.667125116980887611e+00 -7.190914566327666346e-02 -4.813416542116696895e-02 4.965172004561581309e-02 6.991069735552131459e-02
5.670268281216594985e+00 -7.185560390834021260e-02 -4.819191884399802450e-02 4.971104611337438112e-02 6.985792768571626177e-02
5.673411445452302360e+00 -7.180204127860853602e-02 -4.824966348796318888e-02 4.977036207344038427e-02 6.980514017718414399e-02
5.676554609688010622e+00 -7.174845781499933350e-02 -4.830739933698739719e-02 4.982966790702713505e-02 6.975233486381285375e-02
5.679697773923717996e+00 -7.169485355832855289e-02 -4.836512637497127759e-02 4.988896359531844182e-02 6.969951177940980624e-02
5.682840938159425370e+00 -7.164122854931043172e-02 -4.842284458579129702e-02 4.994824911946857404e-02 6.964667095770200878e-02
5.685984102395133633e+00 -7.158758282855808008e-02 -4.848055395329943507e-02 5.000752446060220680e-02 6.959381243233649095e-02
5.689127266630841007e+00 -7.153391643658375820e-02 -4.853825446132330884e-02 5.006678959981417099e-02 6.954093623688056836e-02
5.692270430866548381e+00 -7.148022941379941764e-02 -4.859594609366600648e-02 5.012604451816957823e-02 6.948804240482203687e-02
5.695413595102256643e+00 -7.142652180051671518e-02 -4.865362883410608713e-02 5.018528919670359884e-02 6.943513096956958897e-02
5.698556759337964017e+00 -7.137279363694785939e-02 -4.871130266639737971e-02 5.024452361642142012e-02 6.938220196445299415e-02
5.701699923573671391e+00 -7.131904496320551345e-02 -4.876896757426912865e-02 5.030374775829816320e-02 6.932925542272340425e-02
5.704843087809378765e+00 -7.126527581930346134e-02 -4.882662354142567468e-02 5.036296160327877192e-02 6.927629137755363098e-02
5.707986252045087028e+00 -7.121148624515685754e-02 -4.888427055154662138e-02 5.042216513227799207e-02 6.922330986203839576e-02
5.711129416280794402e+00 -7.115767628058257410e-02 -4.894190858828657842e-02 5.048135832618014934e-02 6.917031090919469050e-02
5.714272580516501776e+00 -7.110384596529963075e-02 -4.899953763527519629e-02 5.054054116583923950e-02 6.911729455196194416e-02
5.717415744752210038e+00 -7.104999533892947250e-02 -4.905715767611713157e-02 5.059971363207870637e-02 6.906426082320232807e-02
5.720558908987917413e+00 -7.099612444099639985e-02 -4.911476869439178328e-02 5.065887570569137938e-02 6.901120975570107507e-02
5.723702073223624787e+00 -7.094223331092786022e-02 -4.917237067365342468e-02 5.071802736743944579e-02 6.895814138216672939e-02
5.726845237459333049e+00 -7.088832198805479490e-02 -4.922996359743112699e-02 5.077716859805431887e-02 6.890505573523128535e-02
5.729988401695040423e+00 -7.083439051161201372e-02 -4.928754744922848180e-02 5.083629937823651995e-02 6.885195284745070088e-02
5.733131565930747797e+00 -7.078043892073865306e-02 -4.934512221252378150e-02 5.089541968865562288e-02 6.879883275130496689e-02
5.736274730166456060e+00 -7.072646725447827298e-02 -4.940268787076981805e-02 5.095452950995019853e-02 6.874569547919839874e-02
5.739417894402163434e+00 -7.067247555177946783e-02 -4.946024440739376499e-02 5.101362882272762744e-02 6.869254106346003863e-02
5.742561058637870808e+00 -7.061846385149597727e-02 -4.951779180579723300e-02 5.107271760756414841e-02 6.863936953634369731e-02
5.745704222873578182e+00 -7.056443219238722753e-02 -4.957533004935615190e-02 5.113179584500465030e-02 6.858618093002841198e-02
5.748847387109286444e+00 -7.051038061311852567e-02 -4.963285912142060413e-02 5.119086351556261655e-02 6.853297527661857125e-02
5.751990551344993818e+00 -7.045630915226153146e-02 -4.969037900531490110e-02 5.124992059972004882e-02 6.847975260814428977e-02
5.755133715580701192e+00 -7.040221784829447937e-02 -4.974788968433742353e-02 5.130896707792738376e-02 6.842651295656156096e-02
5.758276879816409455e+00 -7.034810673960249783e-02 -4.980539114176053828e-02 5.136800293060337502e-02 6.837325635375253452e-02
5.761420044052116829e+00 -7.029397586447816426e-02 -4.986288336083054273e-02 5.142702813813498919e-02 6.831998283152590501e-02
5.764563208287824203e+00 -7.023982526112147740e-02 -4.992036632476766489e-02 5.148604268087737801e-02 6.826669242161693962e-02
5.767706372523532465e+00 -7.018565496764053724e-02 -4.997784001676585514e-02 5.154504653915373269e-02 6.821338515568789451e-02
5.770849536759239840e+00 -7.013146502205169774e-02 -5.003530441999280015e-02 5.160403969325517287e-02 6.816006106532825071e-02
5.773992700994947214e+00 -7.007725546227989988e-02 -5.009275951758985351e-02 5.166302212344073275e-02 6.810672018205488065e-02
5.777135865230655476e+00 -7.002302632615901856e-02 -5.015020529267193161e-02 5.172199380993722923e-02 6.805336253731238128e-02
5.780279029466362850e+00 -6.996877765143225125e-02 -5.020764172832739569e-02 5.178095473293907458e-02 6.799998816247332378e-02
5.783422193702070224e+00 -6.991450947575229835e-02 -5.026506880761810042e-02 5.183990487260833890e-02 6.794659708883844795e-02
5.786565357937777598e+00 -6.986022183668187668e-02 -5.032248651357919961e-02 5.189884420907459051e-02 6.789318934763693969e-02
5.789708522173485861e+00 -6.980591477169388603e-02 -5.037989482921911150e-02 5.195777272243478490e-02 6.783976497002662531e-02
5.792851686409193235e+00 -6.975158831817175609e-02 -5.043729373751943551e-02 5.201669039275313988e-02 6.778632398709438789e-02
5.795994850644900609e+00 -6.969724251340983501e-02 -5.049468322143497306e-02 5.207559720006112863e-02 6.773286642985615336e-02
5.799138014880608871e+00 -6.964287739461365312e-02 -5.055206326389345695e-02 5.213449312435736865e-02 6.767939232925734849e-02
5.802281179116316245e+00 -6.958849299890024209e-02 -5.060943384779562765e-02 5.219337814560737893e-02 6.762590171617302581e-02
5.805424343352023620e+00 -6.953408936329846801e-02 -5.066679495601514316e-02 5.225225224374373256e-02 6.757239462140815500e-02
5.808567507587731882e+00 -6.947966652474928118e-02 -5.072414657139844019e-02 5.231111539866576537e-02 6.751887107569784496e-02
5.811710671823439256e+00 -6.942522452010618794e-02 -5.078148867676467865e-02 5.236996759023951342e-02 6.746533110970757974e-02
5.814853836059146630e+00 -6.937076338613534787e-02 -5.083882125490572085e-02 5.242880879829769913e-02 6.741177475403350994e-02
5.817997000294854004e+00 -6.931628315951603170e-02 -5.089614428858593026e-02 5.248763900263958559e-02 6.735820203920253602e-02
5.821140164530562267e+00 -6.926178387684091275e-02 -5.095345776054226866e-02 5.254645818303082389e-02 6.730461299567272460e-02
5.824283328766269641e+00 -6.920726557461624739e-02 -5.101076165348402552e-02 5.260526631920344615e-02 6.725100765383348889e-02
5.827426493001977015e+00 -6.915272828926241622e-02 -5.106805595009291515e-02 5.266406339085567823e-02 6.719738604400576909e-02
5.830569657237685277e+00 -6.909817205711391019e-02 -5.112534063302289628e-02 5.272284937765198132e-02 6.714374819644224057e-02
5.833712821473392651e+00 -6.904359691442005231e-02 -5.118261568490002633e-02 5.278162425922276746e-02 6.709009414132771632e-02
5.836855985709100025e+00 -6.898900289734483104e-02 -5.123988108832259331e-02 5.284038801516442729e-02 6.703642390877916080e-02
5.839999149944808288e+00 -6.893439004196753872e-02 -5.129713682586089368e-02 5.289914062503921210e-02 6.698273752884612020e-02
5.843142314180515662e+00 -6.887975838428297970e-02 -5.135438288005704510e-02 5.295788206837511586e-02 6.692903503151075018e-02
5.846285478416223036e+00 -6.882510796020165078e-02 -5.141161923342523615e-02 5.301661232466574336e-02 6.687531644668823216e-02
5.849428642651931298e+00 -6.877043880555021305e-02 -5.146884586845129617e-02 5.307533137337029638e-02 6.682158180422684279e-02
5.852571806887638672e+00 -6.871575095607167227e-02 -5.152606276759278542e-02 5.313403919391337937e-02 6.676783113390834246e-02
5.855714971123346047e+00 -6.866104444742573976e-02 -5.158326991327890493e-02 5.319273576568495782e-02 6.671406446544803082e-02
5.858858135359053421e+00 -6.860631931518902660e-02 -5.164046728791046176e-02 5.325142106804026804e-02 6.666028182849509376e-02
5.862001299594761683e+00 -6.855157559485543228e-02 -5.169765487385965391e-02 5.331009508029962984e-02 6.660648325263272829e-02
5.865144463830469057e+00 -6.849681332183642224e-02 -5.175483265347009115e-02 5.336875778174841184e-02 6.655266876737850335e-02
5.868287628066176431e+00 -6.844203253146123600e-02 -5.181200060905661459e-02 5.342740915163696896e-02 6.649883840218444309e-02
5.871430792301884694e+00 -6.838723325897731742e-02 -5.186915872290544238e-02 5.348604916918046903e-02 6.644499218643729055e-02
5.874573956537592068e+00 -6.833241553955039793e-02 -5.192630697727373956e-02 5.354467781355874700e-02 6.639113014945878521e-02
5.877717120773299442e+00 -6.827757940826503780e-02 -5.198344535438989555e-02 5.360329506391631887e-02 6.633725232050580178e-02
5.880860285009007704e+00 -6.822272490012457058e-02 -5.204057383645317725e-02 5.366190089936223595e-02 6.628335872877058610e-02
5.884003449244715078e+00 -6.816785205005181092e-02 -5.209769240563374981e-02 5.372049529896994607e-02 6.622944940338103270e-02
5.887146613480422452e+00 -6.811296089288894351e-02 -5.215480104407260037e-02 5.377907824177716178e-02 6.617552437340083749e-02
5.890289777716130715e+00 -6.805805146339800882e-02 -5.221189973388146166e-02 5.383764970678592277e-02 6.612158366782967811e-02
5.893432941951838089e+00 -6.800312379626118064e-02 -5.226898845714263858e-02 5.389620967296224197e-02 6.606762731560354707e-02
5.896576106187545463e+00 -6.794817792608093265e-02 -5.232606719590906369e-02 5.395475811923619580e-02 6.601365534559489046e-02
5.899719270423252837e+00 -6.789321388738044083e-02 -5.238313593220404740e-02 5.401329502450175069e-02 6.595966778661274676e-02
5.902862434658961099e+00 -6.783823171460373613e-02 -5.244019464802143760e-02 5.407182036761665894e-02 6.590566466740313545e-02
5.906005598894668474e+00 -6.778323144211614859e-02 -5.249724332532516163e-02 5.413033412740229228e-02 6.585164601664914019e-02
5.909148763130375848e+00 -6.772821310420433505e-02 -5.255428194604958025e-02 5.418883628264368341e-02 6.579761186297111708e-02
5.912291927366084110e+00 -6.767317673507677878e-02 -5.261131049209906430e-02 5.424732681208924850e-02 6.574356223492694440e-02
5.915435091601791484e+00 -6.761812236886395600e-02 -5.266832894534800857e-02 5.430580569445081496e-02 6.568949716101230019e-02
5.918578255837498858e+00 -6.756305003961858568e-02 -5.272533728764086658e-02 5.436427290840341320e-02 6.563541666966066224e-02
5.921721420073207121e+00 -6.750795978131597652e-02 -5.278233550079187292e-02 5.442272843258526976e-02 6.558132078924369668e-02
5.924864584308914495e+00 -6.745285162785419342e-02 -5.283932356658505719e-02 5.448117224559752281e-02 6.552720954807145226e-02
5.928007748544621869e+00 -6.739772561305440446e-02 -5.289630146677418154e-02 5.453960432600436781e-02 6.547308297439247138e-02
5.931150912780330131e+00 -6.734258177066108908e-02 -5.295326918308259495e-02 5.459802465233274532e-02 6.541894109639402599e-02
5.934294077016037505e+00 -6.728742013434238500e-02 -5.301022669720314995e-02 5.465643320307227160e-02 6.536478394220239518e-02
5.937437241251744879e+00 -6.723224073769025477e-02 -5.306717399079818875e-02 5.471482995667516919e-02 6.531061153988300394e-02
5.940580405487452254e+00 -6.717704361422077719e-02 -5.312411104549933510e-02 5.477321489155616979e-02 6.525642391744056192e-02
5.943723569723160516e+00 -6.712182879737438324e-02 -5.318103784290754282e-02 5.483158798609238244e-02 6.520222110281936878e-02
5.946866733958867890e+00 -6.706659632051627240e-02 -5.323795436459279745e-02 5.488994921862306448e-02 6.514800312390355008e-02
5.950009898194575264e+00 -6.701134621693637106e-02 -5.329486059209433135e-02 5.494829856744971874e-02 6.509377000851708506e-02
5.953153062430283526e+00 -6.695607851984994308e-02 -5.335175650692028371e-02 5.500663601083585763e-02 6.503952178442409804e-02
5.956296226665990901e+00 -6.690079326239750657e-02 -5.340864209054765888e-02 5.506496152700686431e-02 6.498525847932917765e-02
5.959439390901698275e+00 -6.684549047764533347e-02 -5.346551732442234722e-02 5.512327509414997884e-02 6.493098012087732129e-02
5.962582555137406537e+00 -6.679017019858556059e-02 -5.352238218995889613e-02 5.518157669041413166e-02 6.487668673665432373e-02
5.965725719373113911e+00 -6.673483245813659204e-02 -5.357923666854048916e-02 5.523986629390976316e-02 6.482237835418694361e-02
5.968868883608821285e+00 -6.667947728914315475e-02 -5.363608074151890448e-02 5.529814388270887227e-02 6.476805500094298673e-02
5.972012047844529548e+00 -6.662410472437668707e-02 -5.369291439021434131e-02 5.535640943484473192e-02 6.471371670433165302e-02
5.975155212080236922e+00 -6.656871479653557466e-02 -5.374973759591528816e-02 5.541466292831185442e-02 6.465936349170363362e-02
5.978298376315944296e+00 -6.651330753824531705e-02 -5.380655033987859909e-02 5.547290434106587342e-02 6.460499539035133298e-02
5.981441540551651670e+00 -6.645788298205890232e-02 -5.386335260332920233e-02 5.553113365102347460e-02 6.455061242750896600e-02
5.984584704787359932e+00 -6.640244116045691813e-02 -5.392014436746021128e-02 5.558935083606215272e-02 6.449621463035297431e-02
5.987727869023067306e+00 -6.634698210584787093e-02 -5.397692561343259143e-02 5.564755587402021864e-02 6.444180202600198470e-02
5.990871033258774681e+00 -6.629150585056846345e-02 -5.403369632237534775e-02 5.570574874269657722e-02 6.438737464151710055e-02
5.994014197494482943e+00 -6.623601242688377522e-02 -5.409045647538517076e-02 5.576392941985071350e-02 6.433293250390206830e-02
5.997157361730190317e+00 -6.618050186698744286e-02 -5.414720605352650595e-02 5.582209788320251914e-02 6.427847564010351344e-02
6.000300525965897691e+00 -6.612497420300211814e-02 -5.420394503783138723e-02 5.588025411043216761e-02 6.422400407701103764e-02
6.003443690201605953e+00 -6.606942946697948182e-02 -5.426067340929943694e-02 5.593839807918002394e-02 6.416951784145745463e-02
6.006586854437313328e+00 -6.601386769090056283e-02 -5.431739114889758829e-02 5.599652976704648510e-02 6.411501696021902619e-02
6.009730018673020702e+00 -6.595828890667605748e-02 -5.437409823756019639e-02 5.605464915159188988e-02 6.406050146001555923e-02
6.012873182908728964e+00 -6.590269314614638496e-02 -5.443079465618879537e-02 5.611275621033643551e-02 6.400597136751057237e-02
6.016016347144436338e+00 -6.584708044108217306e-02 -5.448748038565205676e-02 5.617085092075993491e-02 6.395142670931161510e-02
6.019159511380143712e+00 -6.579145082318423043e-02 -5.454415540678569929e-02 5.622893326030185129e-02 6.389686751197032333e-02
6.022302675615851086e+00 -6.573580432408390739e-02 -5.460081970039246113e-02 5.628700320636104149e-02 6.384229380198264137e-02
6.025445839851559349e+00 -6.568014097534342899e-02 -5.465747324724180845e-02 5.634506073629576284e-02 6.378770560578896076e-02
6.028589004087266723e+00 -6.562446080845589502e-02 -5.471411602807001173e-02 5.640310582742340956e-02 6.373310294977443946e-02
6.031732168322974097e+00 -6.556876385484573799e-02 -5.477074802357999317e-02 5.646113845702051270e-02 6.367848586026898794e-02
6.034875332558682359e+00 -6.551305014586875086e-02 -5.482736921444128497e-02 5.651915860232254590e-02 6.362385436354757451e-02
6.038018496794389733e+00 -6.545731971281253114e-02 -5.488397958128973797e-02 5.657716624052378657e-02 6.356920848583039185e-02
6.041161661030097108e+00 -6.540157258689650865e-02 -5.494057910472770201e-02 5.663516134877730895e-02 6.351454825328300968e-02
6.044304825265805370e+00 -6.534580879927229247e-02 -5.499716776532375534e-02 5.669314390419472049e-02 6.345987369201645800e-02
6.047447989501512744e+00 -6.529002838102386519e-02 -5.505374554361258665e-02 5.675111388384605771e-02 6.340518482808767120e-02
6.050591153737220118e+00 -6.523423136316779114e-02 -5.511031242009493958e-02 5.680907126475980701e-02 6.335048168749933539e-02
6.053734317972928380e+00 -6.517841777665348002e-02 -5.516686837523764042e-02 5.686701602392258553e-02 6.329576429620027700e-02
6.056877482208635755e+00 -6.512258765236339508e-02 -5.522341338947323736e-02 5.692494813827912031e-02 6.324103268008561540e-02
6.060020646444343129e+00 -6.506674102111324742e-02 -5.527994744320013920e-02 5.698286758473207481e-02 6.318628686499679070e-02
6.063163810680050503e+00 -6.501087791365219026e-02 -5.533647051678237255e-02 5.704077434014198644e-02 6.313152687672192453e-02
6.066306974915758765e+00 -6.495499836066319366e-02 -5.539298259054953322e-02 5.709866838132710010e-02 6.307675274099590335e-02
6.069450139151466139e+00 -6.489910239276307224e-02 -5.544948364479664049e-02 5.715654968506318073e-02 6.302196448350054492e-02
6.072593303387173513e+00 -6.484319004050288771e-02 -5.550597365978411635e-02 5.721441822808349259e-02 6.296716212986472327e-02
6.075736467622881776e+00 -6.478726133436789325e-02 -5.556245261573768829e-02 5.727227398707864653e-02 6.291234570566467399e-02
6.078879631858589150e+00 -6.473131630477815812e-02 -5.561892049284811179e-02 5.733011693869632941e-02 6.285751523642400806e-02
6.082022796094296524e+00 -6.467535498208840106e-02 -5.567537727127126745e-02 5.738794705954142900e-02 6.280267074761401724e-02
6.085165960330004786e+00 -6.461937739658833724e-02 -5.573182293112802915e-02 5.744576432617569395e-02 6.274781226465372952e-02
6.088309124565712160e+00 -6.456338357850306686e-02 -5.578825745250393792e-02 5.750356871511764362e-02 6.269293981291015894e-02
6.091452288801419535e+00 -6.450737355799295025e-02 -5.584468081544948642e-02 5.756136020284250560e-02 6.263805341769838886e-02
6.094595453037127797e+00 -6.445134736515412133e-02 -5.590109299997973041e-02 5.761913876578207694e-02 6.258315310428179401e-02
6.097738617272835171e+00 -6.439530503001858475e-02 -5.595749398607418462e-02 5.767690438032444661e-02 6.252823889787227640e-02
6.100881781508542545e+00 -6.433924658255441020e-02 -5.601388375367681582e-02 5.773465702281408568e-02 6.247331082363020288e-02
6.104024945744249919e+00 -6.428317205266592671e-02 -5.607026228269600815e-02 5.779239666955157673e-02 6.241836890666488391e-02
6.107168109979958182e+00 -6.422708147019395852e-02 -5.612662955300427858e-02 5.785012329679346810e-02 6.236341317203435847e-02
6.110311274215665556e+00 -6.417097486491614433e-02 -5.618298554443822146e-02 5.790783688075220453e-02 6.230844364474599079e-02
6.113454438451372930e+00 -6.411485226654690950e-02 -5.623933023679849458e-02 5.796553739759591900e-02 6.225346034975624138e-02
6.116597602687081192e+00 -6.405871370473788240e-02 -5.629566360984965268e-02 5.802322482344845350e-02 6.219846331197105560e-02
6.119740766922788566e+00 -6.400255920907800544e-02 -5.635198564331999477e-02 5.808089913438899132e-02 6.214345255624594000e-02
6.122883931158495940e+00 -6.394638880909377099e-02 -5.640829631690154333e-02 5.813856030645208478e-02 6.208842810738619128e-02
6.126027095394204203e+00 -6.389020253424934626e-02 -5.646459561024988472e-02 5.819620831562753727e-02 6.203338999014693100e-02
6.129170259629911577e+00 -6.383400041394696189e-02 -5.652088350298399566e-02 5.825384313786010487e-02 6.197833822923340397e-02
6.132313423865618951e+00 -6.377778247752687035e-02 -5.657715997468632657e-02 5.831146474904951721e-02 6.192327284930099901e-02
6.135456588101327213e+00 -6.372154875426773446e-02 -5.663342500490253090e-02 5.836907312505030393e-02 6.186819387495557515e-02
6.138599752337034587e+00 -6.366529927338678008e-02 -5.668967857314134717e-02 5.842666824167155187e-02 6.181310133075344770e-02
6.141742916572741962e+00 -6.360903406403997651e-02 -5.674592065887459208e-02 5.848425007467691200e-02 6.175799524120165196e-02
6.144886080808449336e+00 -6.355275315532221692e-02 -5.680215124153697309e-02 5.854181859978438429e-02 6.170287563075805420e-02
6.148029245044157598e+00 -6.349645657626754036e-02 -5.685837030052606766e-02 5.859937379266615121e-02 6.164774252383152520e-02
6.151172409279864972e+00 -6.344014435584939549e-02 -5.691457781520205955e-02 5.865691562894850136e-02 6.159259594478202343e-02
6.154315573515572346e+00 -6.338381652298068214e-02 -5.697077376488775269e-02 5.871444408421171157e-02 6.153743591792096984e-02
6.157458737751280609e+00 -6.332747310651413997e-02 -5.702695812886845322e-02 5.877195913398972071e-02 6.148226246751102575e-02
6.160601901986987983e+00 -6.327111413524239003e-02 -5.708313088639178218e-02 5.882946075377021994e-02 6.142707561776670350e-02
6.163745066222695357e+00 -6.321473963789817074e-02 -5.713929201666759217e-02 5.888694891899442369e-02 6.137187539285409582e-02
6.166888230458403619e+00 -6.315834964315455990e-02 -5.719544149886796047e-02 5.894442360505683376e-02 6.131666181689119505e-02
6.170031394694110993e+00 -6.310194417962515512e-02 -5.725157931212688373e-02 5.900188478730523239e-02 6.126143491394824697e-02
6.173174558929818367e+00 -6.304552327586429583e-02 -5.730770543554029872e-02 5.905933244104046020e-02 6.120619470804755657e-02
6.176317723165526630e+00 -6.298908696036721599e-02 -5.736381984816597834e-02 5.911676654151630517e-02 6.115094122316377945e-02
6.179460887401234004e+00 -6.293263526157021059e-02 -5.741992252902332339e-02 5.917418706393925282e-02 6.109567448322419242e-02
6.182604051636941378e+00 -6.287616820785087157e-02 -5.747601345709327930e-02 5.923159398346856952e-02 6.104039451210867967e-02
6.185747215872648752e+00 -6.281968582752825436e-02 -5.753209261131829455e-02 5.928898727521598327e-02 6.098510133364994090e-02
6.188890380108357014e+00 -6.276318814886305830e-02 -5.758815997060212633e-02 5.934636691424544086e-02 6.092979497163353297e-02
6.192033544344064389e+00 -6.270667520005797357e-02 -5.764421551380972952e-02 5.940373287557326742e-02 6.087447544979834174e-02
6.195176708579771763e+00 -6.265014700925757019e-02 -5.770025921976715266e-02 5.946108513416761832e-02 6.081914279183624900e-02
6.198319872815480025e+00 -6.259360360454867267e-02 -5.775629106726148237e-02 5.951842366494884684e-02 6.076379702139269451e-02
6.201463037051187399e+00 -6.253704501396052662e-02 -5.781231103504055890e-02 5.957574844278882426e-02 6.070843816206669685e-02
6.204606201286894773e+00 -6.248047126546504154e-02 -5.786831910181313571e-02 5.963305944251105079e-02 6.065306623741078401e-02
6.207749365522603036e+00 -6.242388238697681169e-02 -5.792431524624841455e-02 5.969035663889053767e-02 6.059768127093145829e-02
6.210892529758310410e+00 -6.236727840635345604e-02 -5.798029944697618426e-02 5.974764000665352959e-02 6.054228328608906445e-02
6.214035693994017784e+00 -6.231065935139570855e-02 -5.803627168258662650e-02 5.980490952047761571e-02 6.048687230629829631e-02
6.217178858229726046e+00 -6.225402524984764707e-02 -5.809223193163023241e-02 5.986216515499118845e-02 6.043144835492780115e-02
6.220322022465433420e+00 -6.219737612939685995e-02 -5.814818017261752514e-02 5.991940688477340876e-02 6.037601145530080426e-02
6.223465186701140794e+00 -6.214071201767459862e-02 -5.820411638401913612e-02 5.997663468435444206e-02 6.032056163069518528e-02
6.226608350936848169e+00 -6.208403294225606911e-02 -5.826004054426561773e-02 6.003384852821443129e-02 6.026509890434349204e-02
6.229751515172556431e+00 -6.202733893066039728e-02 -5.831595263174731841e-02 6.009104839078460020e-02 6.020962329943212871e-02
6.232894679408263805e+00 -6.197063001035105906e-02 -5.837185262481413978e-02 6.014823424645107663e-02 6.015413483910862086e-02
6.236037843643971179e+00 -6.191390620873587353e-02 -5.842774050177561990e-02 6.009863354645712114e-02 6.020540606953005830e-02
6.239181007879679441e+00 -6.185716755316723187e-02 -5.848361624090066269e-02 6.004311944454266553e-02 6.026256383431760622e-02
6.242324172115386816e+00 -6.180041407094235412e-02 -5.853947982041755177e-02 5.998759255636908205e-02 6.031970751503947653e-02
6.245467336351094190e+00 -6.174364578930337244e-02 -5.859533121851370069e-02 5.993205290489996701e-02 6.037683708587598952e-02
6.248610500586802452e+00 -6.168686273543749765e-02 -5.865117041333550024e-02 5.987650051305441062e-02 6.043395252095730419e-02
6.251753664822509826e+00 -6.163006493647726208e-02 -5.870699738298831155e-02 5.982093540370720525e-02 6.049105379436243990e-02
6.254896829058217200e+00 -6.157325241950062367e-02 -5.876281210553630646e-02 5.976535759968919226e-02 6.054814088011986617e-02
6.258039993293924574e+00 -6.151642521153123655e-02 -5.881861455900237734e-02 5.970976712378720658e-02 6.060521375220672552e-02
6.261183157529632837e+00 -6.145958333953850661e-02 -5.887440472136782482e-02 5.965416399874446524e-02 6.066227238454920817e-02
6.264326321765340211e+00 -6.140272683043778573e-02 -5.893018257057253823e-02 5.959854824726016492e-02 6.071931675102186510e-02
6.267469486001047585e+00 -6.134585571109075347e-02 -5.898594808451452370e-02 5.954291989199036322e-02 6.077634682544802436e-02
6.270612650236755847e+00 -6.128897000830516029e-02 -5.904170124105012629e-02 5.948727895554735412e-02 6.083336258159922211e-02
6.273755814472463221e+00 -6.123206974883541737e-02 -5.909744201799357194e-02 5.943162546050046596e-02 6.089036399319500137e-02
6.276898978708170596e+00 -6.117515495938256886e-02 -5.915317039311712710e-02 5.937595942937571453e-02 6.094735103390316877e-02
6.280042142943878858e+00 -6.111822566659448619e-02 -5.920888634415073792e-02 5.932028088465614302e-02 6.100432367733909372e-02
6.283185307179586232e+00 -6.106128189706601372e-02 -5.926458984878198166e-02 5.926458984878197472e-02 6.106128189706599985e-02
