# phi  e_band1  e_band2  e_band3  e_band4
0.000000000000000000e+00 -6.106128189706596515e-02 -5.926458984878195391e-02 5.926458984878196085e-02 6.106128189706595821e-02
3.143164235707646918e-03 -6.111822566659448619e-02 -5.920888634415070323e-02 5.932028088465612914e-02 6.100432367733908678e-02
6.286328471415293835e-03 -6.117515495938256886e-02 -5.915317039311709935e-02 5.937595942937567983e-02 6.094735103390314795e-02
9.429492707122941186e-03 -6.123206974883543818e-02 -5.909744201799357888e-02 5.943162546050045209e-02 6.089036399319505688e-02
1.257265694283058767e-02 -6.128897000830518804e-02 -5.904170124105011241e-02 5.948727895554732636e-02 6.083336258159922905e-02
1.571582117853823415e-02 -6.134585571109076041e-02 -5.898594808451455840e-02 5.954291989199031465e-02 6.077634682544807293e-02
1.885898541424588237e-02 -6.140272683043781349e-02 -5.893018257057252435e-02 5.959854824726020656e-02 6.071931675102189979e-02
2.200214964995352712e-02 -6.145958333953848579e-02 -5.887440472136785258e-02 5.965416399874441666e-02 6.066227238454918042e-02
2.514531388566117534e-02 -6.151642521153121573e-02 -5.881861455900237040e-02 5.970976712378725515e-02 6.060521375220680185e-02
2.828847812136882356e-02 -6.157325241950063061e-02 -5.876281210553632034e-02 5.976535759968917838e-02 6.054814088011992862e-02
3.143164235707646831e-02 -6.163006493647726902e-02 -5.870699738298831155e-02 5.982093540370728157e-02 6.049105379436253010e-02
3.457480659278411306e-02 -6.168686273543748377e-02 -5.865117041333547943e-02 5.987650051305446613e-02 6.043395252095727643e-02
3.771797082849176475e-02 -6.174364578930337244e-02 -5.859533121851367987e-02 5.993205290489992537e-02 6.037683708587605891e-02
4.086113506419940949e-02 -6.180041407094237493e-02 -5.853947982041757953e-02 5.998759255636891552e-02 6.031970751503944184e-02
4.400429929990705424e-02 -6.185716755316723187e-02 -5.848361624090069738e-02 6.004311944454238797e-02 6.026256383431780050e-02
4.714746353561470593e-02 -6.191390620873585271e-02 -5.842774050177561990e-02 6.009863354645641337e-02 6.020540606953003748e-02
5.029062777132235068e-02 -6.197063001035103130e-02 -5.837185262481413978e-02 6.014823424643736538e-02 6.015413483910059950e-02
5.343379200702999543e-02 -6.202733893066036952e-02 -5.831595263174731841e-02 6.009104839078496796e-02 6.020962329943205932e-02
5.657695624273764712e-02 -6.208403294225604829e-02 -5.826004054426563855e-02 6.003384852821470191e-02 6.026509890434336020e-02
5.972012047844529187e-02 -6.214071201767461250e-02 -5.820411638401915000e-02 5.997663468435431716e-02 6.032056163069523386e-02
6.286328471415293662e-02 -6.219737612939688076e-02 -5.814818017261751126e-02 5.991940688477345733e-02 6.037601145530094998e-02
6.600644894986058830e-02 -6.225402524984764013e-02 -5.809223193163021853e-02 5.986216515499122315e-02 6.043144835492775951e-02
6.914961318556822611e-02 -6.231065935139571549e-02 -5.803627168258664731e-02 5.980490952047767123e-02 6.048687230629832406e-02
7.229277742127587780e-02 -6.236727840635343523e-02 -5.798029944697617732e-02 5.974764000665361979e-02 6.054228328608912690e-02
7.543594165698352949e-02 -6.242388238697680475e-02 -5.792431524624839373e-02 5.969035663889051685e-02 6.059768127093148604e-02
7.857910589269116730e-02 -6.248047126546504848e-02 -5.786831910181314265e-02 5.963305944251106466e-02 6.065306623741082565e-02
8.172227012839881899e-02 -6.253704501396049886e-02 -5.781231103504059360e-02 5.957574844278874099e-02 6.070843816206671767e-02
8.486543436410647068e-02 -6.259360360454863104e-02 -5.775629106726146156e-02 5.951842366494882602e-02 6.076379702139272920e-02
8.800859859981410849e-02 -6.265014700925754243e-02 -5.770025921976716654e-02 5.946108513416768077e-02 6.081914279183626287e-02
9.115176283552176018e-02 -6.270667520005797357e-02 -5.764421551380973646e-02 5.940373287557322579e-02 6.087447544979832786e-02
9.429492707122941186e-02 -6.276318814886307218e-02 -5.758815997060214020e-02 5.934636691424544086e-02 6.092979497163350522e-02
9.743809130693704967e-02 -6.281968582752824048e-02 -5.753209261131830149e-02 5.928898727521599021e-02 6.098510133364991315e-02
1.005812555426447014e-01 -6.287616820785085769e-02 -5.747601345709328624e-02 5.923159398346859034e-02 6.104039451210868661e-02
1.037244197783523530e-01 -6.293263526157019672e-02 -5.741992252902330951e-02 5.917418706393927363e-02 6.109567448322420630e-02
1.068675840140599909e-01 -6.298908696036722987e-02 -5.736381984816598528e-02 5.911676654151625659e-02 6.115094122316377251e-02
1.100107482497676425e-01 -6.304552327586430971e-02 -5.730770543554032648e-02 5.905933244104046714e-02 6.120619470804753576e-02
1.131539124854752942e-01 -6.310194417962514124e-02 -5.725157931212688373e-02 5.900188478730523933e-02 6.126143491394824003e-02
1.162970767211829320e-01 -6.315834964315455990e-02 -5.719544149886796047e-02 5.894442360505681988e-02 6.131666181689117423e-02
1.194402409568905837e-01 -6.321473963789815687e-02 -5.713929201666760604e-02 5.888694891899443062e-02 6.137187539285404725e-02
1.225834051925982354e-01 -6.327111413524237615e-02 -5.708313088639177524e-02 5.882946075377022688e-02 6.142707561776670350e-02
1.257265694283058732e-01 -6.332747310651415384e-02 -5.702695812886845322e-02 5.877195913398972071e-02 6.148226246751101881e-02
1.288697336640135249e-01 -6.338381652298068214e-02 -5.697077376488775963e-02 5.871444408421170463e-02 6.153743591792093515e-02
1.320128978997211766e-01 -6.344014435584936773e-02 -5.691457781520206649e-02 5.865691562894853606e-02 6.159259594478202343e-02
1.351560621354288283e-01 -6.349645657626755424e-02 -5.685837030052607460e-02 5.859937379266616508e-02 6.164774252383149050e-02
1.382992263711364522e-01 -6.355275315532220304e-02 -5.680215124153698003e-02 5.854181859978438429e-02 6.170287563075804033e-02
1.414423906068441039e-01 -6.360903406403997651e-02 -5.674592065887457820e-02 5.848425007467691894e-02 6.175799524120165196e-02
1.445855548425517556e-01 -6.366529927338676620e-02 -5.668967857314134023e-02 5.842666824167155187e-02 6.181310133075345464e-02
1.477287190782594073e-01 -6.372154875426774834e-02 -5.663342500490253090e-02 5.836907312505030393e-02 6.186819387495558209e-02
1.508718833139670590e-01 -6.377778247752687035e-02 -5.657715997468634739e-02 5.831146474904954496e-02 6.192327284930099901e-02
1.540150475496747107e-01 -6.383400041394694802e-02 -5.652088350298400954e-02 5.825384313786011181e-02 6.197833822923339703e-02
1.571582117853823346e-01 -6.389020253424936013e-02 -5.646459561024987778e-02 5.819620831562755114e-02 6.203338999014692406e-02
1.603013760210899863e-01 -6.394638880909377099e-02 -5.640829631690157803e-02 5.813856030645207784e-02 6.208842810738619128e-02
1.634445402567976380e-01 -6.400255920907800544e-02 -5.635198564332000865e-02 5.808089913438897051e-02 6.214345255624596082e-02
1.665877044925052897e-01 -6.405871370473788240e-02 -5.629566360984965961e-02 5.802322482344844656e-02 6.219846331197105560e-02
1.697308687282129414e-01 -6.411485226654689562e-02 -5.623933023679850846e-02 5.796553739759591206e-02 6.225346034975623444e-02
1.728740329639205930e-01 -6.417097486491613045e-02 -5.618298554443821452e-02 5.790783688075219759e-02 6.230844364474599079e-02
1.760171971996282170e-01 -6.422708147019395852e-02 -5.612662955300427164e-02 5.785012329679346116e-02 6.236341317203437234e-02
1.791603614353358687e-01 -6.428317205266591283e-02 -5.607026228269602203e-02 5.779239666955157673e-02 6.241836890666484922e-02
1.823035256710435204e-01 -6.433924658255439633e-02 -5.601388375367684358e-02 5.773465702281409956e-02 6.247331082363020982e-02
1.854466899067511720e-01 -6.439530503001859862e-02 -5.595749398607417074e-02 5.767690438032445355e-02 6.252823889787227640e-02
1.885898541424588237e-01 -6.445134736515412133e-02 -5.590109299997972347e-02 5.761913876578207000e-02 6.258315310428179401e-02
1.917330183781664754e-01 -6.450737355799292250e-02 -5.584468081544950030e-02 5.756136020284250560e-02 6.263805341769836110e-02
1.948761826138740993e-01 -6.456338357850305298e-02 -5.578825745250394486e-02 5.750356871511762974e-02 6.269293981291015894e-02
1.980193468495817510e-01 -6.461937739658833724e-02 -5.573182293112799446e-02 5.744576432617569395e-02 6.274781226465372952e-02
2.011625110852894027e-01 -6.467535498208838718e-02 -5.567537727127129521e-02 5.738794705954142900e-02 6.280267074761401724e-02
2.043056753209970544e-01 -6.473131630477817200e-02 -5.561892049284813261e-02 5.733011693869633635e-02 6.285751523642400806e-02
2.074488395567047061e-01 -6.478726133436790713e-02 -5.556245261573768829e-02 5.727227398707863959e-02 6.291234570566466011e-02
2.105920037924123300e-01 -6.484319004050285995e-02 -5.550597365978413716e-02 5.721441822808349953e-02 6.296716212986472327e-02
2.137351680281199817e-01 -6.489910239276308612e-02 -5.544948364479665437e-02 5.715654968506318767e-02 6.302196448350053104e-02
2.168783322638276334e-01 -6.495499836066317978e-02 -5.539298259054953322e-02 5.709866838132710010e-02 6.307675274099591722e-02
2.200214964995352851e-01 -6.501087791365217639e-02 -5.533647051678237255e-02 5.704077434014200032e-02 6.313152687672192453e-02
2.231646607352429368e-01 -6.506674102111320579e-02 -5.527994744320016002e-02 5.698286758473207481e-02 6.318628686499677682e-02
2.263078249709505885e-01 -6.512258765236336733e-02 -5.522341338947324429e-02 5.692494813827912031e-02 6.324103268008560153e-02
2.294509892066582124e-01 -6.517841777665348002e-02 -5.516686837523763348e-02 5.686701602392259247e-02 6.329576429620027700e-02
2.325941534423658641e-01 -6.523423136316779114e-02 -5.511031242009494652e-02 5.680907126475980701e-02 6.335048168749932151e-02
2.357373176780735158e-01 -6.529002838102386519e-02 -5.505374554361256584e-02 5.675111388384606464e-02 6.340518482808767120e-02
2.388804819137811675e-01 -6.534580879927229247e-02 -5.499716776532374146e-02 5.669314390419469968e-02 6.345987369201647188e-02
2.420236461494888192e-01 -6.540157258689650865e-02 -5.494057910472770895e-02 5.663516134877730895e-02 6.351454825328298193e-02
2.451668103851964708e-01 -6.545731971281253114e-02 -5.488397958128974491e-02 5.657716624052379351e-02 6.356920848583040573e-02
2.483099746209040948e-01 -6.551305014586876474e-02 -5.482736921444126416e-02 5.651915860232253896e-02 6.362385436354757451e-02
2.514531388566117465e-01 -6.556876385484572411e-02 -5.477074802358001399e-02 5.646113845702050577e-02 6.367848586026897406e-02
2.545963030923193982e-01 -6.562446080845590890e-02 -5.471411602807003255e-02 5.640310582742341650e-02 6.373310294977442558e-02
2.577394673280270498e-01 -6.568014097534342899e-02 -5.465747324724180845e-02 5.634506073629576978e-02 6.378770560578896076e-02
2.608826315637347015e-01 -6.573580432408390739e-02 -5.460081970039248195e-02 5.628700320636106230e-02 6.384229380198262749e-02
2.640257957994423532e-01 -6.579145082318421656e-02 -5.454415540678572705e-02 5.622893326030185823e-02 6.389686751197030945e-02
2.671689600351500049e-01 -6.584708044108217306e-02 -5.448748038565204982e-02 5.617085092075993491e-02 6.395142670931161510e-02
2.703121242708576566e-01 -6.590269314614639884e-02 -5.443079465618880231e-02 5.611275621033642858e-02 6.400597136751057237e-02
2.734552885065653083e-01 -6.595828890667604361e-02 -5.437409823756020333e-02 5.605464915159190376e-02 6.406050146001554535e-02
2.765984527422729045e-01 -6.601386769090054896e-02 -5.431739114889759523e-02 5.599652976704649204e-02 6.411501696021902619e-02
2.797416169779805561e-01 -6.606942946697946795e-02 -5.426067340929943694e-02 5.593839807918003781e-02 6.416951784145745463e-02
2.828847812136882078e-01 -6.612497420300213202e-02 -5.420394503783141499e-02 5.588025411043219537e-02 6.422400407701102376e-02
2.860279454493958595e-01 -6.618050186698745674e-02 -5.414720605352649901e-02 5.582209788320253302e-02 6.427847564010349957e-02
2.891711096851035112e-01 -6.623601242688376134e-02 -5.409045647538517076e-02 5.576392941985072044e-02 6.433293250390206830e-02
2.923142739208111629e-01 -6.629150585056846345e-02 -5.403369632237535469e-02 5.570574874269657722e-02 6.438737464151710055e-02
2.954574381565188146e-01 -6.634698210584788480e-02 -5.397692561343261225e-02 5.564755587402021864e-02 6.444180202600198470e-02
2.986006023922264663e-01 -6.640244116045693201e-02 -5.392014436746020434e-02 5.558935083606216659e-02 6.449621463035298818e-02
3.017437666279341180e-01 -6.645788298205891620e-02 -5.386335260332920233e-02 5.553113365102348847e-02 6.455061242750896600e-02
3.048869308636417697e-01 -6.651330753824533093e-02 -5.380655033987859215e-02 5.547290434106589424e-02 6.460499539035131911e-02
3.080300950993494213e-01 -6.656871479653557466e-02 -5.374973759591530204e-02 5.541466292831184054e-02 6.465936349170364750e-02
3.111732593350570175e-01 -6.662410472437668707e-02 -5.369291439021434131e-02 5.535640943484472498e-02 6.471371670433165302e-02
3.143164235707646692e-01 -6.667947728914314087e-02 -5.363608074151893224e-02 5.529814388270887227e-02 6.476805500094298673e-02
3.174595878064723209e-01 -6.673483245813659204e-02 -5.357923666854050304e-02 5.523986629390978398e-02 6.482237835418692973e-02
3.206027520421799726e-01 -6.679017019858556059e-02 -5.352238218995888225e-02 5.518157669041413166e-02 6.487668673665432373e-02
3.237459162778876243e-01 -6.684549047764531959e-02 -5.346551732442232641e-02 5.512327509414998578e-02 6.493098012087732129e-02
3.268890805135952760e-01 -6.690079326239750657e-02 -5.340864209054766581e-02 5.506496152700686431e-02 6.498525847932917765e-02
3.300322447493029276e-01 -6.695607851984992920e-02 -5.335175650692029065e-02 5.500663601083585069e-02 6.503952178442411192e-02
3.331754089850105793e-01 -6.701134621693637106e-02 -5.329486059209433829e-02 5.494829856744972568e-02 6.509377000851707118e-02
3.363185732207182310e-01 -6.706659632051624464e-02 -5.323795436459281133e-02 5.488994921862306448e-02 6.514800312390355008e-02
3.394617374564258827e-01 -6.712182879737439711e-02 -5.318103784290753588e-02 5.483158798609238244e-02 6.520222110281938266e-02
3.426049016921335344e-01 -6.717704361422076331e-02 -5.312411104549934898e-02 5.477321489155619061e-02 6.525642391744054804e-02
3.457480659278411861e-01 -6.723224073769024089e-02 -5.306717399079820957e-02 5.471482995667517613e-02 6.531061153988300394e-02
3.488912301635487823e-01 -6.728742013434239888e-02 -5.301022669720314995e-02 5.465643320307226466e-02 6.536478394220239518e-02
3.520343943992564339e-01 -6.734258177066107520e-02 -5.295326918308259495e-02 5.459802465233274532e-02 6.541894109639403987e-02
3.551775586349640856e-01 -6.739772561305437670e-02 -5.289630146677418154e-02 5.453960432600437475e-02 6.547308297439245750e-02
3.583207228706717373e-01 -6.745285162785415178e-02 -5.283932356658505025e-02 5.448117224559753669e-02 6.552720954807145226e-02
3.614638871063793890e-01 -6.750795978131596264e-02 -5.278233550079187292e-02 5.442272843258525589e-02 6.558132078924369668e-02
3.646070513420870407e-01 -6.756305003961857181e-02 -5.272533728764088046e-02 5.436427290840342708e-02 6.563541666966064836e-02
3.677502155777946924e-01 -6.761812236886394212e-02 -5.266832894534802245e-02 5.430580569445082884e-02 6.568949716101230019e-02
3.708933798135023441e-01 -6.767317673507677878e-02 -5.261131049209907817e-02 5.424732681208925544e-02 6.574356223492695828e-02
3.740365440492099958e-01 -6.772821310420432117e-02 -5.255428194604958719e-02 5.418883628264369035e-02 6.579761186297111708e-02
3.771797082849176475e-01 -6.778323144211613471e-02 -5.249724332532517551e-02 5.413033412740230615e-02 6.585164601664912631e-02
3.803228725206252991e-01 -6.783823171460375001e-02 -5.244019464802140984e-02 5.407182036761665200e-02 6.590566466740313545e-02
3.834660367563329508e-01 -6.789321388738044083e-02 -5.238313593220406128e-02 5.401329502450176456e-02 6.595966778661273289e-02
3.866092009920405470e-01 -6.794817792608093265e-02 -5.232606719590904287e-02 5.395475811923620274e-02 6.601365534559486270e-02
3.897523652277481987e-01 -6.800312379626116677e-02 -5.226898845714262470e-02 5.389620967296224890e-02 6.606762731560354707e-02
3.928955294634558504e-01 -6.805805146339799494e-02 -5.221189973388146166e-02 5.383764970678591583e-02 6.612158366782967811e-02
3.960386936991635021e-01 -6.811296089288892963e-02 -5.215480104407260037e-02 5.377907824177717566e-02 6.617552437340082361e-02
3.991818579348711538e-01 -6.816785205005181092e-02 -5.209769240563374981e-02 5.372049529896993914e-02 6.622944940338103270e-02
4.023250221705788054e-01 -6.822272490012457058e-02 -5.204057383645316337e-02 5.366190089936224289e-02 6.628335872877058610e-02
4.054681864062864571e-01 -6.827757940826499616e-02 -5.198344535438989555e-02 5.360329506391631887e-02 6.633725232050578791e-02
4.086113506419941088e-01 -6.833241553955039793e-02 -5.192630697727373956e-02 5.354467781355874006e-02 6.639113014945878521e-02
4.117545148777017605e-01 -6.838723325897728966e-02 -5.186915872290542157e-02 5.348604916918046903e-02 6.644499218643729055e-02
4.148976791134094122e-01 -6.844203253146123600e-02 -5.181200060905662153e-02 5.342740915163698978e-02 6.649883840218442921e-02
4.180408433491170639e-01 -6.849681332183642224e-02 -5.175483265347006340e-02 5.336875778174841878e-02 6.655266876737850335e-02
4.211840075848246601e-01 -6.855157559485541841e-02 -5.169765487385966085e-02 5.331009508029962290e-02 6.660648325263272829e-02
4.243271718205323118e-01 -6.860631931518901272e-02 -5.164046728791047564e-02 5.325142106804027498e-02 6.666028182849506600e-02
4.274703360562399634e-01 -6.866104444742572588e-02 -5.158326991327892574e-02 5.319273576568497169e-02 6.671406446544803082e-02
4.306135002919476151e-01 -6.871575095607168615e-02 -5.152606276759277848e-02 5.313403919391337937e-02 6.676783113390834246e-02
4.337566645276552668e-01 -6.877043880555021305e-02 -5.146884586845128229e-02 5.307533137337028945e-02 6.682158180422684279e-02
4.368998287633629185e-01 -6.882510796020165078e-02 -5.141161923342524309e-02 5.301661232466575030e-02 6.687531644668821829e-02
4.400429929990705702e-01 -6.887975838428296582e-02 -5.135438288005704510e-02 5.295788206837511586e-02 6.692903503151073630e-02
4.431861572347782219e-01 -6.893439004196753872e-02 -5.129713682586087287e-02 5.289914062503921904e-02 6.698273752884610632e-02
4.463293214704858736e-01 -6.898900289734483104e-02 -5.123988108832260024e-02 5.284038801516443423e-02 6.703642390877916080e-02
4.494724857061935253e-01 -6.904359691442003844e-02 -5.118261568490003327e-02 5.278162425922276746e-02 6.709009414132770244e-02
4.526156499419011769e-01 -6.909817205711392407e-02 -5.112534063302288240e-02 5.272284937765199520e-02 6.714374819644224057e-02
4.557588141776088286e-01 -6.915272828926238846e-02 -5.106805595009293597e-02 5.266406339085570598e-02 6.719738604400575521e-02
4.589019784133164248e-01 -6.920726557461624739e-02 -5.101076165348405328e-02 5.260526631920344615e-02 6.725100765383348889e-02
4.620451426490240765e-01 -6.926178387684088500e-02 -5.095345776054226866e-02 5.254645818303083082e-02 6.730461299567272460e-02
4.651883068847317282e-01 -6.931628315951604558e-02 -5.089614428858593720e-02 5.248763900263958559e-02 6.735820203920252214e-02
4.683314711204393799e-01 -6.937076338613534787e-02 -5.083882125490573473e-02 5.242880879829771301e-02 6.741177475403349606e-02
4.714746353561470316e-01 -6.942522452010618794e-02 -5.078148867676467865e-02 5.236996759023952036e-02 6.746533110970757974e-02
4.746177995918546832e-01 -6.947966652474929505e-02 -5.072414657139846100e-02 5.231111539866575844e-02 6.751887107569784496e-02
4.777609638275623349e-01 -6.953408936329844026e-02 -5.066679495601515010e-02 5.225225224374373950e-02 6.757239462140815500e-02
4.809041280632699866e-01 -6.958849299890024209e-02 -5.060943384779563459e-02 5.219337814560738587e-02 6.762590171617301193e-02
4.840472922989776383e-01 -6.964287739461366700e-02 -5.055206326389345001e-02 5.213449312435736172e-02 6.767939232925734849e-02
4.871904565346852900e-01 -6.969724251340983501e-02 -5.049468322143498694e-02 5.207559720006114251e-02 6.773286642985615336e-02
4.903336207703929417e-01 -6.975158831817175609e-02 -5.043729373751946327e-02 5.201669039275313988e-02 6.778632398709438789e-02
4.934767850061005934e-01 -6.980591477169387216e-02 -5.037989482921910456e-02 5.195777272243477796e-02 6.783976497002663919e-02
4.966199492418081896e-01 -6.986022183668187668e-02 -5.032248651357920655e-02 5.189884420907459051e-02 6.789318934763692581e-02
4.997631134775158412e-01 -6.991450947575229835e-02 -5.026506880761811430e-02 5.183990487260833890e-02 6.794659708883844795e-02
5.029062777132234929e-01 -6.996877765143222350e-02 -5.020764172832740263e-02 5.178095473293906764e-02 6.799998816247332378e-02
5.060494419489312001e-01 -7.002302632615901856e-02 -5.015020529267193855e-02 5.172199380993722229e-02 6.805336253731238128e-02
5.091926061846387963e-01 -7.007725546227988600e-02 -5.009275951758987433e-02 5.166302212344074662e-02 6.810672018205488065e-02
5.123357704203463925e-01 -7.013146502205169774e-02 -5.003530441999280709e-02 5.160403969325517981e-02 6.816006106532823683e-02
5.154789346560540997e-01 -7.018565496764053724e-02 -4.997784001676586207e-02 5.154504653915372575e-02 6.821338515568789451e-02
5.186220988917616959e-01 -7.023982526112146352e-02 -4.992036632476767877e-02 5.148604268087739189e-02 6.826669242161693962e-02
5.217652631274694031e-01 -7.029397586447815038e-02 -4.986288336083056355e-02 5.142702813813499613e-02 6.831998283152590501e-02
5.249084273631769992e-01 -7.034810673960249783e-02 -4.980539114176053828e-02 5.136800293060338196e-02 6.837325635375254840e-02
5.280515915988847064e-01 -7.040221784829447937e-02 -4.974788968433743047e-02 5.130896707792739070e-02 6.842651295656154709e-02
5.311947558345923026e-01 -7.045630915226154534e-02 -4.969037900531492191e-02 5.124992059972006270e-02 6.847975260814427589e-02
5.343379200703000098e-01 -7.051038061311853955e-02 -4.963285912142062495e-02 5.119086351556262349e-02 6.853297527661858513e-02
5.374810843060076060e-01 -7.056443219238721365e-02 -4.957533004935615883e-02 5.113179584500465030e-02 6.858618093002839811e-02
5.406242485417153132e-01 -7.061846385149597727e-02 -4.951779180579725381e-02 5.107271760756415535e-02 6.863936953634369731e-02
5.437674127774229094e-01 -7.067247555177944007e-02 -4.946024440739375805e-02 5.101362882272763438e-02 6.869254106346003863e-02
5.469105770131306166e-01 -7.072646725447827298e-02 -4.940268787076981111e-02 5.095452950995019159e-02 6.874569547919841261e-02
5.500537412488382127e-01 -7.078043892073865306e-02 -4.934512221252379538e-02 5.089541968865562288e-02 6.879883275130496689e-02
5.531969054845458089e-01 -7.083439051161202760e-02 -4.928754744922848180e-02 5.083629937823651301e-02 6.885195284745070088e-02
5.563400697202535161e-01 -7.088832198805479490e-02 -4.922996359743112699e-02 5.077716859805432581e-02 6.890505573523128535e-02
5.594832339559611123e-01 -7.094223331092786022e-02 -4.917237067365343856e-02 5.071802736743946660e-02 6.895814138216671552e-02
5.626263981916688195e-01 -7.099612444099641373e-02 -4.911476869439179022e-02 5.065887570569138632e-02 6.901120975570107507e-02
5.657695624273764157e-01 -7.104999533892947250e-02 -4.905715767611712463e-02 5.059971363207871331e-02 6.906426082320231419e-02
5.689127266630841229e-01 -7.110384596529961687e-02 -4.899953763527522405e-02 5.054054116583924644e-02 6.911729455196193028e-02
5.720558908987917190e-01 -7.115767628058254635e-02 -4.894190858828658536e-02 5.048135832618014934e-02 6.917031090919467662e-02
5.751990551344994262e-01 -7.121148624515684367e-02 -4.888427055154663525e-02 5.042216513227799207e-02 6.922330986203839576e-02
5.783422193702070224e-01 -7.126527581930343358e-02 -4.882662354142570243e-02 5.036296160327877885e-02 6.927629137755361710e-02
5.814853836059147296e-01 -7.131904496320552733e-02 -4.876896757426912171e-02 5.030374775829816320e-02 6.932925542272340425e-02
5.846285478416223258e-01 -7.137279363694785939e-02 -4.871130266639739359e-02 5.024452361642143400e-02 6.938220196445299415e-02
5.877717120773299220e-01 -7.142652180051672905e-02 -4.865362883410608713e-02 5.018528919670360577e-02 6.943513096956958897e-02
5.909148763130376292e-01 -7.148022941379940376e-02 -4.859594609366602036e-02 5.012604451816958517e-02 6.948804240482203687e-02
5.940580405487452254e-01 -7.153391643658377208e-02 -4.853825446132332272e-02 5.006678959981417792e-02 6.954093623688055448e-02
5.972012047844529326e-01 -7.158758282855806621e-02 -4.848055395329944894e-02 5.000752446060219986e-02 6.959381243233649095e-02
6.003443690201605287e-01 -7.164122854931041784e-02 -4.842284458579129008e-02 4.994824911946859486e-02 6.964667095770200878e-02
6.034875332558682359e-01 -7.169485355832856677e-02 -4.836512637497130535e-02 4.988896359531844182e-02 6.969951177940980624e-02
6.066306974915758321e-01 -7.174845781499934738e-02 -4.830739933698739719e-02 4.982966790702713505e-02 6.975233486381286763e-02
6.097738617272835393e-01 -7.180204127860850827e-02 -4.824966348796322357e-02 4.977036207344039120e-02 6.980514017718413011e-02
6.129170259629911355e-01 -7.185560390834019873e-02 -4.819191884399803838e-02 4.971104611337438806e-02 6.985792768571626177e-02
6.160601901986988427e-01 -7.190914566327666346e-02 -4.813416542116696895e-02 4.965172004561581309e-02 6.991069735552131459e-02
6.192033544344064389e-01 -7.196266650239777074e-02 -4.807640323552093281e-02 4.959238388892197452e-02 6.996344915263050246e-02
6.223465186701140350e-01 -7.201616638458081809e-02 -4.801863230308670710e-02 4.953303766202085678e-02 7.001618304299384032e-02
6.254896829058217422e-01 -7.206964526859990783e-02 -4.796085263986712283e-02 4.947368138361123158e-02 7.006889899247990827e-02
6.286328471415293384e-01 -7.212310311312579436e-02 -4.790306426184100935e-02 4.941431507236272724e-02 7.012159696687553234e-02
6.317760113772370456e-01 -7.217653987672531524e-02 -4.784526718496329850e-02 4.935493874691589816e-02 7.017427693188554860e-02
6.349191756129446418e-01 -7.222995551786118296e-02 -4.778746142516511475e-02 4.929555242588236352e-02 7.022693885313241458e-02
6.380623398486523490e-01 -7.228334999489140211e-02 -4.772964699835381686e-02 4.923615612784479345e-02 7.027958269615600106e-02
6.412055040843599452e-01 -7.233672326606907510e-02 -4.767182392041306727e-02 4.917674987135711717e-02 7.033220842641324522e-02
6.443486683200676524e-01 -7.239007528954184700e-02 -4.761399220720289455e-02 4.911733367494446750e-02 7.038481600927788684e-02
6.474918325557752485e-01 -7.244340602335164192e-02 -4.755615187455974197e-02 4.905790755710336126e-02 7.043740541004014921e-02
6.506349967914829557e-01 -7.249671542543410785e-02 -4.749830293829661321e-02 4.899847153630175478e-02 7.048997659390643378e-02
6.537781610271905519e-01 -7.255000345361843628e-02 -4.744044541420305156e-02 4.893902563097912717e-02 7.054252952599907034e-02
6.569213252628982591e-01 -7.260327006562680707e-02 -4.738257931804520234e-02 4.887956985954652889e-02 7.059506417135590073e-02
6.600644894986058553e-01 -7.265651521907394439e-02 -4.732470466556595173e-02 4.882010424038670665e-02 7.064758049493012615e-02
6.632076537343134515e-01 -7.270973887146693626e-02 -4.726682147248491284e-02 4.876062879185415894e-02 7.070007846158990472e-02
6.663508179700211587e-01 -7.276294098020461010e-02 -4.720892975449857837e-02 4.870114353227524007e-02 7.075255803611804617e-02
6.694939822057287548e-01 -7.281612150257722738e-02 -4.715102952728029290e-02 4.864164847994819491e-02 7.080501918321173427e-02
6.726371464414364620e-01 -7.286928039576602567e-02 -4.709312080648034998e-02 4.858214365314329763e-02 7.085746186748220765e-02
6.757803106771440582e-01 -7.292241761684292722e-02 -4.703520360772608239e-02 4.852262907010286563e-02 7.090988605345446838e-02
6.789234749128517654e-01 -7.297553312276994220e-02 -4.697727794662191758e-02 4.846310474904141213e-02 7.096229170556692112e-02
6.820666391485593616e-01 -7.302862687039886336e-02 -4.691934383874937775e-02 4.840357070814565316e-02 7.101467878817110946e-02
6.852098033842670688e-01 -7.308169881647091914e-02 -4.686140129966726020e-02 4.834402696557466017e-02 7.106704726553138285e-02
6.883529676199746650e-01 -7.313474891761617691e-02 -4.680345034491158879e-02 4.828447353945985315e-02 7.111939710182453578e-02
6.914961318556823722e-01 -7.318777713035327925e-02 -4.674549098999575270e-02 4.822491044790514630e-02 7.117172826113961348e-02
6.946392960913899683e-01 -7.324078341108895829e-02 -4.668752325041052031e-02 4.816533770898701050e-02 7.122404070747742622e-02
6.977824603270975645e-01 -7.329376771611759156e-02 -4.662954714162412251e-02 4.810575534075454268e-02 7.127633440475039661e-02
7.009256245628052717e-01 -7.334673000162081347e-02 -4.657156267908234976e-02 4.804616336122952830e-02 7.132860931678208782e-02
7.040687887985128679e-01 -7.339967022366708504e-02 -4.651356987820851746e-02 4.798656178840654540e-02 7.138086540730698148e-02
7.072119530342205751e-01 -7.345258833821126376e-02 -4.645556875440366024e-02 4.792695064025303403e-02 7.143310263997013076e-02
7.103551172699281713e-01 -7.350548430109414555e-02 -4.639755932304642783e-02 4.786732993470939335e-02 7.148532097832679955e-02
7.134982815056358785e-01 -7.355835806804204846e-02 -4.633954159949336266e-02 4.780769968968897471e-02 7.153752038584215711e-02
7.166414457413434747e-01 -7.361120959466638247e-02 -4.628151559907872636e-02 4.774805992307830371e-02 7.158970082589095896e-02
7.197846099770511819e-01 -7.366403883646317763e-02 -4.622348133711473572e-02 4.768841065273698304e-02 7.164186226175719985e-02
7.229277742127587780e-01 -7.371684574881272323e-02 -4.616543882889156958e-02 4.762875189649794228e-02 7.169400465663380850e-02
7.260709384484664852e-01 -7.376963028697901270e-02 -4.610738808967741048e-02 4.756908367216733380e-02 7.174612797362227290e-02
7.292141026841740814e-01 -7.382239240610941056e-02 -4.604932913471848632e-02 4.750940599752481036e-02 7.179823217573232108e-02
7.323572669198816776e-01 -7.387513206123412501e-02 -4.599126197923920911e-02 4.744971889032340018e-02 7.185031722588160197e-02
7.355004311555893848e-01 -7.392784920726579168e-02 -4.593318663844215416e-02 4.739002236828973591e-02 7.190238308689531066e-02
7.386435953912969810e-01 -7.398054379899902944e-02 -4.587510312750819885e-02 4.733031644912402691e-02 7.195442972150592476e-02
7.417867596270046882e-01 -7.403321579110996864e-02 -4.581701146159648103e-02 4.727060115050019801e-02 7.200645709235271863e-02
7.449299238627122843e-01 -7.408586513815580699e-02 -4.575891165584457937e-02 4.721087649006592418e-02 7.205846516198158302e-02
7.480730880984199915e-01 -7.413849179457432381e-02 -4.570080372536845098e-02 4.715114248544274855e-02 7.211045389284458096e-02
7.512162523341275877e-01 -7.419109571468350539e-02 -4.564268768526255626e-02 4.709139915422608930e-02 7.216242324729962854e-02
7.543594165698352949e-01 -7.424367685268092043e-02 -4.558456355060001158e-02 4.703164651398539231e-02 7.221437318761012025e-02
7.575025808055428911e-01 -7.429623516264348415e-02 -4.552643133643238110e-02 4.697188458226413815e-02 7.226630367594466531e-02
7.606457450412505983e-01 -7.434877059852679215e-02 -4.546829105779005842e-02 4.691211337657995306e-02 7.231821467437660189e-02
7.637889092769581945e-01 -7.440128311416469020e-02 -4.541014272968205839e-02 4.685233291442465753e-02 7.237010614488377513e-02
7.669320735126659017e-01 -7.445377266326891341e-02 -4.535198636709627390e-02 4.679254321326435651e-02 7.242197804934809302e-02
7.700752377483734978e-01 -7.450623919942851725e-02 -4.529382198499939255e-02 4.673274429053953655e-02 7.247383034955519332e-02
7.732184019840810940e-01 -7.455868267610937794e-02 -4.523564959833702853e-02 4.667293616366505887e-02 7.252566300719411052e-02
7.763615662197888012e-01 -7.461110304665380388e-02 -4.517746922203373650e-02 4.661311885003031896e-02 7.257747598385690113e-02
7.795047304554963974e-01 -7.466350026427999442e-02 -4.511928087099317114e-02 4.655329236699926043e-02 7.262926924103828286e-02
7.826478946912041046e-01 -7.471587428208156800e-02 -4.506108456009796925e-02 4.649345673191047912e-02 7.268104274013524602e-02
7.857910589269117008e-01 -7.476822505302709032e-02 -4.500288030420997870e-02 4.643361196207727859e-02 7.273279644244673436e-02
7.889342231626194080e-01 -7.482055252995956085e-02 -4.494466811817024454e-02 4.637375807478773260e-02 7.278453030917325650e-02
7.920773873983270041e-01 -7.487285666559595487e-02 -4.488644801679902985e-02 4.631389508730480303e-02 7.283624430141648343e-02
7.952205516340347113e-01 -7.492513741252669612e-02 -4.482822001489590591e-02 4.625402301686631912e-02 7.288793838017894322e-02
7.983637158697423075e-01 -7.497739472321521270e-02 -4.476998412723984938e-02 4.619414188068515087e-02 7.293961250636363247e-02
8.015068801054500147e-01 -7.502962854999736808e-02 -4.471174036858925616e-02 4.613425169594922992e-02 7.299126664077357218e-02
8.046500443411576109e-01 -7.508183884508105865e-02 -4.465348875368197606e-02 4.607435247982160503e-02 7.304290074411155798e-02
8.077932085768652071e-01 -7.513402556054558923e-02 -4.459522929723541695e-02 4.601444424944053230e-02 7.309451477697966049e-02
8.109363728125729143e-01 -7.518618864834125670e-02 -4.453696201394657245e-02 4.595452702191954453e-02 7.314610869987893393e-02
8.140795370482805104e-01 -7.523832806028887821e-02 -4.447868691849211215e-02 4.589460081434753452e-02 7.319768247320895815e-02
8.172227012839882176e-01 -7.529044374807912499e-02 -4.442040402552838163e-02 4.583466564378877589e-02 7.324923605726754716e-02
8.203658655196958138e-01 -7.534253566327217544e-02 -4.436211334969149961e-02 4.577472152728305488e-02 7.330076941225030507e-02
8.235090297554035210e-01 -7.539460375729713226e-02 -4.430381490559737873e-02 4.571476848184570507e-02 7.335228249825025137e-02
8.266521939911111172e-01 -7.544664798145148121e-02 -4.424550870784188517e-02 4.565480652446764903e-02 7.340377527525740464e-02
8.297953582268188244e-01 -7.549866828690057763e-02 -4.418719477100070681e-02 4.559483567211553012e-02 7.345524770315847718e-02
8.329385224625264206e-01 -7.555066462467720234e-02 -4.412887310962959608e-02 4.553485594173174028e-02 7.350669974173637544e-02
8.360816866982341278e-01 -7.560263694568096493e-02 -4.407054373826428673e-02 4.547486735023448939e-02 7.355813135066990860e-02
8.392248509339417240e-01 -7.565458520067772086e-02 -4.401220667142066029e-02 4.541486991451788163e-02 7.360954248953328893e-02
8.423680151696493201e-01 -7.570650934029921064e-02 -4.395386192359469757e-02 4.535486365145198484e-02 7.366093311779584041e-02
8.455111794053570273e-01 -7.575840931504232434e-02 -4.389550950926261741e-02 4.529484857788288604e-02 7.371230319482154070e-02
8.486543436410646235e-01 -7.581028507526874072e-02 -4.383714944288088361e-02 4.523482471063276777e-02 7.376365267986861873e-02
8.517975078767723307e-01 -7.586213657120431664e-02 -4.377878173888623270e-02 4.517479206649998441e-02 7.381498153208913837e-02
8.549406721124799269e-01 -7.591396375293849030e-02 -4.372040641169586822e-02 4.511475066225909686e-02 7.386628971052865145e-02
8.580838363481876341e-01 -7.596576657042382330e-02 -4.366202347570730113e-02 4.505470051466098358e-02 7.391757717412575368e-02
8.612270005838952303e-01 -7.601754497347537609e-02 -4.360363294529855799e-02 4.499464164043288222e-02 7.396884388171168223e-02
8.643701648196029375e-01 -7.606929891177033332e-02 -4.354523483482820867e-02 4.493457405627842433e-02 7.402008979200987160e-02
8.675133290553105336e-01 -7.612102833484717113e-02 -4.348682915863538029e-02 4.487449777887779490e-02 7.407131486363559281e-02
8.706564932910182408e-01 -7.617273319210533800e-02 -4.342841593103985431e-02 4.481441282488766303e-02 7.412251905509553707e-02
8.737996575267258370e-01 -7.622441343280461634e-02 -4.336999516634205271e-02 4.475431921094138316e-02 7.417370232478731618e-02
8.769428217624335442e-01 -7.627606900606452578e-02 -4.331156687882319750e-02 4.469421695364898112e-02 7.422486463099919884e-02
8.800859859981411404e-01 -7.632769986086379577e-02 -4.325313108274526919e-02 4.463410606959723054e-02 7.427600593190950007e-02
8.832291502338487366e-01 -7.637930594603985213e-02 -4.319468779235106914e-02 4.457398657534972913e-02 7.432712618558633133e-02
8.863723144695564438e-01 -7.643088721028810928e-02 -4.313623702186434455e-02 4.451385848744696117e-02 7.437822534998707324e-02
8.895154787052640399e-01 -7.648244360216152615e-02 -4.307777878548976064e-02 4.445372182240634601e-02 7.442930338295794535e-02
8.926586429409717471e-01 -7.653397507007002332e-02 -4.301931309741298393e-02 4.439357659672234918e-02 7.448036024223365914e-02
8.958018071766793433e-01 -7.658548156227980297e-02 -4.296083997180074471e-02 4.433342282686648234e-02 7.453139588543690464e-02
8.989449714123870505e-01 -7.663696302691286322e-02 -4.290235942280086479e-02 4.427326052928742817e-02 7.458241027007796176e-02
9.020881356480946467e-01 -7.668841941194640133e-02 -4.284387146454236156e-02 4.421308972041104041e-02 7.463340335355422850e-02
9.052312998838023539e-01 -7.673985066521223086e-02 -4.278537611113541334e-02 4.415291041664048260e-02 7.468437509314983236e-02
9.083744641195099501e-01 -7.679125673439604616e-02 -4.272687337667144952e-02 4.409272263435622813e-02 7.473532544603515848e-02
9.115176283552176573e-01 -7.684263756703714476e-02 -4.266836327522328248e-02 4.403252638991613649e-02 7.478625436926639169e-02
9.146607925909252534e-01 -7.689399311052749764e-02 -4.260984582084501732e-02 4.397232169965555743e-02 7.483716181978512794e-02
9.178039568266328496e-01 -7.694532331211137444e-02 -4.255132102757219065e-02 4.391210857988733784e-02 7.488804775441787465e-02
9.209471210623405568e-01 -7.699662811888463576e-02 -4.249278890942182613e-02 4.385188704690193978e-02 7.493891212987562056e-02
9.240902852980481530e-01 -7.704790747779412252e-02 -4.243424948039244138e-02 4.379165711696744040e-02 7.498975490275340550e-02
9.272334495337558602e-01 -7.709916133563714247e-02 -4.237570275446409657e-02 4.373141880632962913e-02 7.504057602952984851e-02
9.303766137694634564e-01 -7.715038963906077629e-02 -4.231714874559851236e-02 4.367117213121211872e-02 7.509137546656666218e-02
9.335197780051711636e-01 -7.720159233456129477e-02 -4.225858746773907687e-02 4.361091710781628272e-02 7.514215317010826400e-02
9.366629422408787597e-01 -7.725276936848347875e-02 -4.220001893481084565e-02 4.355065375232145680e-02 7.519290909628124908e-02
9.398061064765864669e-01 -7.730392068702010566e-02 -4.214144316072067353e-02 4.349038208088489010e-02 7.524364320109400150e-02
9.429492707122940631e-01 -7.735504623621122788e-02 -4.208286015935721464e-02 4.343010210964188406e-02 7.529435544043613926e-02
9.460924349480017703e-01 -7.740614596194365926e-02 -4.202426994459105419e-02 4.336981385470579237e-02 7.534504577007815340e-02
9.492355991837093665e-01 -7.745721980995019795e-02 -4.196567253027456978e-02 4.330951733216813898e-02 7.539571414567082519e-02
9.523787634194169627e-01 -7.750826772580909907e-02 -4.190706793024223664e-02 4.324921255809862503e-02 7.544636052274485138e-02
9.555219276551246699e-01 -7.755928965494342242e-02 -4.184845615831042642e-02 4.318889954854524676e-02 7.549698485671033077e-02
9.586650918908322661e-01 -7.761028554262035251e-02 -4.178983722827764313e-02 4.312857831953429560e-02 7.554758710285626455e-02
9.618082561265399733e-01 -7.766125533395056013e-02 -4.173121115392453701e-02 4.306824888707046911e-02 7.559816721635012615e-02
9.649514203622475694e-01 -7.771219897388763342e-02 -4.167257794901382123e-02 4.300791126713691265e-02 7.564872515223734772e-02
9.680945845979552766e-01 -7.776311640722731455e-02 -4.161393762729048013e-02 4.294756547569524019e-02 7.569926086544088994e-02
9.712377488336628728e-01 -7.781400757860694462e-02 -4.155529020248175526e-02 4.288721152868568698e-02 7.574977431076065915e-02
9.743809130693705800e-01 -7.786487243250470036e-02 -4.149663568829716626e-02 4.282684944202708177e-02 7.580026544287307710e-02
9.775240773050781762e-01 -7.791571091323905296e-02 -4.143797409842864959e-02 4.276647923161694398e-02 7.585073421633063695e-02
9.806672415407858834e-01 -7.796652296496803247e-02 -4.137930544655046144e-02 4.270610091333153918e-02 7.590118058556134806e-02
9.838104057764934796e-01 -7.801730853168852009e-02 -4.132062974631937891e-02 4.264571450302592076e-02 7.595160450486822257e-02
9.869535700122011868e-01 -7.806806755723570690e-02 -4.126194701137463061e-02 4.258532001653404786e-02 7.600200592842884517e-02
9.900967342479087829e-01 -7.811879998528228897e-02 -4.120325725533804939e-02 4.252491746966875763e-02 7.605238481029483189e-02
9.932398984836163791e-01 -7.816950575933787060e-02 -4.114456049181399594e-02 4.246450687822187625e-02 7.610274110439134432e-02
9.963830627193240863e-01 -7.822018482274821494e-02 -4.108585673438951841e-02 4.240408825796430914e-02 7.615307476451654844e-02
9.995262269550316825e-01 -7.827083711869461946e-02 -4.102714599663436629e-02 4.234366162464599931e-02 7.620338574434117052e-02
1.002669391190739390e+00 -7.832146259019327761e-02 -4.096842829210097653e-02 4.228322699399610085e-02 7.625367399740792806e-02
1.005812555426446986e+00 -7.837206118009433509e-02 -4.090970363432459844e-02 4.222278438172293036e-02 7.630393947713103031e-02
1.008955719662154582e+00 -7.842263283108154293e-02 -4.085097203682333533e-02 4.216233380351411264e-02 7.635418213679572019e-02
1.012098883897862400e+00 -7.847317748567129991e-02 -4.079223351309815143e-02 4.210187527503660848e-02 7.640440192955763599e-02
1.015242048133569996e+00 -7.852369508621204197e-02 -4.073348807663292742e-02 4.204140881193673546e-02 7.645459880844242273e-02
1.018385212369277593e+00 -7.857418557488354827e-02 -4.067473574089450206e-02 4.198093442984027895e-02 7.650477272634512160e-02
1.021528376604985189e+00 -7.862464889369619181e-02 -4.061597651933277625e-02 4.192045214435251299e-02 7.655492363602968420e-02
1.024671540840692785e+00 -7.867508498449021781e-02 -4.055721042538068533e-02 4.185996197105828348e-02 7.660505149012843129e-02
1.027814705076400603e+00 -7.872549378893509142e-02 -4.049843747245431003e-02 4.179946392552205681e-02 7.665515624114151161e-02
1.030957869312108199e+00 -7.877587524852872058e-02 -4.043965767395282795e-02 4.173895802328793370e-02 7.670523784143637447e-02
1.034101033547815796e+00 -7.882622930459670663e-02 -4.038087104325868704e-02 4.167844427987979494e-02 7.675529624324727018e-02
1.037244197783523392e+00 -7.887655589829163649e-02 -4.032207759373752920e-02 4.161792271080127364e-02 7.680533139867462555e-02
1.040387362019231210e+00 -7.892685497059244437e-02 -4.026327733873834996e-02 4.155739333153588011e-02 7.685534325968459979e-02
1.043530526254938806e+00 -7.897712646230348188e-02 -4.020447029159340824e-02 4.149685615754698798e-02 7.690533177810845999e-02
1.046673690490646402e+00 -7.902737031405392132e-02 -4.014565646561844142e-02 4.143631120427793135e-02 7.695529690564208158e-02
1.049816854726353998e+00 -7.907758646629696464e-02 -4.008683587411256133e-02 4.137575848715208116e-02 7.700523859384537928e-02
1.052960018962061817e+00 -7.912777485930912180e-02 -4.002800853035833051e-02 4.131519802157283816e-02 7.705515679414176589e-02
1.056103183197769413e+00 -7.917793543318937810e-02 -3.996917444762192878e-02 4.125462982292376485e-02 7.710505145781754166e-02
1.059246347433477009e+00 -7.922806812785852804e-02 -3.991033363915301446e-02 4.119405390656855070e-02 7.715492253602146411e-02
1.062389511669184605e+00 -7.927817288305828713e-02 -3.985148611818491171e-02 4.113347028785118570e-02 7.720476997976402633e-02
1.065532675904892201e+00 -7.932824963835075072e-02 -3.979263189793456890e-02 4.107287898209587007e-02 7.725459373991698520e-02
1.068675840140600020e+00 -7.937829833311738081e-02 -3.973377099160264186e-02 4.101228000460721557e-02 7.730439376721280620e-02
1.071819004376307616e+00 -7.942831890655831228e-02 -3.967490341237356333e-02 4.095167337067018992e-02 7.735417001224401123e-02
1.074962168612015212e+00 -7.947831129769167280e-02 -3.961602917341552899e-02 4.089105909555021401e-02 7.740392242546270674e-02
1.078105332847722808e+00 -7.952827544535263915e-02 -3.955714828788056692e-02 4.083043719449324510e-02 7.745365095717991755e-02
1.081248497083430626e+00 -7.957821128819278500e-02 -3.949826076890460003e-02 4.076980768272574912e-02 7.750335555756505956e-02
1.084391661319138223e+00 -7.962811876467916494e-02 -3.943936662960745992e-02 4.070917057545488105e-02 7.755303617664534299e-02
1.087534825554845819e+00 -7.967799781309364837e-02 -3.938046588309299795e-02 4.064852588786840165e-02 7.760269276430517560e-02
1.090677989790553415e+00 -7.972784837153197579e-02 -3.932155854244898802e-02 4.058787363513480934e-02 7.765232527028559373e-02
1.093821154026261233e+00 -7.977767037790314819e-02 -3.926264462074732092e-02 4.052721383240340952e-02 7.770193364418366555e-02
1.096964318261968829e+00 -7.982746376992837234e-02 -3.920372413104397658e-02 4.046654649480428689e-02 7.775151783545186657e-02
1.100107482497676425e+00 -7.987722848514045015e-02 -3.914479708637909339e-02 4.040587163744845806e-02 7.780107779339753837e-02
1.103250646733384022e+00 -7.992696446088282114e-02 -3.908586349977691277e-02 4.034518927542784378e-02 7.785061346718222253e-02
1.106393810969091618e+00 -7.997667163430885462e-02 -3.902692338424604973e-02 4.028449942381536614e-02 7.790012480582111931e-02
1.109536975204799436e+00 -8.002634994238096156e-02 -3.896797675277923617e-02 4.022380209766499709e-02 7.794961175818240773e-02
1.112680139440507032e+00 -8.007599932186973413e-02 -3.890902361835365392e-02 4.016309731201179317e-02 7.799907427298671814e-02
1.115823303676214628e+00 -8.012561970935314082e-02 -3.885006399393076820e-02 4.010238508187197182e-02 7.804851229880643837e-02
1.118966467911922225e+00 -8.017521104121570763e-02 -3.879109789245643175e-02 4.004166542224294606e-02 7.809792578406515862e-02
1.122109632147630043e+00 -8.022477325364767153e-02 -3.873212532686098192e-02 3.998093834810337310e-02 7.814731467703700529e-02
1.125252796383337639e+00 -8.027430628264400903e-02 -3.867314631005927539e-02 3.992020387441321677e-02 7.819667892584605817e-02
1.128395960619045235e+00 -8.032381006400378387e-02 -3.861416085495059797e-02 3.985946201611382383e-02 7.824601847846568425e-02
1.131539124854752831e+00 -8.037328453332913403e-02 -3.855516897441889357e-02 3.979871278812792401e-02 7.829533328271792714e-02
1.134682289090460428e+00 -8.042272962602445285e-02 -3.849617068133265319e-02 3.973795620535972711e-02 7.834462328627288252e-02
1.137825453326168246e+00 -8.047214527729550093e-02 -3.843716598854510225e-02 3.967719228269492998e-02 7.839388843664803208e-02
1.140968617561875842e+00 -8.052153142214853176e-02 -3.837815490889409653e-02 3.961642103500082751e-02 7.844312868120763282e-02
1.144111781797583438e+00 -8.057088799538957014e-02 -3.831913745520229564e-02 3.955564247712631959e-02 7.849234396716205098e-02
1.147254946033291034e+00 -8.062021493162317698e-02 -3.826011364027703116e-02 3.949485662390195273e-02 7.854153424156712360e-02
1.150398110268998852e+00 -8.066951216525185264e-02 -3.820108347691060502e-02 3.943406349014002416e-02 7.859069945132352020e-02
1.153541274504706449e+00 -8.071877963047509319e-02 -3.814204697788005360e-02 3.937326309063458873e-02 7.863983954317604885e-02
1.156684438740414045e+00 -8.076801726128840508e-02 -3.808300415594739058e-02 3.931245544016151450e-02 7.868895446371307334e-02
1.159827602976121641e+00 -8.081722499148244476e-02 -3.802395502385957915e-02 3.925164055347855202e-02 7.873804415936572210e-02
1.162970767211829459e+00 -8.086640275464215821e-02 -3.796489959434853900e-02 3.919081844532536218e-02 7.878710857640740250e-02
1.166113931447537055e+00 -8.091555048414576790e-02 -3.790583788013122957e-02 3.912998913042359250e-02 7.883614766095294046e-02
1.169257095683244652e+00 -8.096466811316389844e-02 -3.784676989390969165e-02 3.906915262347691875e-02 7.888516135895808079e-02
1.172400259918952248e+00 -8.101375557465870236e-02 -3.778769564837111683e-02 3.900830893917106579e-02 7.893414961621866843e-02
1.175543424154659844e+00 -8.106281280138280532e-02 -3.772861515618775030e-02 3.894745809217389082e-02 7.898311237837005172e-02
1.178686588390367662e+00 -8.111183972587852897e-02 -3.766952843001709905e-02 3.888660009713543891e-02 7.903204959088641623e-02
1.181829752626075258e+00 -8.116083628047680854e-02 -3.761043548250193186e-02 3.882573496868796381e-02 7.908096119908002153e-02
1.184972916861782855e+00 -8.120980239729631844e-02 -3.755133632627022378e-02 3.876486272144599732e-02 7.912984714810054887e-02
1.188116081097490451e+00 -8.125873800824250093e-02 -3.749223097393530185e-02 3.870398337000640482e-02 7.917870738293442123e-02
1.191259245333198269e+00 -8.130764304500659456e-02 -3.743311943809584513e-02 3.864309692894838527e-02 7.922754184840410940e-02
1.194402409568905865e+00 -8.135651743906474609e-02 -3.737400173133595405e-02 3.858220341283361693e-02 7.927635048916738258e-02
1.197545573804613461e+00 -8.140536112167687244e-02 -3.731487786622510877e-02 3.852130283620618795e-02 7.932513324971664226e-02
1.200688738040321057e+00 -8.145417402388595296e-02 -3.725574785531833577e-02 3.846039521359274904e-02 7.937389007437821442e-02
1.203831902276028876e+00 -8.150295607651671104e-02 -3.719661171115609677e-02 3.839948055950251349e-02 7.942262090731162794e-02
1.206975066511736472e+00 -8.155170721017493407e-02 -3.713746944626447610e-02 3.833855888842727794e-02 7.947132569250886514e-02
1.210118230747444068e+00 -8.160042735524637714e-02 -3.707832107315513909e-02 3.827763021484155426e-02 7.952000437379370956e-02
1.213261394983151664e+00 -8.164911644189562501e-02 -3.701916660432535977e-02 3.821669455320252790e-02 7.956865689482094106e-02
1.216404559218859260e+00 -8.169777440006525948e-02 -3.696000605225812502e-02 3.815575191795016197e-02 7.961728319907568352e-02
1.219547723454567079e+00 -8.174640115947492958e-02 -3.690083942942211370e-02 3.809480232350723888e-02 7.966588322987264159e-02
1.222690887690274675e+00 -8.179499664961999150e-02 -3.684166674827175220e-02 3.803384578427938811e-02 7.971445693035529578e-02
1.225834051925982271e+00 -8.184356079977088416e-02 -3.678248802124728378e-02 3.797288231465515557e-02 7.976300424349527796e-02
1.228977216161689867e+00 -8.189209353897181076e-02 -3.672330326077476170e-02 3.791191192900602441e-02 7.981152511209155254e-02
1.232120380397397685e+00 -8.194059479603994778e-02 -3.666411247926613937e-02 3.785093464168649835e-02 7.986001947876969487e-02
1.235263544633105282e+00 -8.198906449956414044e-02 -3.660491568911922872e-02 3.778995046703411548e-02 7.990848728598112793e-02
1.238406708868812878e+00 -8.203750257790404232e-02 -3.654571290271785289e-02 3.772895941936953157e-02 7.995692847600234521e-02
1.241549873104520474e+00 -8.208590895918907449e-02 -3.648650413243176988e-02 3.766796151299653395e-02 8.000534299093417512e-02
1.244693037340228070e+00 -8.213428357131731528e-02 -3.642728939061681132e-02 3.760695676220210393e-02 8.005373077270103166e-02
1.247836201575935888e+00 -8.218262634195433458e-02 -3.636806868961482003e-02 3.754594518125645153e-02 8.010209176305010947e-02
1.250979365811643484e+00 -8.223093719853233341e-02 -3.630884204175381658e-02 3.748492678441311260e-02 8.015042590355059282e-02
1.254122530047351081e+00 -8.227921606824892264e-02 -3.624960945934786044e-02 3.742390158590890026e-02 8.019873313559293393e-02
1.257265694283058677e+00 -8.232746287806609609e-02 -3.619037095469731374e-02 3.736286959996403673e-02 8.024701340038802033e-02
1.260408858518766495e+00 -8.237567755470910635e-02 -3.613112654008862612e-02 3.730183084078217415e-02 8.029526663896645322e-02
1.263552022754474091e+00 -8.242386002466545181e-02 -3.607187622779461228e-02 3.724078532255044316e-02 8.034349279217764539e-02
1.266695186990181687e+00 -8.247201021418366917e-02 -3.601262003007433404e-02 3.717973305943948065e-02 8.039169180068911347e-02
1.269838351225889284e+00 -8.252012804927225109e-02 -3.595335795917318361e-02 3.711867406560347832e-02 8.043986360498568688e-02
1.272981515461597102e+00 -8.256821345569861914e-02 -3.589409002732292520e-02 3.705760835518025903e-02 8.048800814536860582e-02
1.276124679697304698e+00 -8.261626635898794424e-02 -3.583481624674173666e-02 3.699653594229131148e-02 8.053612536195482730e-02
1.279267843933012294e+00 -8.266428668442198091e-02 -3.577553662963423725e-02 3.693545684104180410e-02 8.058421519467610927e-02
1.282411008168719890e+00 -8.271227435703795705e-02 -3.571625118819153621e-02 3.687437106552066135e-02 8.063227758327828898e-02
1.285554172404427486e+00 -8.276022930162749147e-02 -3.565695993459125357e-02 3.681327862980063315e-02 8.068031246732036699e-02
1.288697336640135305e+00 -8.280815144273538653e-02 -3.559766288099756870e-02 3.675217954793824626e-02 8.072831978617374393e-02
1.291840500875842901e+00 -8.285604070465849014e-02 -3.553836003956124812e-02 3.669107383397397781e-02 8.077629947902136009e-02
1.294983665111550497e+00 -8.290389701144457169e-02 -3.547905142241972176e-02 3.662996150193221362e-02 8.082425148485686273e-02
1.298126829347258093e+00 -8.295172028689105914e-02 -3.541973704169704140e-02 3.656884256582131065e-02 8.087217574248377339e-02
1.301269993582965911e+00 -8.299951045454395659e-02 -3.536041690950399857e-02 3.650771703963364562e-02 8.092007219051459976e-02
1.304413157818673508e+00 -8.304726743769665076e-02 -3.530109103793811071e-02 3.644658493734567739e-02 8.096794076737004464e-02
1.307556322054381104e+00 -8.309499115938866198e-02 -3.524175943908367664e-02 3.638544627291796785e-02 8.101578141127810384e-02
1.310699486290088700e+00 -8.314268154240450626e-02 -3.518242212501182520e-02 3.632430106029523043e-02 8.106359406027323355e-02
1.313842650525796518e+00 -8.319033850927250173e-02 -3.512307910778050130e-02 3.626314931340639258e-02 8.111137865219546217e-02
1.316985814761504114e+00 -8.323796198226350584e-02 -3.506373039943459780e-02 3.620199104616462354e-02 8.115913512468954372e-02
1.320128978997211711e+00 -8.328555188338973569e-02 -3.500437601200587917e-02 3.614082627246736207e-02 8.120686341520401419e-02
1.323272143232919307e+00 -8.333310813440351905e-02 -3.494501595751310641e-02 3.607965500619642052e-02 8.125456346099044214e-02
1.326415307468626903e+00 -8.338063065679612862e-02 -3.488565024796198843e-02 3.601847726121797100e-02 8.130223519910236007e-02
1.329558471704334721e+00 -8.342811937179643589e-02 -3.482627889534535559e-02 3.595729305138258697e-02 8.134987856639457060e-02
1.332701635940042317e+00 -8.347557420036970377e-02 -3.476690191164300003e-02 3.589610239052534735e-02 8.139749349952209168e-02
1.335844800175749914e+00 -8.352299506321640699e-02 -3.470751930882190472e-02 3.583490529246582262e-02 8.144507993493933784e-02
1.338987964411457510e+00 -8.357038188077087204e-02 -3.464813109883618097e-02 3.577370177100813731e-02 8.149263780889919040e-02
1.342131128647165328e+00 -8.361773457320008374e-02 -3.458873729362707539e-02 3.571249183994099075e-02 8.154016705745208149e-02
1.345274292882872924e+00 -8.366505306040229739e-02 -3.452933790512306700e-02 3.565127551303778897e-02 8.158766761644507814e-02
1.348417457118580520e+00 -8.371233726200591474e-02 -3.446993294523992279e-02 3.559005280405657529e-02 8.163513942152096636e-02
1.351560621354288116e+00 -8.375958709736805452e-02 -3.441052242588062832e-02 3.552882372674012051e-02 8.168258240811732129e-02
1.354703785589995713e+00 -8.380680248557327572e-02 -3.435110635893554726e-02 3.546758829481597153e-02 8.172999651146556355e-02
1.357846949825703531e+00 -8.385398334543235632e-02 -3.429168475628235901e-02 3.540634652199650678e-02 8.177738166659004326e-02
1.360990114061411127e+00 -8.390112959548086391e-02 -3.423225762978616277e-02 3.534509842197895019e-02 8.182473780830705479e-02
1.364133278297118723e+00 -8.394824115397789277e-02 -3.417282499129945667e-02 3.528384400844541968e-02 8.187206487122394849e-02
1.367276442532826319e+00 -8.399531793890470388e-02 -3.411338685266222109e-02 3.522258329506299662e-02 8.191936278973811769e-02
1.370419606768534138e+00 -8.404235986796344815e-02 -3.405394322570190480e-02 3.516131629548372578e-02 8.196663149803604109e-02
1.373562771004241734e+00 -8.408936685857570925e-02 -3.399449412223352895e-02 3.510004302334469861e-02 8.201387093009238072e-02
1.376705935239949330e+00 -8.413633882788122687e-02 -3.393503955405964556e-02 3.503876349226808101e-02 8.206108101966891333e-02
1.379849099475656926e+00 -8.418327569273648114e-02 -3.387557953297042068e-02 3.497747771586112026e-02 8.210826170031365612e-02
1.382992263711364744e+00 -8.423017736971340208e-02 -3.381611407074364140e-02 3.491618570771625601e-02 8.215541290535978425e-02
1.386135427947072341e+00 -8.427704377509785683e-02 -3.375664317914479212e-02 3.485488748141110649e-02 8.220253456792472879e-02
1.389278592182779937e+00 -8.432387482488838681e-02 -3.369716686992704074e-02 3.479358305050855166e-02 8.224962662090908039e-02
1.392421756418487533e+00 -8.437067043479468120e-02 -3.363768515483129412e-02 3.473227242855671942e-02 8.229668899699572882e-02
1.395564920654195129e+00 -8.441743052023632787e-02 -3.357819804558623972e-02 3.467095562908907580e-02 8.234372162864869726e-02
1.398708084889902947e+00 -8.446415499634123136e-02 -3.351870555390836642e-02 3.460963266562448043e-02 8.239072444811226803e-02
1.401851249125610543e+00 -8.451084377794428060e-02 -3.345920769150199231e-02 3.454830355166715189e-02 8.243769738740987230e-02
1.404994413361318140e+00 -8.455749677958586397e-02 -3.339970447005934789e-02 3.448696830070679953e-02 8.248464037834309093e-02
1.408137577597025736e+00 -8.460411391551049543e-02 -3.334019590126052757e-02 3.442562692621860265e-02 8.253155335249065527e-02
1.411280741832733554e+00 -8.465069509966532957e-02 -3.328068199677360756e-02 3.436427944166327297e-02 8.257843624120737858e-02
1.414423906068441150e+00 -8.469724024569862120e-02 -3.322116276825463899e-02 3.430292586048709624e-02 8.262528897562308738e-02
1.417567070304148746e+00 -8.474374926695833754e-02 -3.316163822734764788e-02 3.424156619612198083e-02 8.267211148664165010e-02
1.420710234539856343e+00 -8.479022207649071496e-02 -3.310210838568471842e-02 3.418020046198547157e-02 8.271890370493983902e-02
1.423853398775564161e+00 -8.483665858703866303e-02 -3.304257325488604152e-02 3.411882867148082615e-02 8.276566556096633109e-02
1.426996563011271757e+00 -8.488305871104029343e-02 -3.298303284655990097e-02 3.405745083799704281e-02 8.281239698494058388e-02
1.430139727246979353e+00 -8.492942236062749062e-02 -3.292348717230272892e-02 3.399606697490887425e-02 8.285909790685182241e-02
1.433282891482686949e+00 -8.497574944762428806e-02 -3.286393624369910588e-02 3.393467709557692474e-02 8.290576825645791514e-02
1.436426055718394545e+00 -8.502203988354538333e-02 -3.280438007232189257e-02 3.387328121334761549e-02 8.295240796328426369e-02
1.439569219954102364e+00 -8.506829357959465321e-02 -3.274481866973212585e-02 3.381187934155330255e-02 8.299901695662281753e-02
1.442712384189809960e+00 -8.511451044666350219e-02 -3.268525204747914359e-02 3.375047149351226988e-02 8.304559516553081111e-02
1.445855548425517556e+00 -8.516069039532937757e-02 -3.262568021710063326e-02 3.368905768252877797e-02 8.309214251882982016e-02
1.448998712661225152e+00 -8.520683333585417352e-02 -3.256610319012256255e-02 3.362763792189310541e-02 8.313865894510452659e-02
1.452141876896932970e+00 -8.525293917818266287e-02 -3.250652097805932506e-02 3.356621222488160444e-02 8.318514437270166373e-02
1.455285041132640567e+00 -8.529900783194092895e-02 -3.244693359241372643e-02 3.350478060475672176e-02 8.323159872972885065e-02
1.458428205368348163e+00 -8.534503920643471409e-02 -3.238734104467697744e-02 3.344334307476702628e-02 8.327802194405350966e-02
1.461571369604055759e+00 -8.539103321064789309e-02 -3.232774334632877722e-02 3.338189964814728544e-02 8.332441394330167284e-02
1.464714533839763355e+00 -8.543698975324073852e-02 -3.226814050883735491e-02 3.332045033811848606e-02 8.337077465485684402e-02
1.467857698075471173e+00 -8.548290874254840799e-02 -3.220853254365945578e-02 3.325899515788785510e-02 8.341710400585887475e-02
1.471000862311178770e+00 -8.552879008657923721e-02 -3.214891946224042452e-02 3.319753412064897075e-02 8.346340192320277074e-02
1.474144026546886366e+00 -8.557463369301314404e-02 -3.208930127601418436e-02 3.313606723958166522e-02 8.350966833353752616e-02
1.477287190782593962e+00 -8.562043946919993542e-02 -3.202967799640332736e-02 3.307459452785220522e-02 8.355590316326499956e-02
1.480430355018301780e+00 -8.566620732215753098e-02 -3.197004963481908657e-02 3.301311599861327800e-02 8.360210633853862316e-02
1.483573519254009376e+00 -8.571193715857054751e-02 -3.191041620266140549e-02 3.295163166500399837e-02 8.364827778526232049e-02
1.486716683489716972e+00 -8.575762888478831447e-02 -3.185077771131898661e-02 3.289014154014999886e-02 8.369441742908924342e-02
1.489859847725424569e+00 -8.580328240682334739e-02 -3.179113417216926363e-02 3.282864563716341583e-02 8.374052519542063422e-02
1.493003011961132387e+00 -8.584889763034962706e-02 -3.173148559657847090e-02 3.276714396914297972e-02 8.378660100940450717e-02
1.496146176196839983e+00 -8.589447446070075376e-02 -3.167183199590171278e-02 3.270563654917404972e-02 8.383264479593451057e-02
1.499289340432547579e+00 -8.594001280286837907e-02 -3.161217338148292894e-02 3.264412339032859295e-02 8.387865647964870552e-02
1.502432504668255175e+00 -8.598551256150029076e-02 -3.155250976465496376e-02 3.258260450566528854e-02 8.392463598492827526e-02
1.505575668903962772e+00 -8.603097364089876131e-02 -3.149284115673953860e-02 3.252107990822953459e-02 8.397058323589630391e-02
1.508718833139670590e+00 -8.607639594501875768e-02 -3.143316756904741133e-02 3.245954961105351061e-02 8.401649815641658303e-02
1.511861997375378186e+00 -8.612177937746613721e-02 -3.137348901287827230e-02 3.239801362715619137e-02 8.406238067009225157e-02
1.515005161611085782e+00 -8.616712384149585735e-02 -3.131380549952086229e-02 3.233647196954337472e-02 8.410823070026463011e-02
1.518148325846793378e+00 -8.621242924001017160e-02 -3.125411704025296555e-02 3.227492465120775783e-02 8.415404817001184701e-02
1.521291490082501197e+00 -8.625769547555685313e-02 -3.119442364634142373e-02 3.221337168512896504e-02 8.419983300214767263e-02
1.524434654318208793e+00 -8.630292245032726572e-02 -3.113472532904222601e-02 3.215181308427354778e-02 8.424558511922011772e-02
1.527577818553916389e+00 -8.634811006615462914e-02 -3.107502209960051956e-02 3.209024886159506790e-02 8.429130444351022600e-02
1.530720982789623985e+00 -8.639325822451209003e-02 -3.101531396925056097e-02 3.202867903003413230e-02 8.433699089703071416e-02
1.533864147025331803e+00 -8.643836682651090397e-02 -3.095560094921590011e-02 3.196710360251837219e-02 8.438264440152466739e-02
1.537007311261039399e+00 -8.648343577289852036e-02 -3.089588305070926563e-02 3.190552259196257484e-02 8.442826487846423478e-02
1.540150475496746996e+00 -8.652846496405672272e-02 -3.083616028493268296e-02 3.184393601126865592e-02 8.447385224904929713e-02
1.543293639732454592e+00 -8.657345429999969977e-02 -3.077643266307746039e-02 3.178234387332570104e-02 8.451940643420612076e-02
1.546436803968162188e+00 -8.661840368037213023e-02 -3.071670019632427584e-02 3.172074619101002829e-02 8.456492735458598364e-02
1.549579968203870006e+00 -8.666331300444728158e-02 -3.065696289584308662e-02 3.165914297718518816e-02 8.461041493056388474e-02
1.552723132439577602e+00 -8.670818217112501169e-02 -3.059722077279334804e-02 3.159753424470206767e-02 8.465586908223711460e-02
1.555866296675285199e+00 -8.675301107892989527e-02 -3.053747383832386766e-02 3.153592000639884180e-02 8.470128972942395085e-02
1.559009460910992795e+00 -8.679779962600918386e-02 -3.047772210357291983e-02 3.147430027510107059e-02 8.474667679166218714e-02
1.562152625146700613e+00 -8.684254771013084906e-02 -3.041796557966826645e-02 3.141267506362172002e-02 8.479203018820784254e-02
1.565295789382408209e+00 -8.688725522868159801e-02 -3.035820427772720556e-02 3.135104438476121053e-02 8.483734983803367657e-02
1.568438953618115805e+00 -8.693192207866483334e-02 -3.029843820885656444e-02 3.128940825130740316e-02 8.488263565982785697e-02
1.571582117853823402e+00 -8.697654815669869643e-02 -3.023866738415272384e-02 3.122776667603571407e-02 8.492788757199248861e-02
1.574725282089530998e+00 -8.702113335901395796e-02 -3.017889181470169435e-02 3.116611967170907285e-02 8.497310549264221191e-02
1.577868446325238816e+00 -8.706567758145203340e-02 -3.011911151157909902e-02 3.110446725107801971e-02 8.501828933960277335e-02
1.581011610560946412e+00 -8.711018071946284580e-02 -3.005932648585027400e-02 3.104280942688073322e-02 8.506343903040954058e-02
1.584154774796654008e+00 -8.715464266810279970e-02 -2.999953674857019220e-02 3.098114621184303377e-02 8.510855448230611464e-02
1.587297939032361604e+00 -8.719906332203271326e-02 -2.993974231078359513e-02 3.091947761867841135e-02 8.515363561224283118e-02
1.590441103268069423e+00 -8.724344257551565340e-02 -2.987994318352495821e-02 3.085780366008814349e-02 8.519868233687528936e-02
1.593584267503777019e+00 -8.728778032241488183e-02 -2.982013937781855320e-02 3.079612434876123281e-02 8.524369457256288085e-02
1.596727431739484615e+00 -8.733207645619162074e-02 -2.976033090467844131e-02 3.073443969737451806e-02 8.528867223536727715e-02
1.599870595975192211e+00 -8.737633086990306830e-02 -2.970051777510855640e-02 3.067274971859266022e-02 8.533361524105098628e-02
1.603013760210900029e+00 -8.742054345619999778e-02 -2.964070000010269115e-02 3.061105442506818763e-02 8.537852350507574295e-02
1.606156924446607626e+00 -8.746471410732484242e-02 -2.958087759064455605e-02 3.054935382944158964e-02 8.542339694260113470e-02
1.609300088682315222e+00 -8.750884271510932233e-02 -2.952105055770776545e-02 3.048764794434122988e-02 8.546823546848290876e-02
1.612443252918022818e+00 -8.755292917097230732e-02 -2.946121891225592440e-02 3.042593678238350932e-02 8.551303899727155655e-02
1.615586417153730414e+00 -8.759697336591755479e-02 -2.940138266524263203e-02 3.036422035617284201e-02 8.555780744321071773e-02
1.618729581389438232e+00 -8.764097519053154484e-02 -2.934154182761146770e-02 3.030249867830166893e-02 8.560254072023563976e-02
1.621872745625145829e+00 -8.768493453498112100e-02 -2.928169641029609513e-02 3.024077176135057596e-02 8.564723874197156805e-02
1.625015909860853425e+00 -8.772885128901132534e-02 -2.922184642422026232e-02 3.017903961788819325e-02 8.569190142173220559e-02
1.628159074096561021e+00 -8.777272534194306697e-02 -2.916199188029778080e-02 3.011730226047139997e-02 8.573652867251813081e-02
1.631302238332268839e+00 -8.781655658267077669e-02 -2.910213278943266785e-02 3.005555970164519586e-02 8.578112040701514618e-02
1.634445402567976435e+00 -8.786034489966017269e-02 -2.904226916251904239e-02 2.999381195394286437e-02 8.582567653759273774e-02
1.637588566803684031e+00 -8.790409018094588744e-02 -2.898240101044126382e-02 2.993205902988592751e-02 8.587019697630239590e-02
1.640731731039391628e+00 -8.794779231412909459e-02 -2.892252834407386952e-02 2.987030094198421526e-02 8.591468163487601950e-02
1.643874895275099446e+00 -8.799145118637521912e-02 -2.886265117428168589e-02 2.980853770273588985e-02 8.595913042472426435e-02
1.647018059510807042e+00 -8.803506668441146710e-02 -2.880276951191984916e-02 2.974676932462748738e-02 8.600354325693487789e-02
1.650161223746514638e+00 -8.807863869452450811e-02 -2.874288336783368744e-02 2.968499582013395602e-02 8.604792004227103386e-02
1.653304387982222234e+00 -8.812216710255793561e-02 -2.868299275285900868e-02 2.962321720171865250e-02 8.609226069116970859e-02
1.656447552217929831e+00 -8.816565179391000484e-02 -2.862309767782192024e-02 2.956143348183346703e-02 8.613656511373993241e-02
1.659590716453637649e+00 -8.820909265353113482e-02 -2.856319815353888791e-02 2.949964467291873657e-02 8.618083321976111044e-02
1.662733880689345245e+00 -8.825248956592124383e-02 -2.850329419081687812e-02 2.943785078740336972e-02 8.622506491868132950e-02
1.665877044925052841e+00 -8.829584241512763998e-02 -2.844338580045325388e-02 2.937605183770485018e-02 8.626926011961563723e-02
1.669020209160760437e+00 -8.833915108474206523e-02 -2.838347299323588577e-02 2.931424783622927493e-02 8.631341873134430742e-02
1.672163373396468256e+00 -8.838241545789864151e-02 -2.832355577994315893e-02 2.925243879537137506e-02 8.635754066231110526e-02
1.675306537632175852e+00 -8.842563541727102572e-02 -2.826363417134393485e-02 2.919062472751458512e-02 8.640162582062148322e-02
1.678449701867883448e+00 -8.846881084506988402e-02 -2.820370817819774917e-02 2.912880564503102232e-02 8.644567411404091573e-02
1.681592866103591044e+00 -8.851194162304044932e-02 -2.814377781125463121e-02 2.906698156028157676e-02 8.648968544999301178e-02
1.684736030339298640e+00 -8.855502763245984288e-02 -2.808384308125526363e-02 2.900515248561591139e-02 8.653365973555780799e-02
1.687879194575006458e+00 -8.859806875413449301e-02 -2.802390399893098585e-02 2.894331843337248286e-02 8.657759687746993671e-02
1.691022358810714055e+00 -8.864106486839744281e-02 -2.796396057500380797e-02 2.888147941587864559e-02 8.662149678211682191e-02
1.694165523046421651e+00 -8.868401585510578278e-02 -2.790401282018644541e-02 2.881963544545058931e-02 8.666535935553680570e-02
1.697308687282129247e+00 -8.872692159363798625e-02 -2.784406074518236407e-02 2.875778653439345356e-02 8.670918450341741357e-02
1.700451851517837065e+00 -8.876978196289116163e-02 -2.778410436068574213e-02 2.869593269500127913e-02 8.675297213109338379e-02
1.703595015753544661e+00 -8.881259684127841558e-02 -2.772414367738159496e-02 2.863407393955716418e-02 8.679672214354491877e-02
1.706738179989252258e+00 -8.885536610672603586e-02 -2.766417870594571615e-02 2.857221028033316013e-02 8.684043444539570056e-02
1.709881344224959854e+00 -8.889808963667081287e-02 -2.760420945704477810e-02 2.851034172959040006e-02 8.688410894091111447e-02
1.713024508460667672e+00 -8.894076730805741682e-02 -2.754423594133628000e-02 2.844846829957907788e-02 8.692774553399627846e-02
1.716167672696375268e+00 -8.898339899733523350e-02 -2.748425816946865191e-02 2.838659000253851428e-02 8.697134412819410021e-02
1.719310836932082864e+00 -8.902598458045600516e-02 -2.742427615208125474e-02 2.832470685069721217e-02 8.701490462668345915e-02
1.722454001167790461e+00 -8.906852393287070790e-02 -2.736428989980437682e-02 2.826281885627278737e-02 8.705842693227716644e-02
1.725597165403498057e+00 -8.911101692952679010e-02 -2.730429942325927201e-02 2.820092603147212815e-02 8.710191094742006368e-02
1.728740329639205875e+00 -8.915346344486536900e-02 -2.724430473305824649e-02 2.813902838849134322e-02 8.714535657418706616e-02
1.731883493874913471e+00 -8.919586335281826095e-02 -2.718430583980461362e-02 2.807712593951583804e-02 8.718876371428110894e-02
1.735026658110621067e+00 -8.923821652680510863e-02 -2.712430275409274949e-02 2.801521869672031831e-02 8.723213226903125950e-02
1.738169822346328663e+00 -8.928052283973049452e-02 -2.706429548650811021e-02 2.795330667226883850e-02 8.727546213939062214e-02
1.741312986582036482e+00 -8.932278216398092940e-02 -2.700428404762730134e-02 2.789138987831483660e-02 8.731875322593439515e-02
1.744456150817744078e+00 -8.936499437142185476e-02 -2.694426844801801196e-02 2.782946832700116530e-02 8.736200542885776132e-02
1.747599315053451674e+00 -8.940715933339479782e-02 -2.688424869823916388e-02 2.776754203046010241e-02 8.740521864797390350e-02
1.750742479289159270e+00 -8.944927692071422132e-02 -2.682422480884083180e-02 2.770561100081343070e-02 8.744839278271188121e-02
1.753885643524867088e+00 -8.949134700366452588e-02 -2.676419679036429536e-02 2.764367525017241353e-02 8.749152773211463230e-02
1.757028807760574685e+00 -8.953336945199696917e-02 -2.670416465334214326e-02 2.758173479063787473e-02 8.753462339483680799e-02
1.760171971996282281e+00 -8.957534413492662662e-02 -2.664412840829822465e-02 2.751978963430019506e-02 8.757767966914271895e-02
1.763315136231989877e+00 -8.961727092112929671e-02 -2.658408806574762834e-02 2.745783979323938168e-02 8.762069645290418429e-02
1.766458300467697473e+00 -8.965914967873835073e-02 -2.652404363619684236e-02 2.739588527952504723e-02 8.766367364359839431e-02
1.769601464703405291e+00 -8.970098027534149920e-02 -2.646399513014368807e-02 2.733392610521649321e-02 8.770661113830580113e-02
1.772744628939112888e+00 -8.974276257797783596e-02 -2.640394255807734444e-02 2.727196228236274458e-02 8.774950883370793986e-02
1.775887793174820484e+00 -8.978449645313434091e-02 -2.634388593047847296e-02 2.720999382300250818e-02 8.779236662608519426e-02
1.779030957410528080e+00 -8.982618176674295185e-02 -2.628382525781904760e-02 2.714802073916429762e-02 8.783518441131468735e-02
1.782174121646235898e+00 -8.986781838417719215e-02 -2.622376055056260466e-02 2.708604304286639855e-02 8.787796208486801930e-02
1.785317285881943494e+00 -8.990940617024877068e-02 -2.616369181916415251e-02 2.702406074611694506e-02 8.792069954180904701e-02
1.788460450117651090e+00 -8.995094498920451487e-02 -2.610361907407015430e-02 2.696207386091390920e-02 8.796339667679166363e-02
1.791603614353358687e+00 -8.999243470472298445e-02 -2.604354232571870140e-02 2.690008239924517042e-02 8.800605338405750877e-02
1.794746778589066283e+00 -9.003387517991104372e-02 -2.598346158453936072e-02 2.683808637308852940e-02 8.804866955743374801e-02
1.797889942824774101e+00 -9.007526627730054469e-02 -2.592337686095334132e-02 2.677608579441171158e-02 8.809124509033072759e-02
1.801033107060481697e+00 -9.011660785884496871e-02 -2.586328816537345268e-02 2.671408067517248505e-02 8.813377987573968453e-02
1.804176271296189293e+00 -9.015789978591594311e-02 -2.580319550820417765e-02 2.665207102731858776e-02 8.817627380623048461e-02
1.807319435531896890e+00 -9.019914191929984115e-02 -2.574309889984163074e-02 2.659005686278781769e-02 8.821872677394919371e-02
1.810462599767604708e+00 -9.024033411919431258e-02 -2.568299835067363104e-02 2.652803819350805711e-02 8.826113867061578799e-02
1.813605764003312304e+00 -9.028147624520474479e-02 -2.562289387107973340e-02 2.646601503139730041e-02 8.830350938752175305e-02
1.816748928239019900e+00 -9.032256815634077951e-02 -2.556278547143122845e-02 2.640398738836368525e-02 8.834583881552768303e-02
1.819892092474727496e+00 -9.036360971101274620e-02 -2.550267316209115995e-02 2.634195527630548914e-02 8.838812684506094919e-02
1.823035256710435315e+00 -9.040460076702808156e-02 -2.544255695341441151e-02 2.627991870711124042e-02 8.843037336611318799e-02
1.826178420946142911e+00 -9.044554118158772138e-02 -2.538243685574766151e-02 2.621787769265966281e-02 8.847257826823792803e-02
1.829321585181850507e+00 -9.048643081128243670e-02 -2.532231287942944553e-02 2.615583224481978636e-02 8.851474144054807813e-02
1.832464749417558103e+00 -9.052726951208930894e-02 -2.526218503479016678e-02 2.609378237545088158e-02 8.855686277171351262e-02
1.835607913653265699e+00 -9.056805713936785796e-02 -2.520205333215211688e-02 2.603172809640260169e-02 8.859894214995851780e-02
1.838751077888973517e+00 -9.060879354785641993e-02 -2.514191778182955223e-02 2.596966941951491664e-02 8.864097946305934950e-02
1.841894242124681114e+00 -9.064947859166837263e-02 -2.508177839412863847e-02 2.590760635661819300e-02 8.868297459834162400e-02
1.845037406360388710e+00 -9.069011212428841617e-02 -2.502163517934755110e-02 2.584553891953323551e-02 8.872492744267787557e-02
1.848180570596096306e+00 -9.073069399856874273e-02 -2.496148814777643041e-02 2.578346712007126285e-02 8.876683788248487805e-02
1.851323734831804124e+00 -9.077122406672510913e-02 -2.490133730969747161e-02 2.572139097003399433e-02 8.880870580372114687e-02
1.854466899067511720e+00 -9.081170218033311758e-02 -2.484118267538492492e-02 2.565931048121367075e-02 8.885053109188430220e-02
1.857610063303219317e+00 -9.085212819032424669e-02 -2.478102425510508161e-02 2.559722566539303704e-02 8.889231363200844616e-02
1.860753227538926913e+00 -9.089250194698188234e-02 -2.472086205911637469e-02 2.553513653434543937e-02 8.893405330866155367e-02
1.863896391774634731e+00 -9.093282329993752910e-02 -2.466069609766933027e-02 2.547304309983478357e-02 8.897575000594275252e-02
1.867039556010342327e+00 -9.097309209816659137e-02 -2.460052638100664393e-02 2.541094537361566694e-02 8.901740360747970038e-02
1.870182720246049923e+00 -9.101330818998459860e-02 -2.454035291936319807e-02 2.534884336743329497e-02 8.905901399642590643e-02
1.873325884481757519e+00 -9.105347142304293095e-02 -2.448017572296606881e-02 2.528673709302357159e-02 8.910058105545790030e-02
1.876469048717465116e+00 -9.109358164432493354e-02 -2.441999480203451561e-02 2.522462656211314075e-02 8.914210466677263689e-02
1.879612212953172934e+00 -9.113363870014166979e-02 -2.435981016678013394e-02 2.516251178641936564e-02 8.918358471208465144e-02
1.882755377188880530e+00 -9.117364243612784136e-02 -2.429962182740670953e-02 2.510039277765041890e-02 8.922502107262327009e-02
1.885898541424588126e+00 -9.121359269723758323e-02 -2.423942979411039186e-02 2.503826954750526176e-02 8.926641362912988986e-02
1.889041705660295722e+00 -9.125348932774030031e-02 -2.417923407707962130e-02 2.497614210767369960e-02 8.930776226185509203e-02
1.892184869896003541e+00 -9.129333217121636534e-02 -2.411903468649518462e-02 2.491401046983642009e-02 8.934906685055581110e-02
1.895328034131711137e+00 -9.133312107055287232e-02 -2.405883163253026702e-02 2.485187464566497931e-02 8.939032727449251758e-02
1.898471198367418733e+00 -9.137285586793933434e-02 -2.399862492535044176e-02 2.478973464682186767e-02 8.943154341242626204e-02
1.901614362603126329e+00 -9.141253640486328436e-02 -2.393841457511369439e-02 2.472759048496057238e-02 8.947271514261584402e-02
1.904757526838833925e+00 -9.145216252210598695e-02 -2.387820059197046096e-02 2.466544217172550457e-02 8.951384234281484220e-02
1.907900691074541744e+00 -9.149173405973795581e-02 -2.381798298606368006e-02 2.460328971875212420e-02 8.955492489026870007e-02
1.911043855310249340e+00 -9.153125085711445730e-02 -2.375776176752873725e-02 2.454113313766695739e-02 8.959596266171170054e-02
1.914187019545956936e+00 -9.157071275287125001e-02 -2.369753694649356576e-02 2.447897244008755829e-02 8.963695553336405164e-02
1.917330183781664532e+00 -9.161011958491971363e-02 -2.363730853307864296e-02 2.441680763762260273e-02 8.967790338092877789e-02
1.920473348017372350e+00 -9.164947119044258850e-02 -2.357707653739701467e-02 2.435463874187190209e-02 8.971880607958880594e-02
1.923616512253079947e+00 -9.168876740588924323e-02 -2.351684096955431250e-02 2.429246576442644842e-02 8.975966350400380045e-02
1.926759676488787543e+00 -9.172800806697106735e-02 -2.345660183964880588e-02 2.423028871686837629e-02 8.980047552830711100e-02
1.929902840724495139e+00 -9.176719300865680828e-02 -2.339635915777136393e-02 2.416810761077107725e-02 8.984124202610267729e-02
1.933046004960202957e+00 -9.180632206516786686e-02 -2.333611293400556647e-02 2.410592245769917555e-02 8.988196287046193445e-02
1.936189169195910553e+00 -9.184539506997355107e-02 -2.327586317842765193e-02 2.404373326920860449e-02 8.992263793392057947e-02
1.939332333431618149e+00 -9.188441185578621884e-02 -2.321560990110656600e-02 2.398154005684653353e-02 8.996326708847546261e-02
1.942475497667325746e+00 -9.192337225455661509e-02 -2.315535311210404484e-02 2.391934283215153487e-02 9.000385020558133997e-02
1.945618661903033342e+00 -9.196227609746887577e-02 -2.309509282147452838e-02 2.385714160665350358e-02 9.004438715614770938e-02
1.948761826138741160e+00 -9.200112321493565670e-02 -2.303482903926525049e-02 2.379493639187374443e-02 9.008487781053549359e-02
1.951904990374448756e+00 -9.203991343659320701e-02 -2.297456177551625983e-02 2.373272719932498567e-02 9.012532203855380675e-02
1.955048154610156352e+00 -9.207864659129640084e-02 -2.291429104026047534e-02 2.367051404051141034e-02 9.016571970945662373e-02
1.958191318845863949e+00 -9.211732250711364423e-02 -2.285401684352361684e-02 2.360829692692861456e-02 9.020607069193953276e-02
1.961334483081571767e+00 -9.215594101132192073e-02 -2.279373919532427448e-02 2.354607587006380884e-02 9.024637485413623816e-02
1.964477647317279363e+00 -9.219450193040158725e-02 -2.273345810567403008e-02 2.348385088139564106e-02 9.028663206361535465e-02
1.967620811552986959e+00 -9.223300509003125314e-02 -2.267317358457730109e-02 2.342162197239437346e-02 9.032684218737691006e-02
1.970763975788694555e+00 -9.227145031508261763e-02 -2.261288564203149318e-02 2.335938915452185488e-02 9.036700509184890373e-02
1.973907140024402374e+00 -9.230983742961519634e-02 -2.255259428802694824e-02 2.329715243923152768e-02 9.040712064288387861e-02
1.977050304260109970e+00 -9.234816625687106151e-02 -2.249229953254708314e-02 2.323491183796851794e-02 9.044718870575549352e-02
1.980193468495817566e+00 -9.238643661926952688e-02 -2.243200138556826137e-02 2.317266736216960082e-02 9.048720914515491487e-02
1.983336632731525162e+00 -9.242464833840177696e-02 -2.237169985705992140e-02 2.311041902326324213e-02 9.052718182518736112e-02
1.986479796967232758e+00 -9.246280123502542692e-02 -2.231139495698456626e-02 2.304816683266968161e-02 9.056710660936849455e-02
1.989622961202940576e+00 -9.250089512905906863e-02 -2.225108669529777747e-02 2.298591080180087051e-02 9.060698336062085467e-02
1.992766125438648173e+00 -9.253892983957688612e-02 -2.219077508194828088e-02 2.292365094206059994e-02 9.064681194127020836e-02
1.995909289674355769e+00 -9.257690518480292396e-02 -2.213046012687790512e-02 2.286138726484443148e-02 9.068659221304195550e-02
1.999052453910063365e+00 -9.261482098210556402e-02 -2.207014184002164051e-02 2.279911978153979085e-02 9.072632403705740978e-02
2.002195618145770961e+00 -9.265267704799198811e-02 -2.200982023130769460e-02 2.273684850352596098e-02 9.076600727383010714e-02
2.005338782381478779e+00 -9.269047319810232166e-02 -2.194949531065743670e-02 2.267457344217413059e-02 9.080564178326208657e-02
2.008481946617186598e+00 -9.272820924720398539e-02 -2.188916708798547411e-02 2.261229460884743234e-02 9.084522742464011535e-02
2.011625110852893972e+00 -9.276588500918585278e-02 -2.182883557319971468e-02 2.255001201490092200e-02 9.088476405663185875e-02
2.014768275088601790e+00 -9.280350029705257409e-02 -2.176850077620130081e-02 2.248772567168165135e-02 9.092425153728216081e-02
2.017911439324309164e+00 -9.284105492291845618e-02 -2.170816270688463723e-02 2.242543559052867855e-02 9.096368972400904751e-02
2.021054603560016982e+00 -9.287854869800166169e-02 -2.164782137513751592e-02 2.236314178277310633e-02 9.100307847360000757e-02
2.024197767795724801e+00 -9.291598143261825538e-02 -2.158747679084106752e-02 2.230084425973807502e-02 9.104241764220791233e-02
2.027340932031432175e+00 -9.295335293617604244e-02 -2.152712896386970581e-02 2.223854303273886668e-02 9.108170708534722715e-02
2.030484096267139993e+00 -9.299066301716858718e-02 -2.146677790409137407e-02 2.217623811308281831e-02 9.112094665788991743e-02
2.033627260502847367e+00 -9.302791148316903735e-02 -2.140642362136727095e-02 2.211392951206947108e-02 9.116013621406147960e-02
2.036770424738555185e+00 -9.306509814082389309e-02 -2.134606612555214195e-02 2.205161724099049050e-02 9.119927560743694428e-02
2.039913588974263003e+00 -9.310222279584681737e-02 -2.128570542649417530e-02 2.198930131112977401e-02 9.123836469093671298e-02
2.043056753209970378e+00 -9.313928525301230776e-02 -2.122534153403500198e-02 2.192698173376344054e-02 9.127740331682254737e-02
2.046199917445678196e+00 -9.317628531614929877e-02 -2.116497445800974778e-02 2.186465852015984437e-02 9.131639133669339214e-02
2.049343081681385570e+00 -9.321322278813481965e-02 -2.110460420824711997e-02 2.180233168157965501e-02 9.135532860148115608e-02
2.052486245917093388e+00 -9.325009747088752743e-02 -2.104423079456933798e-02 2.174000122927581893e-02 9.139421496144659041e-02
2.055629410152801206e+00 -9.328690916536105937e-02 -2.098385422679219237e-02 2.167766717449362210e-02 9.143305026617500053e-02
2.058772574388508581e+00 -9.332365767153762148e-02 -2.092347451472501701e-02 2.161532952847074543e-02 9.147183436457198558e-02
2.061915738624216399e+00 -9.336034278842128553e-02 -2.086309166817088001e-02 2.155298830243721278e-02 9.151056710485912238e-02
2.065058902859924217e+00 -9.339696431403120280e-02 -2.080270569692639626e-02 2.149064350761550890e-02 9.154924833456964950e-02
2.068202067095631591e+00 -9.343352204539494277e-02 -2.074231661078186975e-02 2.142829515522050657e-02 9.158787790054404021e-02
2.071345231331339409e+00 -9.347001577854177623e-02 -2.068192441952123803e-02 2.136594325645961231e-02 9.162645564892564487e-02
2.074488395567046783e+00 -9.350644530849548663e-02 -2.062152913292223180e-02 2.130358782253268662e-02 9.166498142515618064e-02
2.077631559802754602e+00 -9.354281042926781975e-02 -2.056113076075621882e-02 2.124122886463209944e-02 9.170345507397133222e-02
2.080774724038462420e+00 -9.357911093385117007e-02 -2.050072931278839466e-02 2.117886639394282039e-02 9.174187643939613057e-02
2.083917888274169794e+00 -9.361534661421173908e-02 -2.044032479877764749e-02 2.111650042164237712e-02 9.178024536474042872e-02
2.087061052509877612e+00 -9.365151726128227716e-02 -2.037991722847671411e-02 2.105413095890085531e-02 9.181856169259436373e-02
2.090204216745584986e+00 -9.368762266495496427e-02 -2.031950661163214530e-02 2.099175801688103402e-02 9.185682526482362442e-02
2.093347380981292805e+00 -9.372366261407415189e-02 -2.025909295798426421e-02 2.092938160673829887e-02 9.189503592256485776e-02
2.096490545217000623e+00 -9.375963689642903554e-02 -2.019867627726733977e-02 2.086700173962075314e-02 9.193319350622090880e-02
2.099633709452707997e+00 -9.379554529874628566e-02 -2.013825657920946879e-02 2.080461842666918651e-02 9.197129785545606062e-02
2.102776873688415815e+00 -9.383138760668263689e-02 -2.007783387353265225e-02 2.074223167901712017e-02 9.200934880919130199e-02
2.105920037924123633e+00 -9.386716360481731081e-02 -2.001740816995283695e-02 2.067984150779086580e-02 9.204734620559947011e-02
2.109063202159831008e+00 -9.390287307664441085e-02 -1.995697947817992937e-02 2.061744792410948740e-02 9.208528988210032407e-02
2.112206366395538826e+00 -9.393851580456544226e-02 -1.989654780791771244e-02 2.055505093908487416e-02 9.212317967535570140e-02
2.115349530631246200e+00 -9.397409156988142942e-02 -1.983611316886409529e-02 2.049265056382177166e-02 9.216101542126459156e-02
2.118492694866954018e+00 -9.400960015278517212e-02 -1.977567557071089471e-02 2.043024680941775417e-02 9.219879695495802885e-02
2.121635859102661836e+00 -9.404504133235344621e-02 -1.971523502314399129e-02 2.036783968696330438e-02 9.223652411079415192e-02
2.124779023338369210e+00 -9.408041488653894058e-02 -1.965479153584333977e-02 2.030542920754185854e-02 9.227419672235308290e-02
2.127922187574077029e+00 -9.411572059216245789e-02 -1.959434511848295521e-02 2.024301538222973013e-02 9.231181462243187585e-02
2.131065351809784403e+00 -9.415095822490464339e-02 -1.953389578073094768e-02 2.018059822209625903e-02 9.234937764303922936e-02
2.134208516045492221e+00 -9.418612755929800517e-02 -1.947344353224955693e-02 2.011817773820373870e-02 9.238688561539037947e-02
2.137351680281200039e+00 -9.422122836871847651e-02 -1.941298838269515242e-02 2.005575394160751326e-02 9.242433836990181228e-02
2.140494844516907413e+00 -9.425626042537740834e-02 -1.935253034171826106e-02 1.999332684335595675e-02 9.246173573618597652e-02
2.143638008752615232e+00 -9.429122350031290956e-02 -1.929206941896361577e-02 1.993089645449051817e-02 9.249907754304592666e-02
2.146781172988323050e+00 -9.432611736338161745e-02 -1.923160562407016244e-02 1.986846278604574925e-02 9.253636361846995229e-02
2.149924337224030424e+00 -9.436094178325001025e-02 -1.917113896667104952e-02 1.980602584904933572e-02 9.257359378962615182e-02
2.153067501459738242e+00 -9.439569652738590000e-02 -1.911066945639366618e-02 1.974358565452206601e-02 9.261076788285690919e-02
2.156210665695445616e+00 -9.443038136204970345e-02 -1.905019710285969781e-02 1.968114221347798398e-02 9.264788572367345376e-02
2.159353829931153435e+00 -9.446499605228565744e-02 -1.898972191568511561e-02 1.961869553692424661e-02 9.268494713675017038e-02
2.162496994166861253e+00 -9.449954036191302031e-02 -1.892924390448016969e-02 1.955624563586129405e-02 9.272195194591907608e-02
2.165640158402568627e+00 -9.453401405351707920e-02 -1.886876307884951393e-02 1.949379252128280796e-02 9.275889997416411625e-02
2.168783322638276445e+00 -9.456841688844019878e-02 -1.880827944839209148e-02 1.943133620417572885e-02 9.279579104361544706e-02
2.171926486873983819e+00 -9.460274862677264807e-02 -1.874779302270123543e-02 1.936887669552033592e-02 9.283262497554363446e-02
2.175069651109691637e+00 -9.463700902734346887e-02 -1.868730381136471733e-02 1.930641400629018456e-02 9.286940159035392273e-02
2.178212815345399456e+00 -9.467119784771119151e-02 -1.862681182396467433e-02 1.924394814745220700e-02 9.290612070758023922e-02
2.181355979581106830e+00 -9.470531484415446732e-02 -1.856631707007772372e-02 1.918147912996674698e-02 9.294278214587940734e-02
2.184499143816814648e+00 -9.473935977166259015e-02 -1.850581955927490738e-02 1.911900696478749731e-02 9.297938572302508198e-02
2.187642308052522466e+00 -9.477333238392604553e-02 -1.844531930112178197e-02 1.905653166286161437e-02 9.301593125590176814e-02
2.190785472288229840e+00 -9.480723243332678241e-02 -1.838481630517838777e-02 1.899405323512970423e-02 9.305241856049874249e-02
2.193928636523937659e+00 -9.484105967092854028e-02 -1.832431058099926249e-02 1.893157169252581568e-02 9.308884745190387777e-02
2.197071800759645033e+00 -9.487481384646705151e-02 -1.826380213813358008e-02 1.886908704597757211e-02 9.312521774429757815e-02
2.200214964995352851e+00 -9.490849470834013257e-02 -1.820329098612496338e-02 1.880659930640605354e-02 9.316152925094636772e-02
2.203358129231060669e+00 -9.494210200359762264e-02 -1.814277713451172350e-02 1.874410848472594232e-02 9.319778178419677039e-02
2.206501293466768043e+00 -9.497563547793134997e-02 -1.808226059282668982e-02 1.868161459184548845e-02 9.323397515546885672e-02
2.209644457702475862e+00 -9.500909487566494560e-02 -1.802174137059739042e-02 1.861911763866652691e-02 9.327010917524986011e-02
2.212787621938183236e+00 -9.504247993974350439e-02 -1.796121947734597227e-02 1.855661763608454709e-02 9.330618365308772366e-02
2.215930786173891054e+00 -9.507579041172323220e-02 -1.790069492258923589e-02 1.849411459498867191e-02 9.334219839758460535e-02
2.219073950409598872e+00 -9.510902603176091263e-02 -1.784016771583871175e-02 1.843160852626170992e-02 9.337815321639027222e-02
2.222217114645306246e+00 -9.514218653860333219e-02 -1.777963786660062204e-02 1.836909944078019344e-02 9.341404791619545289e-02
2.225360278881014064e+00 -9.517527166957667761e-02 -1.771910538437590846e-02 1.830658734941433344e-02 9.344988230272520402e-02
2.228503443116721883e+00 -9.520828116057551693e-02 -1.765857027866027384e-02 1.824407226302814794e-02 9.348565618073208239e-02
2.231646607352429257e+00 -9.524121474605214133e-02 -1.759803255894421686e-02 1.818155419247940649e-02 9.352136935398938644e-02
2.234789771588137075e+00 -9.527407215900537962e-02 -1.753749223471297997e-02 1.811903314861966138e-02 9.355702162528424515e-02
2.237932935823844449e+00 -9.530685313096957934e-02 -1.747694931544667429e-02 1.805650914229437257e-02 9.359261279641069298e-02
2.241076100059552267e+00 -9.533955739200329627e-02 -1.741640381062021722e-02 1.799398218434270988e-02 9.362814266816270325e-02
2.244219264295260086e+00 -9.537218467067799799e-02 -1.735585572970337054e-02 1.793145228559785490e-02 9.366361104032706886e-02
2.247362428530967460e+00 -9.540473469406665630e-02 -1.729530508216080634e-02 1.786891945688682745e-02 9.369901771167629678e-02
2.250505592766675278e+00 -9.543720718773210376e-02 -1.723475187745205500e-02 1.780638370903057238e-02 9.373436247996143333e-02
2.253648757002382652e+00 -9.546960187571539025e-02 -1.717419612503158499e-02 1.774384505284399074e-02 9.376964514190479216e-02
2.256791921238090470e+00 -9.550191848052398680e-02 -1.711363783434879937e-02 1.768130349913597105e-02 9.380486549319259904e-02
2.259935085473798289e+00 -9.553415672311989237e-02 -1.705307701484806357e-02 1.761875905870936496e-02 9.384002332846769212e-02
2.263078249709505663e+00 -9.556631632290757405e-02 -1.699251367596873660e-02 1.755621174236108445e-02 9.387511844132195860e-02
2.266221413945213481e+00 -9.559839699772185173e-02 -1.693194782714510516e-02 1.749366156088207058e-02 9.391015062428889615e-02
2.269364578180920855e+00 -9.563039846381554687e-02 -1.687137947780655359e-02 1.743110852505733513e-02 9.394511966883592469e-02
2.272507742416628673e+00 -9.566232043584725619e-02 -1.681080863737746331e-02 1.736855264566596405e-02 9.398002536535683682e-02
2.275650906652336491e+00 -9.569416262686857022e-02 -1.675023531527727871e-02 1.730599393348121809e-02 9.401486750316395691e-02
2.278794070888043866e+00 -9.572592474831170817e-02 -1.668965952092053839e-02 1.724343239927046342e-02 9.404964587048038338e-02
2.281937235123751684e+00 -9.575760650997656998e-02 -1.662908126371687861e-02 1.718086805379519591e-02 9.408436025443210615e-02
2.285080399359459502e+00 -9.578920762001784384e-02 -1.656850055307103331e-02 1.711830090781119029e-02 9.411901044104006853e-02
2.288223563595166876e+00 -9.582072778493207210e-02 -1.650791739838290695e-02 1.705573097206838223e-02 9.415359621521207645e-02
2.291366727830874694e+00 -9.585216670954438412e-02 -1.644733180904752595e-02 1.699315825731094812e-02 9.418811736073479102e-02
2.294509892066582069e+00 -9.588352409699524292e-02 -1.638674379445513585e-02 1.693058277427733280e-02 9.422257366026548508e-02
2.297653056302289887e+00 -9.591479964872699771e-02 -1.632615336399113534e-02 1.686800453370027042e-02 9.425696489532379985e-02
2.300796220537997705e+00 -9.594599306447031128e-02 -1.626556052703619082e-02 1.680542354630681565e-02 9.429129084628341817e-02
2.303939384773705079e+00 -9.597710404223046277e-02 -1.620496529296619123e-02 1.674283982281834018e-02 9.432555129236365465e-02
2.307082549009412897e+00 -9.600813227827346974e-02 -1.614436767115225504e-02 1.668025337395058830e-02 9.435974601162101794e-02
2.310225713245120271e+00 -9.603907746711214111e-02 -1.608376767096083432e-02 1.661766421041370803e-02 9.439387478094053707e-02
2.313368877480828090e+00 -9.606993930149185235e-02 -1.602316530175363837e-02 1.655507234291218530e-02 9.442793737602719895e-02
2.316512041716535908e+00 -9.610071747237634854e-02 -1.596256057288768584e-02 1.649247778214501040e-02 9.446193357139719138e-02
2.319655205952243282e+00 -9.613141166893322820e-02 -1.590195349371542263e-02 1.642988053880559129e-02 9.449586314036907686e-02
2.322798370187951100e+00 -9.616202157851941323e-02 -1.584134407358452415e-02 1.636728062358181954e-02 9.452972585505489689e-02
2.325941534423658918e+00 -9.619254688666646624e-02 -1.578073232183812777e-02 1.630467804715608413e-02 9.456352148635122079e-02
2.329084698659366293e+00 -9.622298727706549148e-02 -1.572011824781477385e-02 1.624207282020532009e-02 9.459724980393005578e-02
2.332227862895074111e+00 -9.625334243155239666e-02 -1.565950186084836410e-02 1.617946495340097726e-02 9.463091057622963209e-02
2.335371027130781485e+00 -9.628361203009237757e-02 -1.559888317026827606e-02 1.611685445740911743e-02 9.466450357044528530e-02
2.338514191366489303e+00 -9.631379575076479127e-02 -1.553826218539936660e-02 1.605424134289034840e-02 9.469802855252003326e-02
2.341657355602197121e+00 -9.634389326974750201e-02 -1.547763891556191117e-02 1.599162562049994546e-02 9.473148528713513927e-02
2.344800519837904496e+00 -9.637390426130121313e-02 -1.541701337007175127e-02 1.592900730088780276e-02 9.476487353770068900e-02
2.347943684073612314e+00 -9.640382839775361867e-02 -1.535638555824016434e-02 1.586638639469849232e-02 9.479819306634593157e-02
2.351086848309319688e+00 -9.643366534948347168e-02 -1.529575548937404592e-02 1.580376291257125018e-02 9.483144363390953735e-02
2.354230012545027506e+00 -9.646341478490416677e-02 -1.523512317277577778e-02 1.574113686514005614e-02 9.486462499992989739e-02
2.357373176780735324e+00 -9.649307637044761410e-02 -1.517448861774336154e-02 1.567850826303361644e-02 9.489773692263515914e-02
2.360516341016442698e+00 -9.652264977054753059e-02 -1.511385183357039780e-02 1.561587711687541062e-02 9.493077915893329000e-02
2.363659505252150517e+00 -9.655213464762282816e-02 -1.505321282954603934e-02 1.555324343728362903e-02 9.496375146440198811e-02
2.366802669487858335e+00 -9.658153066206062731e-02 -1.499257161495516806e-02 1.549060723487138101e-02 9.499665359327846836e-02
2.369945833723565709e+00 -9.661083747219922913e-02 -1.493192819907823363e-02 1.542796852024651971e-02 9.502948529844922054e-02
2.373088997959273527e+00 -9.664005473431085125e-02 -1.487128259119140442e-02 1.536532730401179124e-02 9.506224633143964264e-02
2.376232162194980901e+00 -9.666918210258411415e-02 -1.481063480056654148e-02 1.530268359676480519e-02 9.509493644240347987e-02
2.379375326430688720e+00 -9.669821922910652734e-02 -1.474998483647117081e-02 1.524003740909806413e-02 9.512755538011231915e-02
2.382518490666396538e+00 -9.672716576384648990e-02 -1.468933270816861342e-02 1.517738875159900178e-02 9.516010289194486160e-02
2.385661654902103912e+00 -9.675602135463541587e-02 -1.462867842491790381e-02 1.511473763485002113e-02 9.519257872387612562e-02
2.388804819137811730e+00 -9.678478564714940169e-02 -1.456802199597385071e-02 1.505208406942841123e-02 9.522498262046652506e-02
2.391947983373519104e+00 -9.681345828489087979e-02 -1.450736343058705094e-02 1.498942806590656922e-02 9.525731432485090577e-02
2.395091147609226923e+00 -9.684203890916991131e-02 -1.444670273800390675e-02 1.492676963485180773e-02 9.528957357872736011e-02
2.398234311844934741e+00 -9.687052715908545109e-02 -1.438603992746664666e-02 1.486410878682651975e-02 9.532176012234604146e-02
2.401377476080642115e+00 -9.689892267150626570e-02 -1.432537500821338960e-02 1.480144553238817683e-02 9.535387369449777051e-02
2.404520640316349933e+00 -9.692722508105161561e-02 -1.426470798947804437e-02 1.473877988208926841e-02 9.538591403250261391e-02
2.407663804552057751e+00 -9.695543402007193723e-02 -1.420403888049044834e-02 1.467611184647747355e-02 9.541788087219829628e-02
2.410806968787765125e+00 -9.698354911862905325e-02 -1.414336769047635362e-02 1.461344143609553253e-02 9.544977394792844572e-02
2.413950133023472944e+00 -9.701157000447628576e-02 -1.408269442865740621e-02 1.455076866148137353e-02 9.548159299253089483e-02
2.417093297259180318e+00 -9.703949630303840279e-02 -1.402201910425120331e-02 1.448809353316809524e-02 9.551333773732563481e-02
2.420236461494888136e+00 -9.706732763739125969e-02 -1.396134172647130189e-02 1.442541606168396690e-02 9.554500791210285282e-02
2.423379625730595954e+00 -9.709506362824110726e-02 -1.390066230452726738e-02 1.436273625755250284e-02 9.557660324511066396e-02
2.426522789966303328e+00 -9.712270389390395553e-02 -1.383998084762462326e-02 1.430005413129247296e-02 9.560812346304287113e-02
2.429665954202011147e+00 -9.715024805028445176e-02 -1.377929736496493786e-02 1.423736969341787492e-02 9.563956829102654433e-02
2.432809118437718521e+00 -9.717769571085463354e-02 -1.371861186574580872e-02 1.417468295443804344e-02 9.567093745260941973e-02
2.435952282673426339e+00 -9.720504648663234881e-02 -1.365792435916087823e-02 1.411199392485755662e-02 9.570223066974722914e-02
2.439095446909134157e+00 -9.723229998615960656e-02 -1.359723485439988215e-02 1.404930261517638862e-02 9.573344766279093254e-02
2.442238611144841531e+00 -9.725945581548044172e-02 -1.353654336064865141e-02 1.398660903588984546e-02 9.576458815047365902e-02
2.445381775380549350e+00 -9.728651357811878009e-02 -1.347584988708911378e-02 1.392391319748859796e-02 9.579565184989777271e-02
2.448524939616257168e+00 -9.731347287505581756e-02 -1.341515444289934945e-02 1.386121511045873209e-02 9.582663847652153621e-02
2.451668103851964542e+00 -9.734033330470731604e-02 -1.335445703725357362e-02 1.379851478528179055e-02 9.585754774414578794e-02
2.454811268087672360e+00 -9.736709446290056635e-02 -1.329375767932216082e-02 1.373581223243467396e-02 9.588837936490049452e-02
2.457954432323379734e+00 -9.739375594285104576e-02 -1.323305637827170561e-02 1.367310746238984548e-02 9.591913304923103956e-02
2.461097596559087552e+00 -9.742031733513886738e-02 -1.317235314326499832e-02 1.361040048561521117e-02 9.594980850588452626e-02
2.464240760794795371e+00 -9.744677822768497977e-02 -1.311164798346103715e-02 1.354769131257417894e-02 9.598040544189576084e-02
2.467383925030502745e+00 -9.747313820572700571e-02 -1.305094090801509760e-02 1.348497995372575052e-02 9.601092356257326377e-02
2.470527089266210563e+00 -9.749939685179483118e-02 -1.299023192607868735e-02 1.342226641952441561e-02 9.604136257148501721e-02
2.473670253501917937e+00 -9.752555374568595836e-02 -1.292952104679961738e-02 1.335955072042028548e-02 9.607172217044408769e-02
2.476813417737625755e+00 -9.755160846444051181e-02 -1.286880827932197074e-02 1.329683286685905651e-02 9.610200205949415153e-02
2.479956581973333574e+00 -9.757756058231600860e-02 -1.280809363278620147e-02 1.323411286928207267e-02 9.613220193689478443e-02
2.483099746209040948e+00 -9.760340967076169827e-02 -1.274737711632907382e-02 1.317139073812632552e-02 9.616232149910655669e-02
2.486242910444748766e+00 -9.762915529839284734e-02 -1.268665873908367790e-02 1.310866648382441949e-02 9.619236044077623948e-02
2.489386074680456140e+00 -9.765479703096438535e-02 -1.262593851017954419e-02 1.304594011680472974e-02 9.622231845472145606e-02
2.492529238916163958e+00 -9.768033443134463423e-02 -1.256521643874254288e-02 1.298321164749127385e-02 9.625219523191548554e-02
2.495672403151871777e+00 -9.770576705948830210e-02 -1.250449253389498451e-02 1.292048108630386959e-02 9.628199046147173368e-02
2.498815567387579151e+00 -9.773109447240954650e-02 -1.244376680475561305e-02 1.285774844365806212e-02 9.631170383062810647e-02
2.501958731623286969e+00 -9.775631622415438537e-02 -1.238303926043959717e-02 1.279501372996516041e-02 9.634133502473123112e-02
2.505101895858994787e+00 -9.778143186577306634e-02 -1.232230991005859970e-02 1.273227695563231184e-02 9.637088372722041330e-02
2.508245060094702161e+00 -9.780644094529185317e-02 -1.226157876272078104e-02 1.266953813106246399e-02 9.640034961961149729e-02
2.511388224330409980e+00 -9.783134300768463187e-02 -1.220084582753075755e-02 1.260679726665439940e-02 9.642973238148055959e-02
2.514531388566117354e+00 -9.785613759484416974e-02 -1.214011111358974729e-02 1.254405437280282400e-02 9.645903169044742209e-02
2.517674552801825172e+00 -9.788082424555290262e-02 -1.207937462999540343e-02 1.248130945989826129e-02 9.648824722215885996e-02
2.520817717037532990e+00 -9.790540249545348628e-02 -1.201863638584205717e-02 1.241856253832718769e-02 9.651737865027180951e-02
2.523960881273240364e+00 -9.792987187701895913e-02 -1.195789639022053208e-02 1.235581361847205330e-02 9.654642564643631242e-02
2.527104045508948182e+00 -9.795423191952254416e-02 -1.189715465221829159e-02 1.229306271071115356e-02 9.657538788027825172e-02
2.530247209744655557e+00 -9.797848214900703456e-02 -1.183641118091941467e-02 1.223030982541888773e-02 9.660426501938185195e-02
2.533390373980363375e+00 -9.800262208825384624e-02 -1.177566598540458892e-02 1.216755497296556979e-02 9.663305672927217926e-02
2.536533538216071193e+00 -9.802665125675170954e-02 -1.171491907475117993e-02 1.210479816371755335e-02 9.666176267339721129e-02
2.539676702451778567e+00 -9.805056917066495847e-02 -1.165417045803323823e-02 1.204203940803726461e-02 9.669038251310982379e-02
2.542819866687486385e+00 -9.807437534280130653e-02 -1.159342014432145074e-02 1.197927871628317806e-02 9.671891590764966629e-02
2.545963030923194204e+00 -9.809806928257949754e-02 -1.153266814268324829e-02 1.191651609880982864e-02 9.674736251412456578e-02
2.549106195158901578e+00 -9.812165049599629041e-02 -1.147191446218280564e-02 1.185375156596792968e-02 9.677572198749204158e-02
2.552249359394609396e+00 -9.814511848559313856e-02 -1.141115911188101198e-02 1.179098512810424632e-02 9.680399398054038984e-02
2.555392523630316770e+00 -9.816847275042245302e-02 -1.135040210083551604e-02 1.172821679556175153e-02 9.683217814386964328e-02
2.558535687866024588e+00 -9.819171278601344921e-02 -1.128964343810077466e-02 1.166544657867954818e-02 9.686027412587229490e-02
2.561678852101732407e+00 -9.821483808433753571e-02 -1.122888313272801981e-02 1.160267448779298861e-02 9.688828157271384134e-02
2.564822016337439781e+00 -9.823784813377327285e-02 -1.116812119376533498e-02 1.153990053323362269e-02 9.691620012831302089e-02
2.567965180573147599e+00 -9.826074241907092888e-02 -1.110735763025756662e-02 1.147712472532919081e-02 9.694402943432191277e-02
2.571108344808854973e+00 -9.828352042131648092e-02 -1.104659245124650115e-02 1.141434707440377137e-02 9.697176913010578658e-02
2.574251509044562791e+00 -9.830618161789533849e-02 -1.098582566577073830e-02 1.135156759077768363e-02 9.699941885272268804e-02
2.577394673280270609e+00 -9.832872548245541466e-02 -1.092505728286580040e-02 1.128878628476753972e-02 9.702697823690284440e-02
2.580537837515977984e+00 -9.835115148486980874e-02 -1.086428731156410116e-02 1.122600316668632102e-02 9.705444691502773669e-02
2.583681001751685802e+00 -9.837345909119904475e-02 -1.080351576089498555e-02 1.116321824684331394e-02 9.708182451710908878e-02
2.586824165987393620e+00 -9.839564776365279652e-02 -1.074274263988473505e-02 1.110043153554419668e-02 9.710911067076746783e-02
2.589967330223100994e+00 -9.841771696055101604e-02 -1.068196795755661961e-02 1.103764304309104091e-02 9.713630500121070432e-02
2.593110494458808812e+00 -9.843966613628479800e-02 -1.062119172293085265e-02 1.097485277978230665e-02 9.716340713121204842e-02
2.596253658694516187e+00 -9.846149474127643964e-02 -1.056041394502468464e-02 1.091206075591292027e-02 9.719041668108810428e-02
2.599396822930224005e+00 -9.848320222193926443e-02 -1.049963463285234246e-02 1.084926698177421031e-02 9.721733326867643132e-02
2.602539987165931823e+00 -9.850478802063672434e-02 -1.043885379542510046e-02 1.078647146765403762e-02 9.724415650931293731e-02
2.605683151401639197e+00 -9.852625157564101621e-02 -1.037807144175131348e-02 1.072367422383676758e-02 9.727088601580902161e-02
2.608826315637347015e+00 -9.854759232109121248e-02 -1.031728758083636996e-02 1.066087526060321630e-02 9.729752139842845482e-02
2.611969479873054389e+00 -9.856880968695076739e-02 -1.025650222168276830e-02 1.059807458823079987e-02 9.732406226486385592e-02
2.615112644108762208e+00 -9.858990309896453752e-02 -1.019571537329009257e-02 1.053527221699346143e-02 9.735050822021310002e-02
2.618255808344470026e+00 -9.861087197861517772e-02 -1.013492704465509230e-02 1.047246815716174756e-02 9.737685886695530979e-02
2.621398972580177400e+00 -9.863171574307887102e-02 -1.007413724477162868e-02 1.040966241900283425e-02 9.740311380492656934e-02
2.624542136815885218e+00 -9.865243380518076699e-02 -1.001334598263068851e-02 1.034685501278043672e-02 9.742927263129537441e-02
2.627685301051593036e+00 -9.867302557334943491e-02 -9.952553267220510744e-03 1.028404594875501760e-02 9.745533494053783274e-02
2.630828465287300411e+00 -9.869349045157101152e-02 -9.891759107526506764e-03 1.022123523718365505e-02 9.748130032441247594e-02
2.633971629523008229e+00 -9.871382783934259941e-02 -9.830963512531230852e-03 1.015842288832012608e-02 9.750716837193483533e-02
2.637114793758715603e+00 -9.873403713162498541e-02 -9.770166491214584900e-03 1.009560891241489608e-02 9.753293866935168477e-02
2.640257957994423421e+00 -9.875411771879497036e-02 -9.709368052553634526e-03 1.003279331971521603e-02 9.755861080011503372e-02
2.643401122230131239e+00 -9.877406898659664425e-02 -9.648568205522721833e-03 9.969976120465032232e-03 9.758418434485562065e-02
2.646544286465838614e+00 -9.879389031609241145e-02 -9.587766959093534797e-03 9.907157324905111265e-03 9.760965888135640645e-02
2.649687450701546432e+00 -9.881358108361307235e-02 -9.526964322234975427e-03 9.844336943272979229e-03 9.763503398452538784e-02
2.652830614937253806e+00 -9.883314066070739146e-02 -9.466160303913341914e-03 9.781514985803005033e-03 9.766030922636832756e-02
2.655973779172961624e+00 -9.885256841409080508e-02 -9.405354913092226279e-03 9.718691462726376101e-03 9.768548417596110978e-02
2.659116943408669442e+00 -9.887186370559358783e-02 -9.344548158732583765e-03 9.655866384271159092e-03 9.771055839942160981e-02
2.662260107644376816e+00 -9.889102589210821415e-02 -9.283740049792757118e-03 9.593039760662275608e-03 9.773553145988142510e-02
2.665403271880084635e+00 -9.891005432553602594e-02 -9.222930595228473125e-03 9.530211602121561182e-03 9.776040291745714816e-02
2.668546436115792453e+00 -9.892894835273308152e-02 -9.162119803992853015e-03 9.467381918867775678e-03 9.778517232922120939e-02
2.671689600351499827e+00 -9.894770731545543541e-02 -9.101307685036467976e-03 9.404550721116641462e-03 9.780983924917256711e-02
2.674832764587207645e+00 -9.896633055030336357e-02 -9.040494247307313130e-03 9.341718019080779215e-03 9.783440322820685653e-02
2.677975928822915019e+00 -9.898481738866515833e-02 -8.979679499750896007e-03 9.278883822969870993e-03 9.785886381408620549e-02
2.681119093058622838e+00 -9.900316715665979928e-02 -8.918863451310094295e-03 9.216048142990542272e-03 9.788322055140873112e-02
2.684262257294330656e+00 -9.902137917507904119e-02 -8.858046110925396968e-03 9.153210989346516335e-03 9.790747298157756462e-02
2.687405421530038030e+00 -9.903945275932862780e-02 -8.797227487534762039e-03 9.090372372238492843e-03 9.793162064276959844e-02
2.690548585765745848e+00 -9.905738721936857560e-02 -8.736407590073658191e-03 9.027532301864269262e-03 9.795566306990374783e-02
2.693691750001453222e+00 -9.907518185965272228e-02 -8.675586427475134171e-03 8.964690788418754747e-03 9.797959979460880986e-02
2.696834914237161041e+00 -9.909283597906744234e-02 -8.614764008669792764e-03 8.901847842093921562e-03 9.800343034519100327e-02
2.699978078472868859e+00 -9.911034887086928036e-02 -8.553940342585844570e-03 8.839003473078897027e-03 9.802715424660103649e-02
2.703121242708576233e+00 -9.912771982262193193e-02 -8.493115438149061169e-03 8.776157691559996477e-03 9.805077102040067605e-02
2.706264406944284051e+00 -9.914494811613216996e-02 -8.432289304282877471e-03 8.713310507720636519e-03 9.807428018472910680e-02
2.709407571179991425e+00 -9.916203302738488268e-02 -8.371461949908341402e-03 8.650461931741499841e-03 9.809768125426861218e-02
2.712550735415699243e+00 -9.917897382647718196e-02 -8.310633383944138197e-03 8.587611973800417242e-03 9.812097374020999074e-02
2.715693899651407062e+00 -9.919576977755154013e-02 -8.249803615306670196e-03 8.524760644072515089e-03 9.814415715021744535e-02
2.718837063887114436e+00 -9.921242013872792753e-02 -8.188972652910003064e-03 8.461907952730151131e-03 9.816723098839304218e-02
2.721980228122822254e+00 -9.922892416203497878e-02 -8.128140505665905693e-03 8.399053909942930107e-03 9.819019475524068397e-02
2.725123392358530072e+00 -9.924528109334022907e-02 -8.067307182483902245e-03 8.336198525877785287e-03 9.821304794762969470e-02
2.728266556594237446e+00 -9.926149017227911542e-02 -8.006472692271211430e-03 8.273341810698983667e-03 9.823579005875777981e-02
2.731409720829945265e+00 -9.927755063218315912e-02 -7.945637043932857538e-03 8.210483774568108628e-03 9.825842057811369490e-02
2.734552885065652639e+00 -9.929346170000695471e-02 -7.884800246371604510e-03 8.147624427644106770e-03 9.828093899143929002e-02
2.737696049301360457e+00 -9.930922259625400705e-02 -7.823962308488035741e-03 8.084763780083303528e-03 9.830334478069102655e-02
2.740839213537068275e+00 -9.932483253490169417e-02 -7.763123239180541937e-03 8.021901842039432656e-03 9.832563742400113327e-02
2.743982377772775649e+00 -9.934029072332486998e-02 -7.702283047345351470e-03 7.959038623663636236e-03 9.834781639563813793e-02
2.747125542008483468e+00 -9.935559636221841240e-02 -7.641441741876505225e-03 7.896174135104521916e-03 9.836988116596689924e-02
2.750268706244190842e+00 -9.937074864551863340e-02 -7.580599331665948543e-03 7.833308386508135157e-03 9.839183120140812533e-02
2.753411870479898660e+00 -9.938574676032342625e-02 -7.519755825603469633e-03 7.770441388018032094e-03 9.841366596439733716e-02
2.756555034715606478e+00 -9.940058988681128860e-02 -7.458911232576801061e-03 7.707573149775258717e-03 9.843538491334324902e-02
2.759698198951313852e+00 -9.941527719815905495e-02 -7.398065561471565965e-03 7.644703681918379491e-03 9.845698750258569110e-02
2.762841363187021670e+00 -9.942980786045831076e-02 -7.337218821171319696e-03 7.581832994583493843e-03 9.847847318235286584e-02
2.765984527422729489e+00 -9.944418103263069630e-02 -7.276371020557559355e-03 7.518961097904317686e-03 9.849984139871804933e-02
2.769127691658436863e+00 -9.945839586634175333e-02 -7.215522168509780170e-03 7.456088002012140059e-03 9.852109159355576518e-02
2.772270855894144681e+00 -9.947245150591346730e-02 -7.154672273905423457e-03 7.393213717035759802e-03 9.854222320449729233e-02
2.775414020129852055e+00 -9.948634708823554662e-02 -7.093821345619971165e-03 7.330338253101763984e-03 9.856323566488556231e-02
2.778557184365559873e+00 -9.950008174267518934e-02 -7.032969392526902501e-03 7.267461620334258153e-03 9.858412840372958452e-02
2.781700348601267692e+00 -9.951365459098557298e-02 -6.972116423497733834e-03 7.204583828855093582e-03 9.860490084565799729e-02
2.784843512836975066e+00 -9.952706474721279006e-02 -6.911262447402063795e-03 7.141704888783767524e-03 9.862555241087220259e-02
2.787986677072682884e+00 -9.954031131760140982e-02 -6.850407473107503024e-03 7.078824810237515155e-03 9.864608251509877912e-02
2.791129841308390258e+00 -9.955339340049852714e-02 -6.789551509479819016e-03 7.015943603331280948e-03 9.866649056954117369e-02
2.794273005544098076e+00 -9.956631008625625723e-02 -6.728694565382842448e-03 6.953061278177758570e-03 9.868677598083083757e-02
2.797416169779805895e+00 -9.957906045713275922e-02 -6.667836649678533095e-03 6.890177844887442928e-03 9.870693815097758561e-02
2.800559334015513269e+00 -9.959164358719158061e-02 -6.606977771227004123e-03 6.827293313568610217e-03 9.872697647731931703e-02
2.803702498251221087e+00 -9.960405854219947508e-02 -6.546117938886522082e-03 6.764407694327305778e-03 9.874689035247105617e-02
2.806845662486928905e+00 -9.961630437952258277e-02 -6.485257161513524257e-03 6.701520997267460325e-03 9.876667916427314675e-02
2.809988826722636279e+00 -9.962838014802083419e-02 -6.424395447962649025e-03 6.638633232490850911e-03 9.878634229573893255e-02
2.813131990958344097e+00 -9.964028488794085536e-02 -6.363532807086712435e-03 6.575744410097103532e-03 9.880587912500149450e-02
2.816275155194051472e+00 -9.965201763080686059e-02 -6.302669247736801886e-03 6.512854540183736496e-03 9.882528902525970771e-02
2.819418319429759290e+00 -9.966357739930999105e-02 -6.241804778762205866e-03 6.449963632846213331e-03 9.884457136472361849e-02
2.822561483665467108e+00 -9.967496320719576586e-02 -6.180939409010513703e-03 6.387071698177909825e-03 9.886372550655887770e-02
2.825704647901174482e+00 -9.968617405914968754e-02 -6.120073147327563523e-03 6.324178746270189486e-03 9.888275080883056345e-02
2.828847812136882300e+00 -9.969720895068097388e-02 -6.059206002557489951e-03 6.261284787212302930e-03 9.890164662444599075e-02
2.831990976372589675e+00 -9.970806686800436081e-02 -5.998337983542773554e-03 6.198389831091619465e-03 9.892041230109688277e-02
2.835134140608297493e+00 -9.971874678791992075e-02 -5.937469099124174921e-03 6.135493887993409383e-03 9.893904718120065389e-02
2.838277304844005311e+00 -9.972924767769103527e-02 -5.876599358140804918e-03 6.072596968001052128e-03 9.895755060184072138e-02
2.841420469079712685e+00 -9.973956849492003618e-02 -5.815728769430202755e-03 6.009699081195958234e-03 9.897592189470615087e-02
2.844563633315420503e+00 -9.974970818742209810e-02 -5.754857341828185924e-03 5.946800237657624832e-03 9.899416038603028878e-02
2.847706797551128322e+00 -9.975966569309674403e-02 -5.693985084169057506e-03 5.883900447463644330e-03 9.901226539652850656e-02
2.850849961786835696e+00 -9.976943993979733860e-02 -5.633112005285496014e-03 5.820999720689710479e-03 9.903023624133509839e-02
2.853993126022543514e+00 -9.977902984519831930e-02 -5.572238114008605699e-03 5.758098067409644395e-03 9.904807222993919358e-02
2.857136290258250888e+00 -9.978843431666013786e-02 -5.511363419167954712e-03 5.695195497695489974e-03 9.906577266611966970e-02
2.860279454493958706e+00 -9.979765225109195337e-02 -5.450487929591561233e-03 5.632292021617386381e-03 9.908333684787931639e-02
2.863422618729666524e+00 -9.980668253481198016e-02 -5.389611654105944637e-03 5.569387649243725050e-03 9.910076406737770849e-02
2.866565782965373899e+00 -9.981552404340537921e-02 -5.328734601536116826e-03 5.506482390641103709e-03 9.911805361086335753e-02
2.869708947201081717e+00 -9.982417564157965162e-02 -5.267856780705593503e-03 5.443576255874333324e-03 9.913520475860471137e-02
2.872852111436789091e+00 -9.983263618301774223e-02 -5.206978200436444479e-03 5.380669255006517888e-03 9.915221678482009915e-02
2.875995275672496909e+00 -9.984090451022831214e-02 -5.146098869549261580e-03 5.317761398099038819e-03 9.916908895760669085e-02
2.879138439908204727e+00 -9.984897945439359657e-02 -5.085218796863231507e-03 5.254852695211535002e-03 9.918582053886838834e-02
2.882281604143912102e+00 -9.985685983521447318e-02 -5.024337991196114149e-03 5.191943156402024223e-03 9.920241078424249515e-02
2.885424768379619920e+00 -9.986454446075292146e-02 -4.963456461364270343e-03 5.129032791726790413e-03 9.921885894302549802e-02
2.888567932615327738e+00 -9.987203212727159551e-02 -4.902574216182679218e-03 5.066121611240562324e-03 9.923516425809746078e-02
2.891711096851035112e+00 -9.987932161907056572e-02 -4.841691264464959878e-03 5.003209624996379952e-03 9.925132596584547440e-02
2.894854261086742930e+00 -9.988641170832125715e-02 -4.780807615023354058e-03 4.940296843045710769e-03 9.926734329608578877e-02
2.897997425322450304e+00 -9.989330115489722384e-02 -4.719923276668817197e-03 4.877383275438462729e-03 9.928321547198480646e-02
2.901140589558158123e+00 -9.989998870620211968e-02 -4.659038258210978535e-03 4.814468932222904472e-03 9.929894170997885516e-02
2.904283753793865941e+00 -9.990647309699440815e-02 -4.598152568458130710e-03 4.751553823445859616e-03 9.931452121969269742e-02
2.907426918029573315e+00 -9.991275304920890776e-02 -4.537266216217374602e-03 4.688637959152593127e-03 9.932995320385677729e-02
2.910570082265281133e+00 -9.991882727177520129e-02 -4.476379210294419847e-03 4.625721349386846017e-03 9.934523685822316263e-02
2.913713246500988507e+00 -9.992469446043261705e-02 -4.415491559493860650e-03 4.562804004190925550e-03 9.936037137148021059e-02
2.916856410736696326e+00 -9.993035329754192120e-02 -4.354603272618943338e-03 4.499885933605631515e-03 9.937535592516580363e-02
2.919999574972404144e+00 -9.993580245189344347e-02 -4.293714358471808351e-03 4.436967147670371585e-03 9.939018969357933664e-02
2.923142739208111518e+00 -9.994104057851177503e-02 -4.232824825853331516e-03 4.374047656423091929e-03 9.940487184369219131e-02
2.926285903443819336e+00 -9.994606631845680267e-02 -4.171934683563222925e-03 4.311127469900350069e-03 9.941940153505689215e-02
2.929429067679526710e+00 -9.995087829862092654e-02 -4.111043940400032140e-03 4.248206598137359118e-03 9.943377791971470814e-02
2.932572231915234529e+00 -9.995547513152269747e-02 -4.050152605161176818e-03 4.185285051167904509e-03 9.944800014210182504e-02
2.935715396150942347e+00 -9.995985541509648520e-02 -3.989260686642968727e-03 4.122362839024516605e-03 9.946206733895407437e-02
2.938858560386649721e+00 -9.996401773247808042e-02 -3.928368193640525280e-03 4.059439971738335387e-03 9.947597863920999706e-02
2.942001724622357539e+00 -9.996796065178643886e-02 -3.867475134947919151e-03 3.996516459339216273e-03 9.948973316391243604e-02
2.945144888858065357e+00 -9.997168272590109539e-02 -3.806581519358184350e-03 3.933592311855751804e-03 9.950333002610847744e-02
2.948288053093772731e+00 -9.997518249223548426e-02 -3.745687355663242062e-03 3.870667539315300696e-03 9.951676833074780959e-02
2.951431217329480550e+00 -9.997845847250580453e-02 -3.684792652653964395e-03 3.807742151743901109e-03 9.953004717457936135e-02
2.954574381565187924e+00 -9.998150917249548630e-02 -3.623897419120239438e-03 3.744816159166447153e-03 9.954316564604627493e-02
2.957717545800895742e+00 -9.998433308181513268e-02 -3.563001663850914446e-03 3.681889571606598247e-03 9.955612282517917189e-02
2.960860710036603560e+00 -9.998692867365771564e-02 -3.502105395633824461e-03 3.618962399086848077e-03 9.956891778348760103e-02
2.964003874272310934e+00 -9.998929440454915052e-02 -3.441208623255877751e-03 3.556034651628529365e-03 9.958154958384972388e-02
2.967147038508018753e+00 -9.999142871409383293e-02 -3.380311355502996391e-03 3.493106339251799558e-03 9.959401728040011281e-02
2.970290202743726127e+00 -9.999333002471461063e-02 -3.319413601160133617e-03 3.430177471975769631e-03 9.960631991841575883e-02
2.973433366979433945e+00 -9.999499674139025740e-02 -3.258515369011348410e-03 3.367248059818370946e-03 9.961845653420008107e-02
2.976576531215141763e+00 -9.999642725138326027e-02 -3.197616667839802470e-03 3.304318112796503139e-03 9.963042615496502108e-02
2.979719695450849137e+00 -9.999761992396602461e-02 -3.136717506427718575e-03 3.241387640926000294e-03 9.964222779871116653e-02
2.982862859686556956e+00 -9.999857311014000161e-02 -3.075817893556483801e-03 3.178456654221634408e-03 9.965386047410575154e-02
2.986006023922264774e+00 -9.999928514234861232e-02 -3.014917838006604851e-03 3.115525162697193890e-03 9.966532318035871418e-02
2.989149188157972148e+00 -9.999975433418888116e-02 -2.954017348557757931e-03 3.052593176365426316e-03 9.967661490709649186e-02
2.992292352393679966e+00 -9.999975433418888116e-02 -2.893116433988780507e-03 2.989660705238134705e-03 9.968773463423373504e-02
2.995435516629387340e+00 -9.999975433418888116e-02 -2.832215103077701229e-03 2.926727759326111164e-03 9.969868133184282832e-02
2.998578680865095158e+00 -9.999975433418888116e-02 -2.771313364601756847e-03 2.863794348639262227e-03 9.970945396002106609e-02
3.001721845100802977e+00 -9.999975433418888116e-02 -2.710411227337447722e-03 2.800860483186582827e-03 9.972005146875560777e-02
3.004865009336510351e+00 -9.999975433418888116e-02 -2.649508700060441979e-03 2.737926172976073904e-03 9.973047279778601837e-02
3.008008173572218169e+00 -9.999975433418888116e-02 -2.588605791545721662e-03 2.674991428014958372e-03 9.974071687646447748e-02
3.011151337807925543e+00 -9.999975433418888116e-02 -2.527702510567528520e-03 2.612056258309547116e-03 9.975078262361342096e-02
3.014294502043633361e+00 -9.999975433418888116e-02 -2.466798865899382659e-03 2.549120673865285392e-03 9.976066894738079560e-02
3.017437666279341180e+00 -9.999975433418888116e-02 -2.405894866314110727e-03 2.486184684686872527e-03 9.977037474509264925e-02
3.020580830515048554e+00 -9.999975433418888116e-02 -2.344990520583910103e-03 2.423248300778156096e-03 9.977989890310318133e-02
3.023723994750756372e+00 -9.999975433418888116e-02 -2.284085837480295117e-03 2.360311532142187006e-03 9.978924029664204554e-02
3.026867158986464190e+00 -9.999975433418888116e-02 -2.223180825774062359e-03 2.297374388781311429e-03 9.979839778965894637e-02
3.030010323222171564e+00 -9.999975433418888116e-02 -2.162275494235493638e-03 2.234436880697060653e-03 9.980737023466552948e-02
3.033153487457879383e+00 -9.999975433418888116e-02 -2.101369851634227615e-03 2.171499017890327152e-03 9.981615647257421897e-02
3.036296651693586757e+00 -9.999975433418888116e-02 -2.040463906739258069e-03 2.108560810361211936e-03 9.982475533253433453e-02
3.039439815929294575e+00 -9.999975433418888116e-02 -1.979557668319055323e-03 2.045622268109194980e-03 9.983316563176507230e-02
3.042582980165002393e+00 -9.999975433418888116e-02 -1.918651145141560613e-03 1.982683401133054565e-03 9.984138617538558524e-02
3.045726144400709767e+00 -9.999975433418888116e-02 -1.857744345974124715e-03 1.919744219430978300e-03 9.984941575624177446e-02
3.048869308636417585e+00 -9.999975433418888116e-02 -1.796837279583570618e-03 1.856804733000489392e-03 9.985725315473006902e-02
3.052012472872124960e+00 -9.999975433418888116e-02 -1.735929954736206097e-03 1.793864951838533605e-03 9.986489713861770867e-02
3.055155637107832778e+00 -9.999975433418888116e-02 -1.675022380197925195e-03 1.730924885941431332e-03 9.987234646286001494e-02
3.058298801343540596e+00 -9.999975433418888116e-02 -1.614114564734020008e-03 1.667984545304950893e-03 9.987959986941395696e-02
3.061441965579247970e+00 -9.999975433418888116e-02 -1.553206517109492497e-03 1.605043939924332601e-03 9.988665608704834498e-02
3.064585129814955788e+00 -9.999975433418888116e-02 -1.492298246088657023e-03 1.542103079794334732e-03 9.989351383115048499e-02
3.067728294050663607e+00 -9.999975433418888116e-02 -1.431389760435664233e-03 1.479161974909152426e-03 9.990017180352916970e-02
3.070871458286370981e+00 -9.999975433418888116e-02 -1.370481068914119636e-03 1.416220635262485780e-03 9.990662869221381137e-02
3.074014622522078799e+00 -9.999975433418888116e-02 -1.309572180287264017e-03 1.353279070847591015e-03 9.991288317125000817e-02
3.077157786757786173e+00 -9.999975433418888116e-02 -1.248663103317954135e-03 1.290337291657330790e-03 9.991893390049086388e-02
3.080300950993493991e+00 -9.999975433418888116e-02 -1.187753846768690698e-03 1.227395307684035416e-03 9.992477952538467156e-02
3.083444115229201810e+00 -9.999975433418888116e-02 -1.126844419401598846e-03 1.164453128919697589e-03 9.993041867675810097e-02
3.086587279464909184e+00 -9.999975433418888116e-02 -1.065934829978589697e-03 1.101510765355975634e-03 9.993584997059561104e-02
3.089730443700617002e+00 -9.999975433418888116e-02 -1.005025087261199671e-03 1.038568226984067306e-03 9.994107200781417177e-02
3.092873607936324376e+00 -9.999975433418888116e-02 -9.441152000105870138e-04 9.756255237948514977e-04 9.994608337403389220e-02
3.096016772172032194e+00 -9.999975433418888116e-02 -8.832051769877214331e-04 9.126826657788895394e-04 9.995088263934399919e-02
3.099159936407740012e+00 -9.999975433418888116e-02 -8.222950269533877777e-04 8.497396629264822266e-04 9.995546835806420893e-02
3.102303100643447387e+00 -9.999975433418888116e-02 -7.613847586679719105e-04 7.867965252275681233e-04 9.995983906850137990e-02
3.105446264879155205e+00 -9.999975433418888116e-02 -7.004743808917756687e-04 7.238532626717597736e-04 9.996399329270141965e-02
3.108589429114863023e+00 -9.999975433418888116e-02 -6.395639023848143350e-04 6.609098852486189812e-04 9.996792953619614008e-02
3.111732593350570397e+00 -9.999975433418888116e-02 -5.786533319068423329e-04 5.979664029473559430e-04 9.997164628774500572e-02
3.114875757586278215e+00 -9.999975433418888116e-02 -5.177426782176090987e-04 5.350228257569598954e-04 9.997514201907181652e-02
3.118018921821985590e+00 -9.999975433418888116e-02 -4.568319500766472824e-04 4.720791636663290562e-04 9.997841518459592292e-02
3.121162086057693408e+00 -9.999975433418888116e-02 -3.959211562432462389e-04 4.091354266641374841e-04 9.998146422115811172e-02
3.124305250293401226e+00 -9.999975433418888116e-02 -3.350103054767495335e-04 3.461916247386296773e-04 9.998428754774071892e-02
3.127448414529108600e+00 -9.999974558225907528e-02 -2.740994065361427819e-04 2.832477678785536913e-04 9.998688356518223297e-02
3.130591578764816418e+00 -9.999927045226915390e-02 -2.131884681804455085e-04 2.203038660719682190e-04 9.998925065588579186e-02
3.133734743000523792e+00 -9.999855275406353827e-02 -1.522774991687646240e-04 1.573599293074119567e-04 9.999138718352187927e-02
3.136877907236231611e+00 -9.999759426396909179e-02 -9.136650826024972989e-05 9.441596757239596673e-05 9.999329149272388750e-02
3.140021071471939429e+00 -9.999639673731570977e-02 -3.045550421214503371e-05 3.147199085571871332e-05 9.999496190878030821e-02
3.143164235707646803e+00 -9.999496190878029434e-02 -3.147199085506694518e-05 3.045550421328676636e-05 9.999639673731570977e-02
3.146307399943354621e+00 -9.999329149272388750e-02 -9.441596757276454126e-05 9.136650826031489044e-05 9.999759426396909179e-02
3.149450564179061995e+00 -9.999138718352157396e-02 -1.573599293072018384e-04 1.522774991687460570e-04 9.999855275406351052e-02
3.152593728414769814e+00 -9.998925065588583350e-02 -2.203038660720794582e-04 2.131884681806085996e-04 9.999927045226848776e-02
3.155736892650477632e+00 -9.998688356518224685e-02 -2.832477678786136477e-04 2.740994065360537689e-04 9.999974558225897814e-02
3.158880056886185006e+00 -9.998428754774071892e-02 -3.461916247386211121e-04 3.350103054767839569e-04 9.999974558225897814e-02
3.162023221121892824e+00 -9.998146422115811172e-02 -4.091354266641165048e-04 3.959211562432640740e-04 9.999974558225897814e-02
3.165166385357600642e+00 -9.997841518459592292e-02 -4.720791636663323630e-04 4.568319500766246225e-04 9.999974558225897814e-02
3.168309549593308017e+00 -9.997514201907181652e-02 -5.350228257569574018e-04 5.177426782176428174e-04 9.999974558225897814e-02
3.171452713829015835e+00 -9.997164628774500572e-02 -5.979664029473765428e-04 5.786533319068487297e-04 9.999974558225897814e-02
3.174595878064723209e+00 -9.996792953619614008e-02 -6.609098852486111749e-04 6.395639023847833268e-04 9.999974558225897814e-02
3.177739042300431027e+00 -9.996399329270141965e-02 -7.238532626717688809e-04 7.004743808917394563e-04 9.999974558225897814e-02
3.180882206536138845e+00 -9.995983906850137990e-02 -7.867965252275087090e-04 7.613847586679602011e-04 9.999974558225897814e-02
3.184025370771846219e+00 -9.995546835806420893e-02 -8.497396629264575068e-04 8.222950269533768272e-04 9.999974558225897814e-02
3.187168535007554038e+00 -9.995088263934399919e-02 -9.126826657788893226e-04 8.832051769877221920e-04 9.999974558225897814e-02
3.190311699243261412e+00 -9.994608337403389220e-02 -9.756255237948545335e-04 9.441152000105407184e-04 9.999974558225897814e-02
3.193454863478969230e+00 -9.994107200781415790e-02 -1.038568226984087255e-03 1.005025087261173867e-03 9.999974558225897814e-02
3.196598027714677048e+00 -9.993584997059559716e-02 -1.101510765355982573e-03 1.065934829978603792e-03 9.999974558225897814e-02
3.199741191950384422e+00 -9.993041867675811485e-02 -1.164453128919700842e-03 1.126844419401618362e-03 9.999974558225897814e-02
3.202884356186092241e+00 -9.992477952538467156e-02 -1.227395307684023273e-03 1.187753846768676820e-03 9.999974558225897814e-02
3.206027520421800059e+00 -9.991893390049086388e-02 -1.290337291657330139e-03 1.248663103317946546e-03 9.999974558225897814e-02
3.209170684657507433e+00 -9.991288317124999430e-02 -1.353279070847580824e-03 1.309572180287285051e-03 9.999974558225897814e-02
3.212313848893215251e+00 -9.990662869221382525e-02 -1.416220635262473203e-03 1.370481068914139802e-03 9.999974558225897814e-02
3.215457013128922625e+00 -9.990017180352916970e-02 -1.479161974909111443e-03 1.431389760435651873e-03 9.999974558225897814e-02
3.218600177364630444e+00 -9.989351383115049887e-02 -1.542103079794338851e-03 1.492298246088667431e-03 9.999974558225897814e-02
3.221743341600338262e+00 -9.988665608704834498e-02 -1.605043939924347563e-03 1.553206517109456501e-03 9.999974558225897814e-02
3.224886505836045636e+00 -9.987959986941395696e-02 -1.667984545304952194e-03 1.614114564734023477e-03 9.999974558225897814e-02
3.228029670071753454e+00 -9.987234646286002882e-02 -1.730924885941432199e-03 1.675022380197907631e-03 9.999974558225897814e-02
3.231172834307460828e+00 -9.986489713861772255e-02 -1.793864951838526232e-03 1.735929954736195688e-03 9.999974558225897814e-02
3.234315998543168647e+00 -9.985725315473006902e-02 -1.856804733000510209e-03 1.796837279583571052e-03 9.999974558225897814e-02
3.237459162778876465e+00 -9.984941575624178833e-02 -1.919744219430988491e-03 1.857744345974138376e-03 9.999974558225897814e-02
3.240602327014583839e+00 -9.984138617538558524e-02 -1.982683401133061504e-03 1.918651145141558661e-03 9.999974558225897814e-02
3.243745491250291657e+00 -9.983316563176507230e-02 -2.045622268109204955e-03 1.979557668319061395e-03 9.999974558225897814e-02
3.246888655485999475e+00 -9.982475533253433453e-02 -2.108560810361224079e-03 2.040463906739233783e-03 9.999974558225897814e-02
3.250031819721706849e+00 -9.981615647257421897e-02 -2.171499017890327152e-03 2.101369851634199426e-03 9.999974558225897814e-02
3.253174983957414668e+00 -9.980737023466552948e-02 -2.234436880697071061e-03 2.162275494235464147e-03 9.999974558225897814e-02
3.256318148193122042e+00 -9.979839778965894637e-02 -2.297374388781311862e-03 2.223180825774033302e-03 9.999974558225897814e-02
3.259461312428829860e+00 -9.978924029664204554e-02 -2.360311532142181368e-03 2.284085837480276035e-03 9.999974558225897814e-02
3.262604476664537678e+00 -9.977989890310318133e-02 -2.423248300778144387e-03 2.344990520583922679e-03 9.999974558225897814e-02
3.265747640900245052e+00 -9.977037474509264925e-02 -2.486184684686876430e-03 2.405894866314111594e-03 9.999974558225897814e-02
3.268890805135952871e+00 -9.976066894738079560e-02 -2.549120673865282356e-03 2.466798865899382225e-03 9.999974558225897814e-02
3.272033969371660245e+00 -9.975078262361342096e-02 -2.612056258309528034e-03 2.527702510567508137e-03 9.999974558225897814e-02
3.275177133607368063e+00 -9.974071687646447748e-02 -2.674991428014947530e-03 2.588605791545710386e-03 9.999974558225897814e-02
3.278320297843075881e+00 -9.973047279778601837e-02 -2.737926172976088215e-03 2.649508700060422463e-03 9.999974558225897814e-02
3.281463462078783255e+00 -9.972005146875560777e-02 -2.800860483186566781e-03 2.710411227337424737e-03 9.999974558225897814e-02
3.284606626314491074e+00 -9.970945396002106609e-02 -2.863794348639271334e-03 2.771313364601754679e-03 9.999974558225897814e-02
3.287749790550198892e+00 -9.969868133184282832e-02 -2.926727759326128511e-03 2.832215103077678243e-03 9.999974558225897814e-02
3.290892954785906266e+00 -9.968773463423373504e-02 -2.989660705238134271e-03 2.893116433988752751e-03 9.999974558225897814e-02
3.294036119021614084e+00 -9.967661490709649186e-02 -3.052593176365434990e-03 2.954017348557753161e-03 9.999975433418899218e-02
3.297179283257321458e+00 -9.966532318035871418e-02 -3.115525162697193023e-03 3.014917838006610489e-03 9.999928514234938948e-02
3.300322447493029276e+00 -9.965386047410576542e-02 -3.178456654221646551e-03 3.075817893556459515e-03 9.999857311014002936e-02
3.303465611728737095e+00 -9.964222779871116653e-02 -3.241387640925995090e-03 3.136717506427709468e-03 9.999761992396602461e-02
3.306608775964444469e+00 -9.963042615496502108e-02 -3.304318112796507476e-03 3.197616667839781653e-03 9.999642725138326027e-02
3.309751940200152287e+00 -9.961845653420008107e-02 -3.367248059818373548e-03 3.258515369011344941e-03 9.999499674139027128e-02
3.312895104435859661e+00 -9.960631991841575883e-02 -3.430177471975764426e-03 3.319413601160124509e-03 9.999333002471462450e-02
3.316038268671567479e+00 -9.959401728040011281e-02 -3.493106339251795655e-03 3.380311355502976008e-03 9.999142871409352762e-02
3.319181432907275298e+00 -9.958154958384972388e-02 -3.556034651628526329e-03 3.441208623255879052e-03 9.998929440454919215e-02
3.322324597142982672e+00 -9.956891778348761490e-02 -3.618962399086849378e-03 3.502105395633820992e-03 9.998692867365772952e-02
3.325467761378690490e+00 -9.955612282517918576e-02 -3.681889571606592609e-03 3.563001663850904471e-03 9.998433308181513268e-02
3.328610925614397864e+00 -9.954316564604627493e-02 -3.744816159166439781e-03 3.623897419120232933e-03 9.998150917249548630e-02
3.331754089850105682e+00 -9.953004717457936135e-02 -3.807742151743900242e-03 3.684792652653961359e-03 9.997845847250580453e-02
3.334897254085813501e+00 -9.951676833074780959e-02 -3.870667539315289854e-03 3.745687355663238592e-03 9.997518249223548426e-02
3.338040418321520875e+00 -9.950333002610847744e-02 -3.933592311855763947e-03 3.806581519358179580e-03 9.997168272590109539e-02
3.341183582557228693e+00 -9.948973316391244992e-02 -3.996516459339211069e-03 3.867475134947917850e-03 9.996796065178643886e-02
3.344326746792936511e+00 -9.947597863920999706e-02 -4.059439971738335387e-03 3.928368193640502729e-03 9.996401773247808042e-02
3.347469911028643885e+00 -9.946206733895407437e-02 -4.122362839024514870e-03 3.989260686642944441e-03 9.995985541509648520e-02
3.350613075264351703e+00 -9.944800014210182504e-02 -4.185285051167914917e-03 4.050152605161181155e-03 9.995547513152269747e-02
3.353756239500059078e+00 -9.943377791971470814e-02 -4.248206598137349577e-03 4.111043940400016528e-03 9.995087829862091267e-02
3.356899403735766896e+00 -9.941940153505690603e-02 -4.311127469900342263e-03 4.171934683563215118e-03 9.994606631845680267e-02
3.360042567971474714e+00 -9.940487184369219131e-02 -4.374047656423089327e-03 4.232824825853311566e-03 9.994104057851178891e-02
3.363185732207182088e+00 -9.939018969357932276e-02 -4.436967147670351636e-03 4.293714358471793606e-03 9.993580245189344347e-02
3.366328896442889906e+00 -9.937535592516580363e-02 -4.499885933605627178e-03 4.354603272618937267e-03 9.993035329754192120e-02
3.369472060678597281e+00 -9.936037137148021059e-02 -4.562804004190910805e-03 4.415491559493835497e-03 9.992469446043261705e-02
3.372615224914305099e+00 -9.934523685822317651e-02 -4.625721349386842547e-03 4.476379210294412908e-03 9.991882727177520129e-02
3.375758389150012917e+00 -9.932995320385677729e-02 -4.688637959152587922e-03 4.537266216217366796e-03 9.991275304920890776e-02
3.378901553385720291e+00 -9.931452121969269742e-02 -4.751553823445844871e-03 4.598152568458138516e-03 9.990647309699440815e-02
3.382044717621428109e+00 -9.929894170997885516e-02 -4.814468932222911411e-03 4.659038258210956851e-03 9.989998870620213356e-02
3.385187881857135928e+00 -9.928321547198480646e-02 -4.877383275438451453e-03 4.719923276668818064e-03 9.989330115489722384e-02
3.388331046092843302e+00 -9.926734329608578877e-02 -4.940296843045715106e-03 4.780807615023344517e-03 9.988641170832124327e-02
3.391474210328551120e+00 -9.925132596584548828e-02 -5.003209624996387758e-03 4.841691264464939061e-03 9.987932161907057960e-02
3.394617374564258494e+00 -9.923516425809746078e-02 -5.066121611240551048e-03 4.902574216182665340e-03 9.987203212727159551e-02
3.397760538799966312e+00 -9.921885894302549802e-02 -5.129032791726796485e-03 4.963456461364265139e-03 9.986454446075292146e-02
3.400903703035674130e+00 -9.920241078424250902e-02 -5.191943156402018152e-03 5.024337991196098537e-03 9.985685983521447318e-02
3.404046867271381505e+00 -9.918582053886838834e-02 -5.254852695211548880e-03 5.085218796863220231e-03 9.984897945439359657e-02
3.407190031507089323e+00 -9.916908895760669085e-02 -5.317761398099039687e-03 5.146098869549252906e-03 9.984090451022831214e-02
3.410333195742796697e+00 -9.915221678482009915e-02 -5.380669255006521358e-03 5.206978200436429734e-03 9.983263618301774223e-02
3.413476359978504515e+00 -9.913520475860472525e-02 -5.443576255874328119e-03 5.267856780705589166e-03 9.982417564157965162e-02
3.416619524214212333e+00 -9.911805361086335753e-02 -5.506482390641111516e-03 5.328734601536105550e-03 9.981552404340536533e-02
3.419762688449919708e+00 -9.910076406737770849e-02 -5.569387649243727652e-03 5.389611654105933361e-03 9.980668253481198016e-02
3.422905852685627526e+00 -9.908333684787931639e-02 -5.632292021617388116e-03 5.450487929591551692e-03 9.979765225109195337e-02
3.426049016921335344e+00 -9.906577266611966970e-02 -5.695195497695476963e-03 5.511363419167946039e-03 9.978843431666012398e-02
3.429192181157042718e+00 -9.904807222993919358e-02 -5.758098067409644395e-03 5.572238114008596158e-03 9.977902984519831930e-02
3.432335345392750536e+00 -9.903023624133509839e-02 -5.820999720689700938e-03 5.633112005285485606e-03 9.976943993979735248e-02
3.435478509628457910e+00 -9.901226539652852043e-02 -5.883900447463636524e-03 5.693985084169053169e-03 9.975966569309674403e-02
3.438621673864165729e+00 -9.899416038603028878e-02 -5.946800237657638710e-03 5.754857341828177250e-03 9.974970818742209810e-02
3.441764838099873547e+00 -9.897592189470615087e-02 -6.009699081195961703e-03 5.815728769430183673e-03 9.973956849492003618e-02
3.444908002335580921e+00 -9.895755060184072138e-02 -6.072596968001057333e-03 5.876599358140802316e-03 9.972924767769103527e-02
3.448051166571288739e+00 -9.893904718120064001e-02 -6.135493887993407648e-03 5.937469099124162777e-03 9.971874678791992075e-02
3.451194330806996113e+00 -9.892041230109689665e-02 -6.198389831091605587e-03 5.998337983542770084e-03 9.970806686800434693e-02
3.454337495042703932e+00 -9.890164662444599075e-02 -6.261284787212293389e-03 6.059206002557496022e-03 9.969720895068097388e-02
3.457480659278411750e+00 -9.888275080883056345e-02 -6.324178746270180812e-03 6.120073147327562656e-03 9.968617405914968754e-02
3.460623823514119124e+00 -9.886372550655887770e-02 -6.387071698177923702e-03 6.180939409010490285e-03 9.967496320719576586e-02
3.463766987749826942e+00 -9.884457136472361849e-02 -6.449963632846217668e-03 6.241804778762193723e-03 9.966357739930999105e-02
3.466910151985534760e+00 -9.882528902525970771e-02 -6.512854540183739965e-03 6.302669247736788875e-03 9.965201763080687447e-02
3.470053316221242135e+00 -9.880587912500149450e-02 -6.575744410097088787e-03 6.363532807086694221e-03 9.964028488794086924e-02
3.473196480456949953e+00 -9.878634229573894643e-02 -6.638633232490860452e-03 6.424395447962639484e-03 9.962838014802084807e-02
3.476339644692657327e+00 -9.876667916427316063e-02 -6.701520997267458590e-03 6.485257161513520788e-03 9.961630437952256889e-02
3.479482808928365145e+00 -9.874689035247105617e-02 -6.764407694327297972e-03 6.546117938886509072e-03 9.960405854219947508e-02
3.482625973164072963e+00 -9.872697647731931703e-02 -6.827293313568603278e-03 6.606977771227006725e-03 9.959164358719158061e-02
3.485769137399780337e+00 -9.870693815097758561e-02 -6.890177844887448999e-03 6.667836649678518350e-03 9.957906045713277310e-02
3.488912301635488156e+00 -9.868677598083083757e-02 -6.953061278177752498e-03 6.728694565382825100e-03 9.956631008625627111e-02
3.492055465871195530e+00 -9.866649056954118757e-02 -7.015943603331266203e-03 6.789551509479796465e-03 9.955339340049854102e-02
3.495198630106903348e+00 -9.864608251509879300e-02 -7.078824810237503880e-03 6.850407473107484810e-03 9.954031131760140982e-02
3.498341794342611166e+00 -9.862555241087221647e-02 -7.141704888783757116e-03 6.911262447402052519e-03 9.952706474721279006e-02
3.501484958578318540e+00 -9.860490084565799729e-02 -7.204583828855086643e-03 6.972116423497724293e-03 9.951365459098557298e-02
3.504628122814026359e+00 -9.858412840372958452e-02 -7.267461620334268561e-03 7.032969392526899031e-03 9.950008174267518934e-02
3.507771287049734177e+00 -9.856323566488557619e-02 -7.330338253101764852e-03 7.093821345619954685e-03 9.948634708823554662e-02
3.510914451285441551e+00 -9.854222320449729233e-02 -7.393213717035755465e-03 7.154672273905412182e-03 9.947245150591346730e-02
3.514057615521149369e+00 -9.852109159355576518e-02 -7.456088002012125314e-03 7.215522168509772363e-03 9.945839586634175333e-02
3.517200779756856743e+00 -9.849984139871804933e-02 -7.518961097904319421e-03 7.276371020557556753e-03 9.944418103263071018e-02
3.520343943992564562e+00 -9.847847318235286584e-02 -7.581832994583505986e-03 7.337218821171304951e-03 9.942980786045832464e-02
3.523487108228272380e+00 -9.845698750258570497e-02 -7.644703681918366481e-03 7.398065561471563363e-03 9.941527719815905495e-02
3.526630272463979754e+00 -9.843538491334324902e-02 -7.707573149775258717e-03 7.458911232576785448e-03 9.940058988681130248e-02
3.529773436699687572e+00 -9.841366596439733716e-02 -7.770441388018029492e-03 7.519755825603460092e-03 9.938574676032342625e-02
3.532916600935394946e+00 -9.839183120140812533e-02 -7.833308386508136892e-03 7.580599331665928593e-03 9.937074864551863340e-02
3.536059765171102764e+00 -9.836988116596689924e-02 -7.896174135104518446e-03 7.641441741876498286e-03 9.935559636221841240e-02
3.539202929406810583e+00 -9.834781639563813793e-02 -7.959038623663643175e-03 7.702283047345332388e-03 9.934029072332486998e-02
3.542346093642517957e+00 -9.832563742400113327e-02 -8.021901842039423983e-03 7.763123239180534131e-03 9.932483253490170805e-02
3.545489257878225775e+00 -9.830334478069102655e-02 -8.084763780083301793e-03 7.823962308488034006e-03 9.930922259625400705e-02
3.548632422113933149e+00 -9.828093899143930390e-02 -8.147624427644106770e-03 7.884800246371578489e-03 9.929346170000694083e-02
3.551775586349640967e+00 -9.825842057811370878e-02 -8.210483774568110363e-03 7.945637043932845395e-03 9.927755063218317300e-02
3.554918750585348786e+00 -9.823579005875779369e-02 -8.273341810698988871e-03 8.006472692271209696e-03 9.926149017227910154e-02
3.558061914821056160e+00 -9.821304794762969470e-02 -8.336198525877778348e-03 8.067307182483890102e-03 9.924528109334022907e-02
3.561205079056763978e+00 -9.819019475524068397e-02 -8.399053909942919699e-03 8.128140505665907428e-03 9.922892416203497878e-02
3.564348243292471796e+00 -9.816723098839304218e-02 -8.461907952730151131e-03 8.188972652910004799e-03 9.921242013872792753e-02
3.567491407528179170e+00 -9.814415715021745923e-02 -8.524760644072527233e-03 8.249803615306659788e-03 9.919576977755155400e-02
3.570634571763886989e+00 -9.812097374020999074e-02 -8.587611973800420712e-03 8.310633383944124319e-03 9.917897382647719584e-02
3.573777735999594363e+00 -9.809768125426861218e-02 -8.650461931741503310e-03 8.371461949908313646e-03 9.916203302738488268e-02
3.576920900235302181e+00 -9.807428018472909292e-02 -8.713310507720643458e-03 8.432289304282861858e-03 9.914494811613216996e-02
3.580064064471009999e+00 -9.805077102040068993e-02 -8.776157691559998211e-03 8.493115438149057700e-03 9.912771982262193193e-02
3.583207228706717373e+00 -9.802715424660103649e-02 -8.839003473078895293e-03 8.553940342585837631e-03 9.911034887086928036e-02
3.586350392942425191e+00 -9.800343034519100327e-02 -8.901847842093907684e-03 8.614764008669784090e-03 9.909283597906744234e-02
3.589493557178132566e+00 -9.797959979460880986e-02 -8.964690788418746073e-03 8.675586427475118559e-03 9.907518185965272228e-02
3.592636721413840384e+00 -9.795566306990374783e-02 -9.027532301864277936e-03 8.736407590073646048e-03 9.905738721936857560e-02
3.595779885649548202e+00 -9.793162064276959844e-02 -9.090372372238489374e-03 8.797227487534751630e-03 9.903945275932862780e-02
3.598923049885255576e+00 -9.790747298157757850e-02 -9.153210989346507662e-03 8.858046110925388295e-03 9.902137917507904119e-02
3.602066214120963394e+00 -9.788322055140873112e-02 -9.216048142990552680e-03 8.918863451310083887e-03 9.900316715665979928e-02
3.605209378356671213e+00 -9.785886381408620549e-02 -9.278883822969877931e-03 8.979679499750890803e-03 9.898481738866515833e-02
3.608352542592378587e+00 -9.783440322820687041e-02 -9.341718019080777480e-03 9.040494247307318335e-03 9.896633055030336357e-02
3.611495706828086405e+00 -9.780983924917256711e-02 -9.404550721116622380e-03 9.101307685036466241e-03 9.894770731545543541e-02
3.614638871063793779e+00 -9.778517232922120939e-02 -9.467381918867784352e-03 9.162119803992839137e-03 9.892894835273308152e-02
3.617782035299501597e+00 -9.776040291745714816e-02 -9.530211602121561182e-03 9.222930595228455777e-03 9.891005432553602594e-02
3.620925199535209416e+00 -9.773553145988145285e-02 -9.593039760662277343e-03 9.283740049792753649e-03 9.889102589210822802e-02
3.624068363770916790e+00 -9.771055839942160981e-02 -9.655866384271157357e-03 9.344548158732566417e-03 9.887186370559358783e-02
3.627211528006624608e+00 -9.768548417596110978e-02 -9.718691462726377836e-03 9.405354913092210667e-03 9.885256841409081896e-02
3.630354692242331982e+00 -9.766030922636834144e-02 -9.781514985803003298e-03 9.466160303913336710e-03 9.883314066070740533e-02
3.633497856478039800e+00 -9.763503398452538784e-02 -9.844336943272977494e-03 9.526964322234975427e-03 9.881358108361308623e-02
3.636641020713747618e+00 -9.760965888135639257e-02 -9.907157324905109530e-03 9.587766959093522653e-03 9.879389031609241145e-02
3.639784184949454993e+00 -9.758418434485564841e-02 -9.969976120465032232e-03 9.648568205522714894e-03 9.877406898659664425e-02
3.642927349185162811e+00 -9.755861080011503372e-02 -1.003279331971520909e-02 9.709368052553613709e-03 9.875411771879497036e-02
3.646070513420870629e+00 -9.753293866935168477e-02 -1.009560891241490128e-02 9.770166491214579696e-03 9.873403713162499928e-02
3.649213677656578003e+00 -9.750716837193483533e-02 -1.015842288832011567e-02 9.830963512531223913e-03 9.871382783934258554e-02
3.652356841892285821e+00 -9.748130032441247594e-02 -1.022123523718366025e-02 9.891759107526496356e-03 9.869349045157101152e-02
3.655500006127993196e+00 -9.745533494053784662e-02 -1.028404594875502454e-02 9.952553267220512478e-03 9.867302557334943491e-02
3.658643170363701014e+00 -9.742927263129538829e-02 -1.034685501278043672e-02 1.001334598263067983e-02 9.865243380518076699e-02
3.661786334599408832e+00 -9.740311380492658322e-02 -1.040966241900282037e-02 1.007413724477161654e-02 9.863171574307888489e-02
3.664929498835116206e+00 -9.737685886695530979e-02 -1.047246815716175103e-02 1.013492704465508015e-02 9.861087197861517772e-02
3.668072663070824024e+00 -9.735050822021311390e-02 -1.053527221699345449e-02 1.019571537329008216e-02 9.858990309896455140e-02
3.671215827306531398e+00 -9.732406226486385592e-02 -1.059807458823079293e-02 1.025650222168274575e-02 9.856880968695076739e-02
3.674358991542239217e+00 -9.729752139842844094e-02 -1.066087526060321457e-02 1.031728758083635782e-02 9.854759232109119860e-02
3.677502155777947035e+00 -9.727088601580903549e-02 -1.072367422383676931e-02 1.037807144175129266e-02 9.852625157564101621e-02
3.680645320013654409e+00 -9.724415650931293731e-02 -1.078647146765404456e-02 1.043885379542508658e-02 9.850478802063672434e-02
3.683788484249362227e+00 -9.721733326867643132e-02 -1.084926698177420684e-02 1.049963463285232684e-02 9.848320222193926443e-02
3.686931648485070045e+00 -9.719041668108811816e-02 -1.091206075591291333e-02 1.056041394502468117e-02 9.846149474127643964e-02
3.690074812720777420e+00 -9.716340713121204842e-02 -1.097485277978230318e-02 1.062119172293085091e-02 9.843966613628479800e-02
3.693217976956485238e+00 -9.713630500121070432e-02 -1.103764304309104091e-02 1.068196795755662308e-02 9.841771696055101604e-02
3.696361141192192612e+00 -9.710911067076746783e-02 -1.110043153554420188e-02 1.074274263988474372e-02 9.839564776365279652e-02
3.699504305427900430e+00 -9.708182451710908878e-02 -1.116321824684330700e-02 1.080351576089498035e-02 9.837345909119905862e-02
3.702647469663608248e+00 -9.705444691502773669e-02 -1.122600316668631582e-02 1.086428731156409942e-02 9.835115148486982262e-02
3.705790633899315623e+00 -9.702697823690285828e-02 -1.128878628476753972e-02 1.092505728286578999e-02 9.832872548245541466e-02
3.708933798135023441e+00 -9.699941885272270192e-02 -1.135156759077767669e-02 1.098582566577072615e-02 9.830618161789535236e-02
3.712076962370730815e+00 -9.697176913010580046e-02 -1.141434707440375923e-02 1.104659245124648033e-02 9.828352042131648092e-02
3.715220126606438633e+00 -9.694402943432191277e-02 -1.147712472532919428e-02 1.110735763025754406e-02 9.826074241907092888e-02
3.718363290842146451e+00 -9.691620012831300701e-02 -1.153990053323361749e-02 1.116812119376531763e-02 9.823784813377327285e-02
3.721506455077853825e+00 -9.688828157271384134e-02 -1.160267448779299035e-02 1.122888313272802155e-02 9.821483808433753571e-02
3.724649619313561644e+00 -9.686027412587229490e-02 -1.166544657867954991e-02 1.128964343810076251e-02 9.819171278601346309e-02
3.727792783549269462e+00 -9.683217814386964328e-02 -1.172821679556174633e-02 1.135040210083551777e-02 9.816847275042245302e-02
3.730935947784976836e+00 -9.680399398054038984e-02 -1.179098512810424285e-02 1.141115911188099116e-02 9.814511848559315244e-02
3.734079112020684654e+00 -9.677572198749205545e-02 -1.185375156596792622e-02 1.147191446218280217e-02 9.812165049599630429e-02
3.737222276256392028e+00 -9.674736251412456578e-02 -1.191651609880983384e-02 1.153266814268324482e-02 9.809806928257951142e-02
3.740365440492099847e+00 -9.671891590764966629e-02 -1.197927871628316071e-02 1.159342014432144553e-02 9.807437534280130653e-02
3.743508604727807665e+00 -9.669038251310983767e-02 -1.204203940803726114e-02 1.165417045803322955e-02 9.805056917066494460e-02
3.746651768963515039e+00 -9.666176267339722517e-02 -1.210479816371754641e-02 1.171491907475118513e-02 9.802665125675172342e-02
3.749794933199222857e+00 -9.663305672927217926e-02 -1.216755497296555591e-02 1.177566598540458372e-02 9.800262208825384624e-02
3.752938097434930231e+00 -9.660426501938185195e-02 -1.223030982541888252e-02 1.183641118091939733e-02 9.797848214900703456e-02
3.756081261670638050e+00 -9.657538788027825172e-02 -1.229306271071115356e-02 1.189715465221828118e-02 9.795423191952255804e-02
3.759224425906345868e+00 -9.654642564643632630e-02 -1.235581361847205330e-02 1.195789639022052687e-02 9.792987187701897300e-02
3.762367590142053242e+00 -9.651737865027182339e-02 -1.241856253832719637e-02 1.201863638584203461e-02 9.790540249545348628e-02
3.765510754377761060e+00 -9.648824722215885996e-02 -1.248130945989825435e-02 1.207937462999540169e-02 9.788082424555290262e-02
3.768653918613468434e+00 -9.645903169044743597e-02 -1.254405437280281706e-02 1.214011111358972994e-02 9.785613759484416974e-02
3.771797082849176252e+00 -9.642973238148057347e-02 -1.260679726665440113e-02 1.220084582753075755e-02 9.783134300768464575e-02
3.774940247084884071e+00 -9.640034961961149729e-02 -1.266953813106244837e-02 1.226157876272078277e-02 9.780644094529183930e-02
3.778083411320591445e+00 -9.637088372722041330e-02 -1.273227695563230837e-02 1.232230991005859276e-02 9.778143186577306634e-02
3.781226575556299263e+00 -9.634133502473123112e-02 -1.279501372996516215e-02 1.238303926043958329e-02 9.775631622415438537e-02
3.784369739792007081e+00 -9.631170383062810647e-02 -1.285774844365807253e-02 1.244376680475559743e-02 9.773109447240954650e-02
3.787512904027714455e+00 -9.628199046147174756e-02 -1.292048108630386265e-02 1.250449253389496890e-02 9.770576705948831597e-02
3.790656068263422274e+00 -9.625219523191549942e-02 -1.298321164749128079e-02 1.256521643874252900e-02 9.768033443134463423e-02
3.793799232499129648e+00 -9.622231845472145606e-02 -1.304594011680471760e-02 1.262593851017953031e-02 9.765479703096439923e-02
3.796942396734837466e+00 -9.619236044077625336e-02 -1.310866648382442816e-02 1.268665873908367096e-02 9.762915529839284734e-02
3.800085560970545284e+00 -9.616232149910655669e-02 -1.317139073812632552e-02 1.274737711632906341e-02 9.760340967076171215e-02
3.803228725206252658e+00 -9.613220193689477056e-02 -1.323411286928207788e-02 1.280809363278619800e-02 9.757756058231600860e-02
3.806371889441960477e+00 -9.610200205949416541e-02 -1.329683286685905651e-02 1.286880827932196728e-02 9.755160846444052569e-02
3.809515053677667851e+00 -9.607172217044410156e-02 -1.335955072042026986e-02 1.292952104679959829e-02 9.752555374568595836e-02
3.812658217913375669e+00 -9.604136257148501721e-02 -1.342226641952441041e-02 1.299023192607868041e-02 9.749939685179483118e-02
3.815801382149083487e+00 -9.601092356257324989e-02 -1.348497995372575572e-02 1.305094090801508719e-02 9.747313820572700571e-02
3.818944546384790861e+00 -9.598040544189576084e-02 -1.354769131257419108e-02 1.311164798346104061e-02 9.744677822768499365e-02
3.822087710620498680e+00 -9.594980850588454013e-02 -1.361040048561520770e-02 1.317235314326499658e-02 9.742031733513886738e-02
3.825230874856206498e+00 -9.591913304923103956e-02 -1.367310746238985068e-02 1.323305637827170041e-02 9.739375594285103188e-02
3.828374039091913872e+00 -9.588837936490049452e-02 -1.373581223243467743e-02 1.329375767932216082e-02 9.736709446290056635e-02
3.831517203327621690e+00 -9.585754774414580182e-02 -1.379851478528178188e-02 1.335445703725356321e-02 9.734033330470731604e-02
3.834660367563329064e+00 -9.582663847652153621e-02 -1.386121511045874076e-02 1.341515444289934599e-02 9.731347287505581756e-02
3.837803531799036882e+00 -9.579565184989778659e-02 -1.392391319748860316e-02 1.347584988708910858e-02 9.728651357811878009e-02
3.840946696034744701e+00 -9.576458815047365902e-02 -1.398660903588985240e-02 1.353654336064864447e-02 9.725945581548044172e-02
3.844089860270452075e+00 -9.573344766279093254e-02 -1.404930261517639035e-02 1.359723485439986654e-02 9.723229998615960656e-02
3.847233024506159893e+00 -9.570223066974724302e-02 -1.411199392485755488e-02 1.365792435916087129e-02 9.720504648663234881e-02
3.850376188741867267e+00 -9.567093745260943360e-02 -1.417468295443803650e-02 1.371861186574578617e-02 9.717769571085463354e-02
3.853519352977575085e+00 -9.563956829102655821e-02 -1.423736969341788533e-02 1.377929736496492572e-02 9.715024805028445176e-02
3.856662517213282904e+00 -9.560812346304287113e-02 -1.430005413129247296e-02 1.383998084762461632e-02 9.712270389390395553e-02
3.859805681448990278e+00 -9.557660324511066396e-02 -1.436273625755250284e-02 1.390066230452725350e-02 9.709506362824109338e-02
3.862948845684698096e+00 -9.554500791210285282e-02 -1.442541606168395822e-02 1.396134172647130536e-02 9.706732763739125969e-02
3.866092009920405914e+00 -9.551333773732564869e-02 -1.448809353316808830e-02 1.402201910425119637e-02 9.703949630303841667e-02
3.869235174156113288e+00 -9.548159299253089483e-02 -1.455076866148137527e-02 1.408269442865739580e-02 9.701157000447629963e-02
3.872378338391821107e+00 -9.544977394792845959e-02 -1.461344143609553253e-02 1.414336769047635188e-02 9.698354911862905325e-02
3.875521502627528481e+00 -9.541788087219829628e-02 -1.467611184647747181e-02 1.420403888049043620e-02 9.695543402007195111e-02
3.878664666863236299e+00 -9.538591403250262779e-02 -1.473877988208927882e-02 1.426470798947804264e-02 9.692722508105162948e-02
3.881807831098944117e+00 -9.535387369449778439e-02 -1.480144553238817509e-02 1.432537500821338960e-02 9.689892267150626570e-02
3.884950995334651491e+00 -9.532176012234604146e-02 -1.486410878682652321e-02 1.438603992746664666e-02 9.687052715908546496e-02
3.888094159570359309e+00 -9.528957357872736011e-02 -1.492676963485180253e-02 1.444670273800389634e-02 9.684203890916991131e-02
3.891237323806066684e+00 -9.525731432485091965e-02 -1.498942806590655881e-02 1.450736343058704053e-02 9.681345828489087979e-02
3.894380488041774502e+00 -9.522498262046652506e-02 -1.505208406942841817e-02 1.456802199597384551e-02 9.678478564714940169e-02
3.897523652277482320e+00 -9.519257872387612562e-02 -1.511473763485001939e-02 1.462867842491790034e-02 9.675602135463541587e-02
3.900666816513189694e+00 -9.516010289194486160e-02 -1.517738875159900698e-02 1.468933270816860474e-02 9.672716576384650378e-02
3.903809980748897512e+00 -9.512755538011231915e-02 -1.524003740909806413e-02 1.474998483647115867e-02 9.669821922910652734e-02
3.906953144984605331e+00 -9.509493644240347987e-02 -1.530268359676480693e-02 1.481063480056653107e-02 9.666918210258412802e-02
3.910096309220312705e+00 -9.506224633143962877e-02 -1.536532730401178777e-02 1.487128259119139401e-02 9.664005473431086513e-02
3.913239473456020523e+00 -9.502948529844922054e-02 -1.542796852024652839e-02 1.493192819907822842e-02 9.661083747219924300e-02
3.916382637691727897e+00 -9.499665359327846836e-02 -1.549060723487137581e-02 1.499257161495515592e-02 9.658153066206064119e-02
3.919525801927435715e+00 -9.496375146440198811e-02 -1.555324343728363597e-02 1.505321282954604108e-02 9.655213464762284203e-02
3.922668966163143534e+00 -9.493077915893329000e-02 -1.561587711687540542e-02 1.511385183357038392e-02 9.652264977054754447e-02
3.925812130398850908e+00 -9.489773692263515914e-02 -1.567850826303362338e-02 1.517448861774335460e-02 9.649307637044761410e-02
3.928955294634558726e+00 -9.486462499992989739e-02 -1.574113686514007349e-02 1.523512317277576390e-02 9.646341478490416677e-02
3.932098458870266100e+00 -9.483144363390955123e-02 -1.580376291257125018e-02 1.529575548937401989e-02 9.643366534948347168e-02
3.935241623105973918e+00 -9.479819306634593157e-02 -1.586638639469848192e-02 1.535638555824015740e-02 9.640382839775363255e-02
3.938384787341681736e+00 -9.476487353770070288e-02 -1.592900730088780969e-02 1.541701337007173565e-02 9.637390426130119925e-02
3.941527951577389111e+00 -9.473148528713515315e-02 -1.599162562049994893e-02 1.547763891556190249e-02 9.634389326974750201e-02
3.944671115813096929e+00 -9.469802855252001939e-02 -1.605424134289034840e-02 1.553826218539935446e-02 9.631379575076480515e-02
3.947814280048804747e+00 -9.466450357044528530e-02 -1.611685445740911743e-02 1.559888317026827780e-02 9.628361203009239144e-02
3.950957444284512121e+00 -9.463091057622964597e-02 -1.617946495340097379e-02 1.565950186084834675e-02 9.625334243155241054e-02
3.954100608520219939e+00 -9.459724980393005578e-02 -1.624207282020532356e-02 1.572011824781475997e-02 9.622298727706550536e-02
3.957243772755927314e+00 -9.456352148635123467e-02 -1.630467804715608066e-02 1.578073232183811736e-02 9.619254688666645237e-02
3.960386936991635132e+00 -9.452972585505489689e-02 -1.636728062358181607e-02 1.584134407358451721e-02 9.616202157851942711e-02
3.963530101227342950e+00 -9.449586314036907686e-02 -1.642988053880559823e-02 1.590195349371540529e-02 9.613141166893322820e-02
3.966673265463050324e+00 -9.446193357139719138e-02 -1.649247778214501386e-02 1.596256057288769625e-02 9.610071747237633466e-02
3.969816429698758142e+00 -9.442793737602719895e-02 -1.655507234291218530e-02 1.602316530175362450e-02 9.606993930149186622e-02
3.972959593934465516e+00 -9.439387478094055095e-02 -1.661766421041369762e-02 1.608376767096082044e-02 9.603907746711214111e-02
3.976102758170173335e+00 -9.435974601162101794e-02 -1.668025337395059871e-02 1.614436767115225158e-02 9.600813227827346974e-02
3.979245922405881153e+00 -9.432555129236365465e-02 -1.674283982281833671e-02 1.620496529296618776e-02 9.597710404223046277e-02
3.982389086641588527e+00 -9.429129084628341817e-02 -1.680542354630681218e-02 1.626556052703618041e-02 9.594599306447029741e-02
3.985532250877296345e+00 -9.425696489532378597e-02 -1.686800453370027042e-02 1.632615336399112840e-02 9.591479964872699771e-02
3.988675415113003719e+00 -9.422257366026549896e-02 -1.693058277427732586e-02 1.638674379445511850e-02 9.588352409699524292e-02
3.991818579348711538e+00 -9.418811736073480489e-02 -1.699315825731092383e-02 1.644733180904751554e-02 9.585216670954439799e-02
3.994961743584419356e+00 -9.415359621521207645e-02 -1.705573097206836836e-02 1.650791739838290348e-02 9.582072778493207210e-02
3.998104907820126730e+00 -9.411901044104006853e-02 -1.711830090781120070e-02 1.656850055307102290e-02 9.578920762001785771e-02
4.001248072055834548e+00 -9.408436025443210615e-02 -1.718086805379520632e-02 1.662908126371687514e-02 9.575760650997656998e-02
4.004391236291541922e+00 -9.404964587048039726e-02 -1.724343239927043914e-02 1.668965952092053492e-02 9.572592474831172205e-02
4.007534400527250185e+00 -9.401486750316395691e-02 -1.730599393348120768e-02 1.675023531527727871e-02 9.569416262686857022e-02
4.010677564762957559e+00 -9.398002536535682294e-02 -1.736855264566597098e-02 1.681080863737744249e-02 9.566232043584724232e-02
4.013820728998664933e+00 -9.394511966883593856e-02 -1.743110852505732472e-02 1.687137947780652930e-02 9.563039846381556075e-02
4.016963893234373195e+00 -9.391015062428889615e-02 -1.749366156088206017e-02 1.693194782714509822e-02 9.559839699772183785e-02
4.020107057470080569e+00 -9.387511844132195860e-02 -1.755621174236107057e-02 1.699251367596872966e-02 9.556631632290757405e-02
4.023250221705787943e+00 -9.384002332846767824e-02 -1.761875905870935108e-02 1.705307701484807398e-02 9.553415672311989237e-02
4.026393385941495318e+00 -9.380486549319261291e-02 -1.768130349913595023e-02 1.711363783434879937e-02 9.550191848052398680e-02
4.029536550177203580e+00 -9.376964514190477828e-02 -1.774384505284400115e-02 1.717419612503158499e-02 9.546960187571537637e-02
4.032679714412910954e+00 -9.373436247996144721e-02 -1.780638370903056544e-02 1.723475187745203072e-02 9.543720718773208989e-02
4.035822878648618328e+00 -9.369901771167629678e-02 -1.786891945688681357e-02 1.729530508216078552e-02 9.540473469406667018e-02
4.038966042884326590e+00 -9.366361104032706886e-02 -1.793145228559786877e-02 1.735585572970336707e-02 9.537218467067799799e-02
4.042109207120033965e+00 -9.362814266816271713e-02 -1.799398218434270988e-02 1.741640381062019641e-02 9.533955739200329627e-02
4.045252371355741339e+00 -9.359261279641070685e-02 -1.805650914229435175e-02 1.747694931544666735e-02 9.530685313096957934e-02
4.048395535591449601e+00 -9.355702162528423127e-02 -1.811903314861969261e-02 1.753749223471298344e-02 9.527407215900537962e-02
4.051538699827156975e+00 -9.352136935398938644e-02 -1.818155419247941690e-02 1.759803255894420645e-02 9.524121474605214133e-02
4.054681864062864349e+00 -9.348565618073209627e-02 -1.824407226302814794e-02 1.765857027866026344e-02 9.520828116057551693e-02
4.057825028298572612e+00 -9.344988230272519014e-02 -1.830658734941435772e-02 1.771910538437590846e-02 9.517527166957666374e-02
4.060968192534279986e+00 -9.341404791619543901e-02 -1.836909944078018997e-02 1.777963786660061510e-02 9.514218653860334607e-02
4.064111356769987360e+00 -9.337815321639027222e-02 -1.843160852626171686e-02 1.784016771583869787e-02 9.510902603176091263e-02
4.067254521005694734e+00 -9.334219839758460535e-02 -1.849411459498866497e-02 1.790069492258921161e-02 9.507579041172324608e-02
4.070397685241402996e+00 -9.330618365308770978e-02 -1.855661763608455403e-02 1.796121947734595839e-02 9.504247993974350439e-02
4.073540849477110370e+00 -9.327010917524984623e-02 -1.861911763866652691e-02 1.802174137059738349e-02 9.500909487566495948e-02
4.076684013712817745e+00 -9.323397515546887060e-02 -1.868161459184547110e-02 1.808226059282666900e-02 9.497563547793136385e-02
4.079827177948526007e+00 -9.319778178419678427e-02 -1.874410848472593885e-02 1.814277713451170615e-02 9.494210200359760876e-02
4.082970342184233381e+00 -9.316152925094636772e-02 -1.880659930640603966e-02 1.820329098612495991e-02 9.490849470834013257e-02
4.086113506419940755e+00 -9.312521774429757815e-02 -1.886908704597756170e-02 1.826380213813355927e-02 9.487481384646706539e-02
4.089256670655649017e+00 -9.308884745190387777e-02 -1.893157169252583996e-02 1.832431058099927637e-02 9.484105967092854028e-02
4.092399834891356392e+00 -9.305241856049872862e-02 -1.899405323512968688e-02 1.838481630517837737e-02 9.480723243332678241e-02
4.095542999127063766e+00 -9.301593125590176814e-02 -1.905653166286159703e-02 1.844531930112176810e-02 9.477333238392605941e-02
4.098686163362771140e+00 -9.297938572302508198e-02 -1.911900696478747649e-02 1.850581955927489003e-02 9.473935977166260403e-02
4.101829327598479402e+00 -9.294278214587940734e-02 -1.918147912996674004e-02 1.856631707007771678e-02 9.470531484415446732e-02
4.104972491834186776e+00 -9.290612070758025309e-02 -1.924394814745219659e-02 1.862681182396467086e-02 9.467119784771119151e-02
4.108115656069894150e+00 -9.286940159035392273e-02 -1.930641400629017762e-02 1.868730381136469998e-02 9.463700902734348275e-02
4.111258820305602413e+00 -9.283262497554363446e-02 -1.936887669552034980e-02 1.874779302270122849e-02 9.460274862677264807e-02
4.114401984541309787e+00 -9.279579104361546094e-02 -1.943133620417573579e-02 1.880827944839208107e-02 9.456841688844019878e-02
4.117545148777017161e+00 -9.275889997416414401e-02 -1.949379252128279408e-02 1.886876307884948617e-02 9.453401405351709308e-02
4.120688313012725423e+00 -9.272195194591906220e-02 -1.955624563586130793e-02 1.892924390448016622e-02 9.449954036191300644e-02
4.123831477248432797e+00 -9.268494713675017038e-02 -1.961869553692425008e-02 1.898972191568508786e-02 9.446499605228565744e-02
4.126974641484140172e+00 -9.264788572367343988e-02 -1.968114221347798051e-02 1.905019710285969087e-02 9.443038136204970345e-02
4.130117805719848434e+00 -9.261076788285690919e-02 -1.974358565452207642e-02 1.911066945639366965e-02 9.439569652738590000e-02
4.133260969955555808e+00 -9.257359378962616570e-02 -1.980602584904933225e-02 1.917113896667103565e-02 9.436094178325002413e-02
4.136404134191263182e+00 -9.253636361846995229e-02 -1.986846278604575272e-02 1.923160562407016244e-02 9.432611736338161745e-02
4.139547298426970556e+00 -9.249907754304594054e-02 -1.993089645449050776e-02 1.929206941896361230e-02 9.429122350031292343e-02
4.142690462662678819e+00 -9.246173573618597652e-02 -1.999332684335596022e-02 1.935253034171825412e-02 9.425626042537739446e-02
4.145833626898386193e+00 -9.242433836990181228e-02 -2.005575394160751326e-02 1.941298838269513161e-02 9.422122836871849039e-02
4.148976791134093567e+00 -9.238688561539039334e-02 -2.011817773820372829e-02 1.947344353224954652e-02 9.418612755929799130e-02
4.152119955369801829e+00 -9.234937764303921548e-02 -2.018059822209627291e-02 1.953389578073094421e-02 9.415095822490464339e-02
4.155263119605509203e+00 -9.231181462243188973e-02 -2.024301538222973706e-02 1.959434511848295521e-02 9.411572059216245789e-02
4.158406283841216577e+00 -9.227419672235309678e-02 -2.030542920754185854e-02 1.965479153584332242e-02 9.408041488653895446e-02
4.161549448076924840e+00 -9.223652411079415192e-02 -2.036783968696333214e-02 1.971523502314400170e-02 9.404504133235343233e-02
4.164692612312632214e+00 -9.219879695495802885e-02 -2.043024680941775417e-02 1.977567557071088084e-02 9.400960015278517212e-02
4.167835776548339588e+00 -9.216101542126459156e-02 -2.049265056382176473e-02 1.983611316886408835e-02 9.397409156988142942e-02
4.170978940784047850e+00 -9.212317967535570140e-02 -2.055505093908488456e-02 1.989654780791771591e-02 9.393851580456544226e-02
4.174122105019755224e+00 -9.208528988210032407e-02 -2.061744792410949434e-02 1.995697947817991549e-02 9.390287307664441085e-02
4.177265269255462599e+00 -9.204734620559947011e-02 -2.067984150779086233e-02 2.001740816995283001e-02 9.386716360481729693e-02
4.180408433491169973e+00 -9.200934880919130199e-02 -2.074223167901712017e-02 2.007783387353263144e-02 9.383138760668265077e-02
4.183551597726878235e+00 -9.197129785545606062e-02 -2.080461842666918304e-02 2.013825657920946879e-02 9.379554529874629953e-02
4.186694761962585609e+00 -9.193319350622090880e-02 -2.086700173962074967e-02 2.019867627726732937e-02 9.375963689642903554e-02
4.189837926198292983e+00 -9.189503592256485776e-02 -2.092938160673827805e-02 2.025909295798426421e-02 9.372366261407415189e-02
4.192981090434001246e+00 -9.185682526482363830e-02 -2.099175801688102014e-02 2.031950661163213143e-02 9.368762266495495039e-02
4.196124254669708620e+00 -9.181856169259437761e-02 -2.105413095890084491e-02 2.037991722847670717e-02 9.365151726128227716e-02
4.199267418905415994e+00 -9.178024536474044259e-02 -2.111650042164236671e-02 2.044032479877763708e-02 9.361534661421173908e-02
4.202410583141124256e+00 -9.174187643939611669e-02 -2.117886639394283427e-02 2.050072931278838079e-02 9.357911093385117007e-02
4.205553747376831630e+00 -9.170345507397134610e-02 -2.124122886463209944e-02 2.056113076075621882e-02 9.354281042926781975e-02
4.208696911612539004e+00 -9.166498142515619452e-02 -2.130358782253266234e-02 2.062152913292221793e-02 9.350644530849550051e-02
4.211840075848247267e+00 -9.162645564892563099e-02 -2.136594325645963313e-02 2.068192441952124150e-02 9.347001577854176235e-02
4.214983240083954641e+00 -9.158787790054402633e-02 -2.142829515522052392e-02 2.074231661078185934e-02 9.343352204539497052e-02
4.218126404319662015e+00 -9.154924833456964950e-02 -2.149064350761549849e-02 2.080270569692639626e-02 9.339696431403120280e-02
4.221269568555369389e+00 -9.151056710485912238e-02 -2.155298830243717462e-02 2.086309166817086613e-02 9.336034278842129941e-02
4.224412732791077651e+00 -9.147183436457197170e-02 -2.161532952847072461e-02 2.092347451472502395e-02 9.332365767153763536e-02
4.227555897026785026e+00 -9.143305026617501441e-02 -2.167766717449360822e-02 2.098385422679216461e-02 9.328690916536105937e-02
4.230699061262492400e+00 -9.139421496144659041e-02 -2.174000122927580853e-02 2.104423079456932064e-02 9.325009747088752743e-02
4.233842225498200662e+00 -9.135532860148116996e-02 -2.180233168157965848e-02 2.110460420824712344e-02 9.321322278813481965e-02
4.236985389733908036e+00 -9.131639133669339214e-02 -2.186465852015983397e-02 2.116497445800975472e-02 9.317628531614929877e-02
4.240128553969615410e+00 -9.127740331682256125e-02 -2.192698173376343013e-02 2.122534153403497423e-02 9.313928525301230776e-02
4.243271718205323673e+00 -9.123836469093671298e-02 -2.198930131112979136e-02 2.128570542649418570e-02 9.310222279584681737e-02
4.246414882441031047e+00 -9.119927560743694428e-02 -2.205161724099049397e-02 2.134606612555213848e-02 9.306509814082389309e-02
4.249558046676738421e+00 -9.116013621406149348e-02 -2.211392951206945720e-02 2.140642362136725013e-02 9.302791148316905123e-02
4.252701210912446683e+00 -9.112094665788988967e-02 -2.217623811308283219e-02 2.146677790409135325e-02 9.299066301716858718e-02
4.255844375148154057e+00 -9.108170708534724103e-02 -2.223854303273887709e-02 2.152712896386970581e-02 9.295335293617604244e-02
4.258987539383861431e+00 -9.104241764220791233e-02 -2.230084425973807155e-02 2.158747679084103629e-02 9.291598143261825538e-02
4.262130703619568806e+00 -9.100307847360002145e-02 -2.236314178277309245e-02 2.164782137513749163e-02 9.287854869800167557e-02
4.265273867855277068e+00 -9.096368972400906139e-02 -2.242543559052867508e-02 2.170816270688461988e-02 9.284105492291845618e-02
4.268417032090984442e+00 -9.092425153728214693e-02 -2.248772567168163747e-02 2.176850077620126958e-02 9.280350029705258796e-02
4.271560196326691816e+00 -9.088476405663188651e-02 -2.255001201490089771e-02 2.182883557319970080e-02 9.276588500918588054e-02
4.274703360562400078e+00 -9.084522742464010148e-02 -2.261229460884743581e-02 2.188916708798546717e-02 9.272820924720397151e-02
4.277846524798107453e+00 -9.080564178326210045e-02 -2.267457344217413753e-02 2.194949531065740547e-02 9.269047319810232166e-02
4.280989689033814827e+00 -9.076600727383012102e-02 -2.273684850352596792e-02 2.200982023130765991e-02 9.265267704799200199e-02
4.284132853269523089e+00 -9.072632403705739590e-02 -2.279911978153980126e-02 2.207014184002163010e-02 9.261482098210556402e-02
4.287276017505230463e+00 -9.068659221304195550e-02 -2.286138726484441414e-02 2.213046012687789471e-02 9.257690518480292396e-02
4.290419181740937837e+00 -9.064681194127020836e-02 -2.292365094206058954e-02 2.219077508194823925e-02 9.253892983957688612e-02
4.293562345976646100e+00 -9.060698336062084080e-02 -2.298591080180087745e-02 2.225108669529777400e-02 9.250089512905906863e-02
4.296705510212353474e+00 -9.056710660936849455e-02 -2.304816683266967814e-02 2.231139495698454198e-02 9.246280123502541304e-02
4.299848674448060848e+00 -9.052718182518734724e-02 -2.311041902326323172e-02 2.237169985705990058e-02 9.242464833840177696e-02
4.302991838683768222e+00 -9.048720914515494262e-02 -2.317266736216959389e-02 2.243200138556824402e-02 9.238643661926952688e-02
4.306135002919476484e+00 -9.044718870575546577e-02 -2.323491183796851794e-02 2.249229953254707967e-02 9.234816625687106151e-02
4.309278167155183858e+00 -9.040712064288387861e-02 -2.329715243923152421e-02 2.255259428802693436e-02 9.230983742961519634e-02
4.312421331390891233e+00 -9.036700509184888985e-02 -2.335938915452182366e-02 2.261288564203145848e-02 9.227145031508261763e-02
4.315564495626599495e+00 -9.032684218737691006e-02 -2.342162197239438387e-02 2.267317358457729415e-02 9.223300509003126701e-02
4.318707659862306869e+00 -9.028663206361536853e-02 -2.348385088139563412e-02 2.273345810567402661e-02 9.219450193040160113e-02
4.321850824098014243e+00 -9.024637485413623816e-02 -2.354607587006378455e-02 2.279373919532427101e-02 9.215594101132193461e-02
4.324993988333722506e+00 -9.020607069193953276e-02 -2.360829692692862150e-02 2.285401684352361337e-02 9.211732250711364423e-02
4.328137152569429880e+00 -9.016571970945663761e-02 -2.367051404051141381e-02 2.291429104026045105e-02 9.207864659129640084e-02
4.331280316805137254e+00 -9.012532203855380675e-02 -2.373272719932498914e-02 2.297456177551623902e-02 9.203991343659322089e-02
4.334423481040845516e+00 -9.008487781053549359e-02 -2.379493639187375137e-02 2.303482903926524009e-02 9.200112321493565670e-02
4.337566645276552890e+00 -9.004438715614770938e-02 -2.385714160665349665e-02 2.309509282147450410e-02 9.196227609746887577e-02
4.340709809512260264e+00 -9.000385020558135385e-02 -2.391934283215151405e-02 2.315535311210402750e-02 9.192337225455662897e-02
4.343852973747967638e+00 -8.996326708847547649e-02 -2.398154005684652659e-02 2.321560990110654518e-02 9.188441185578623271e-02
4.346996137983675901e+00 -8.992263793392059334e-02 -2.404373326920860102e-02 2.327586317842763111e-02 9.184539506997355107e-02
4.350139302219383275e+00 -8.988196287046193445e-02 -2.410592245769918249e-02 2.333611293400554912e-02 9.180632206516788074e-02
4.353282466455090649e+00 -8.984124202610267729e-02 -2.416810761077106684e-02 2.339635915777133965e-02 9.176719300865683604e-02
4.356425630690798911e+00 -8.980047552830712487e-02 -2.423028871686838323e-02 2.345660183964878853e-02 9.172800806697108122e-02
4.359568794926506285e+00 -8.975966350400380045e-02 -2.429246576442643801e-02 2.351684096955431250e-02 9.168876740588925711e-02
4.362711959162213660e+00 -8.971880607958883369e-02 -2.435463874187190556e-02 2.357707653739701120e-02 9.164947119044260238e-02
4.365855123397921922e+00 -8.967790338092879177e-02 -2.441680763762260620e-02 2.363730853307863602e-02 9.161011958491971363e-02
4.368998287633629296e+00 -8.963695553336403776e-02 -2.447897244008754788e-02 2.369753694649354495e-02 9.157071275287125001e-02
4.372141451869336670e+00 -8.959596266171171441e-02 -2.454113313766695045e-02 2.375776176752870603e-02 9.153125085711448505e-02
4.375284616105044933e+00 -8.955492489026868619e-02 -2.460328971875213808e-02 2.381798298606366965e-02 9.149173405973794193e-02
4.378427780340752307e+00 -8.951384234281484220e-02 -2.466544217172550804e-02 2.387820059197045749e-02 9.145216252210598695e-02
4.381570944576459681e+00 -8.947271514261584402e-02 -2.472759048496056891e-02 2.393841457511368051e-02 9.141253640486329823e-02
4.384714108812167055e+00 -8.943154341242627592e-02 -2.478973464682185726e-02 2.399862492535041747e-02 9.137285586793933434e-02
4.387857273047875317e+00 -8.939032727449251758e-02 -2.485187464566498278e-02 2.405883163253025661e-02 9.133312107055287232e-02
4.391000437283582691e+00 -8.934906685055581110e-02 -2.491401046983643050e-02 2.411903468649516033e-02 9.129333217121637922e-02
4.394143601519290065e+00 -8.930776226185510591e-02 -2.497614210767368573e-02 2.417923407707959702e-02 9.125348932774030031e-02
4.397286765754998328e+00 -8.926641362912990374e-02 -2.503826954750526870e-02 2.423942979411039186e-02 9.121359269723758323e-02
4.400429929990705702e+00 -8.922502107262327009e-02 -2.510039277765041890e-02 2.429962182740668525e-02 9.117364243612782748e-02
4.403573094226413076e+00 -8.918358471208467919e-02 -2.516251178641935177e-02 2.435981016678012007e-02 9.113363870014166979e-02
4.406716258462121338e+00 -8.914210466677265077e-02 -2.522462656211314075e-02 2.441999480203451561e-02 9.109358164432491967e-02
4.409859422697828713e+00 -8.910058105545791418e-02 -2.528673709302357506e-02 2.448017572296604452e-02 9.105347142304293095e-02
4.413002586933536087e+00 -8.905901399642592031e-02 -2.534884336743328456e-02 2.454035291936318766e-02 9.101330818998459860e-02
4.416145751169244349e+00 -8.901740360747970038e-02 -2.541094537361568081e-02 2.460052638100665087e-02 9.097309209816659137e-02
4.419288915404951723e+00 -8.897575000594275252e-02 -2.547304309983478704e-02 2.466069609766931986e-02 9.093282329993751523e-02
4.422432079640659097e+00 -8.893405330866156755e-02 -2.553513653434544284e-02 2.472086205911635387e-02 9.089250194698188234e-02
4.425575243876366471e+00 -8.889231363200846003e-02 -2.559722566539302316e-02 2.478102425510505732e-02 9.085212819032424669e-02
4.428718408112074734e+00 -8.885053109188428833e-02 -2.565931048121367769e-02 2.484118267538492492e-02 9.081170218033313146e-02
4.431861572347782108e+00 -8.880870580372116074e-02 -2.572139097003398739e-02 2.490133730969747508e-02 9.077122406672510913e-02
4.435004736583489482e+00 -8.876683788248487805e-02 -2.578346712007125244e-02 2.496148814777641653e-02 9.073069399856875661e-02
4.438147900819197744e+00 -8.872492744267788944e-02 -2.584553891953323204e-02 2.502163517934753376e-02 9.069011212428843005e-02
4.441291065054905118e+00 -8.868297459834163787e-02 -2.590760635661819994e-02 2.508177839412862806e-02 9.064947859166838651e-02
4.444434229290612492e+00 -8.864097946305934950e-02 -2.596966941951491664e-02 2.514191778182953141e-02 9.060879354785641993e-02
4.447577393526320755e+00 -8.859894214995851780e-02 -2.603172809640261209e-02 2.520205333215211341e-02 9.056805713936784408e-02
4.450720557762028129e+00 -8.855686277171352649e-02 -2.609378237545089199e-02 2.526218503479015984e-02 9.052726951208930894e-02
4.453863721997735503e+00 -8.851474144054809201e-02 -2.615583224481977942e-02 2.532231287942943165e-02 9.048643081128245058e-02
4.457006886233443765e+00 -8.847257826823791416e-02 -2.621787769265966628e-02 2.538243685574765110e-02 9.044554118158769362e-02
4.460150050469151140e+00 -8.843037336611320187e-02 -2.627991870711123695e-02 2.544255695341441151e-02 9.040460076702806769e-02
4.463293214704858514e+00 -8.838812684506096307e-02 -2.634195527630547873e-02 2.550267316209115648e-02 9.036360971101276007e-02
4.466436378940565888e+00 -8.834583881552769691e-02 -2.640398738836366443e-02 2.556278547143120070e-02 9.032256815634079339e-02
4.469579543176274150e+00 -8.830350938752173917e-02 -2.646601503139729694e-02 2.562289387107971952e-02 9.028147624520474479e-02
4.472722707411981524e+00 -8.826113867061580187e-02 -2.652803819350805711e-02 2.568299835067361717e-02 9.024033411919432646e-02
4.475865871647688898e+00 -8.821872677394920759e-02 -2.659005686278780728e-02 2.574309889984161340e-02 9.019914191929985503e-02
4.479009035883397161e+00 -8.817627380623049849e-02 -2.665207102731860164e-02 2.580319550820417071e-02 9.015789978591594311e-02
4.482152200119104535e+00 -8.813377987573968453e-02 -2.671408067517249546e-02 2.586328816537344227e-02 9.011660785884496871e-02
4.485295364354811909e+00 -8.809124509033071371e-02 -2.677608579441170811e-02 2.592337686095331356e-02 9.007526627730055857e-02
4.488438528590520171e+00 -8.804866955743373413e-02 -2.683808637308853981e-02 2.598346158453934684e-02 9.003387517991104372e-02
4.491581692826227545e+00 -8.800605338405753653e-02 -2.690008239924518776e-02 2.604354232571868752e-02 8.999243470472301221e-02
4.494724857061934919e+00 -8.796339667679166363e-02 -2.696207386091390573e-02 2.610361907407015430e-02 8.995094498920454262e-02
4.497868021297643182e+00 -8.792069954180904701e-02 -2.702406074611694159e-02 2.616369181916415251e-02 8.990940617024875681e-02
4.501011185533350556e+00 -8.787796208486801930e-02 -2.708604304286640896e-02 2.622376055056259772e-02 8.986781838417717827e-02
4.504154349769057930e+00 -8.783518441131468735e-02 -2.714802073916429762e-02 2.628382525781903720e-02 8.982618176674297961e-02
4.507297514004765304e+00 -8.779236662608520814e-02 -2.720999382300250818e-02 2.634388593047844521e-02 8.978449645313435479e-02
4.510440678240473567e+00 -8.774950883370793986e-02 -2.727196228236274111e-02 2.640394255807734791e-02 8.974276257797782208e-02
4.513583842476180941e+00 -8.770661113830581501e-02 -2.733392610521648280e-02 2.646399513014367072e-02 8.970098027534151308e-02
4.516727006711888315e+00 -8.766367364359839431e-02 -2.739588527952503336e-02 2.652404363619681460e-02 8.965914967873835073e-02
4.519870170947596577e+00 -8.762069645290418429e-02 -2.745783979323937821e-02 2.658408806574763181e-02 8.961727092112931059e-02
4.523013335183303951e+00 -8.757767966914273283e-02 -2.751978963430018466e-02 2.664412840829819690e-02 8.957534413492662662e-02
4.526156499419011325e+00 -8.753462339483682186e-02 -2.758173479063787126e-02 2.670416465334214326e-02 8.953336945199696917e-02
4.529299663654719588e+00 -8.749152773211461842e-02 -2.764367525017242394e-02 2.676419679036429189e-02 8.949134700366451201e-02
4.532442827890426962e+00 -8.744839278271188121e-02 -2.770561100081343417e-02 2.682422480884080404e-02 8.944927692071423520e-02
4.535585992126134336e+00 -8.740521864797390350e-02 -2.776754203046009895e-02 2.688424869823914307e-02 8.940715933339481170e-02
4.538729156361841710e+00 -8.736200542885777520e-02 -2.782946832700114795e-02 2.694426844801800502e-02 8.936499437142186864e-02
4.541872320597549972e+00 -8.731875322593439515e-02 -2.789138987831484701e-02 2.700428404762729787e-02 8.932278216398091553e-02
4.545015484833257347e+00 -8.727546213939063602e-02 -2.795330667226884197e-02 2.706429548650811368e-02 8.928052283973050840e-02
4.548158649068964721e+00 -8.723213226903125950e-02 -2.801521869672031137e-02 2.712430275409273214e-02 8.923821652680512251e-02
4.551301813304672983e+00 -8.718876371428110894e-02 -2.807712593951584151e-02 2.718430583980461362e-02 8.919586335281826095e-02
4.554444977540380357e+00 -8.714535657418706616e-02 -2.813902838849135016e-02 2.724430473305824302e-02 8.915346344486536900e-02
4.557588141776087731e+00 -8.710191094742007756e-02 -2.820092603147210733e-02 2.730429942325926160e-02 8.911101692952680398e-02
4.560731306011795994e+00 -8.705842693227716644e-02 -2.826281885627279430e-02 2.736428989980436641e-02 8.906852393287070790e-02
4.563874470247503368e+00 -8.701490462668345915e-02 -2.832470685069720523e-02 2.742427615208125474e-02 8.902598458045601904e-02
4.567017634483210742e+00 -8.697134412819410021e-02 -2.838659000253852122e-02 2.748425816946865538e-02 8.898339899733524738e-02
4.570160798718919004e+00 -8.692774553399627846e-02 -2.844846829957907788e-02 2.754423594133628000e-02 8.894076730805740294e-02
4.573303962954626378e+00 -8.688410894091112835e-02 -2.851034172959039659e-02 2.760420945704476076e-02 8.889808963667082675e-02
4.576447127190333752e+00 -8.684043444539571444e-02 -2.857221028033315319e-02 2.766417870594569187e-02 8.885536610672602198e-02
4.579590291426041126e+00 -8.679672214354491877e-02 -2.863407393955716765e-02 2.772414367738157068e-02 8.881259684127841558e-02
4.582733455661749389e+00 -8.675297213109338379e-02 -2.869593269500128260e-02 2.778410436068572131e-02 8.876978196289116163e-02
4.585876619897456763e+00 -8.670918450341739969e-02 -2.875778653439344662e-02 2.784406074518235366e-02 8.872692159363800013e-02
4.589019784133164137e+00 -8.666535935553681957e-02 -2.881963544545057890e-02 2.790401282018643847e-02 8.868401585510579666e-02
4.592162948368872399e+00 -8.662149678211682191e-02 -2.888147941587865253e-02 2.796396057500380450e-02 8.864106486839742893e-02
4.595306112604579774e+00 -8.657759687746995059e-02 -2.894331843337250021e-02 2.802390399893097198e-02 8.859806875413449301e-02
4.598449276840287148e+00 -8.653365973555782187e-02 -2.900515248561590792e-02 2.808384308125523587e-02 8.855502763245985676e-02
4.601592441075995410e+00 -8.648968544999301178e-02 -2.906698156028157329e-02 2.814377781125462080e-02 8.851194162304044932e-02
4.604735605311702784e+00 -8.644567411404091573e-02 -2.912880564503102232e-02 2.820370817819774223e-02 8.846881084506988402e-02
4.607878769547410158e+00 -8.640162582062149710e-02 -2.919062472751459206e-02 2.826363417134393138e-02 8.842563541727102572e-02
4.611021933783118421e+00 -8.635754066231110526e-02 -2.925243879537139588e-02 2.832355577994314852e-02 8.838241545789865539e-02
4.614165098018825795e+00 -8.631341873134432130e-02 -2.931424783622927493e-02 2.838347299323587883e-02 8.833915108474209299e-02
4.617308262254533169e+00 -8.626926011961563723e-02 -2.937605183770485712e-02 2.844338580045324000e-02 8.829584241512762610e-02
4.620451426490240543e+00 -8.622506491868132950e-02 -2.943785078740335931e-02 2.850329419081685731e-02 8.825248956592127159e-02
4.623594590725948805e+00 -8.618083321976109656e-02 -2.949964467291875392e-02 2.856319815353888097e-02 8.820909265353112094e-02
4.626737754961656179e+00 -8.613656511373993241e-02 -2.956143348183346356e-02 2.862309767782189943e-02 8.816565179391003260e-02
4.629880919197363554e+00 -8.609226069116972246e-02 -2.962321720171864556e-02 2.868299275285900868e-02 8.812216710255793561e-02
4.633024083433071816e+00 -8.604792004227103386e-02 -2.968499582013396296e-02 2.874288336783368397e-02 8.807863869452448036e-02
4.636167247668779190e+00 -8.600354325693489177e-02 -2.974676932462750820e-02 2.880276951191983875e-02 8.803506668441146710e-02
4.639310411904486564e+00 -8.595913042472427823e-02 -2.980853770273587944e-02 2.886265117428167895e-02 8.799145118637521912e-02
4.642453576140194826e+00 -8.591468163487603338e-02 -2.987030094198422220e-02 2.892252834407386952e-02 8.794779231412909459e-02
4.645596740375902201e+00 -8.587019697630240977e-02 -2.993205902988590669e-02 2.898240101044126035e-02 8.790409018094588744e-02
4.648739904611609575e+00 -8.582567653759275161e-02 -2.999381195394287131e-02 2.904226916251902851e-02 8.786034489966018657e-02
4.651883068847317837e+00 -8.578112040701516006e-02 -3.005555970164521667e-02 2.910213278943267132e-02 8.781655658267079057e-02
4.655026233083025211e+00 -8.573652867251813081e-02 -3.011730226047140344e-02 2.916199188029776693e-02 8.777272534194306697e-02
4.658169397318732585e+00 -8.569190142173220559e-02 -3.017903961788820019e-02 2.922184642422024498e-02 8.772885128901133922e-02
4.661312561554439959e+00 -8.564723874197156805e-02 -3.024077176135055861e-02 2.928169641029607778e-02 8.768493453498113488e-02
4.664455725790148222e+00 -8.560254072023563976e-02 -3.030249867830167587e-02 2.934154182761145035e-02 8.764097519053154484e-02
4.667598890025855596e+00 -8.555780744321073161e-02 -3.036422035617284548e-02 2.940138266524261815e-02 8.759697336591755479e-02
4.670742054261562970e+00 -8.551303899727157043e-02 -3.042593678238351973e-02 2.946121891225591746e-02 8.755292917097230732e-02
4.673885218497271232e+00 -8.546823546848289488e-02 -3.048764794434124376e-02 2.952105055770776545e-02 8.750884271510932233e-02
4.677028382732978606e+00 -8.542339694260112082e-02 -3.054935382944158270e-02 2.958087759064454564e-02 8.746471410732484242e-02
4.680171546968685981e+00 -8.537852350507575683e-02 -3.061105442506818416e-02 2.964070000010269115e-02 8.742054345620001166e-02
4.683314711204394243e+00 -8.533361524105097240e-02 -3.067274971859266716e-02 2.970051777510856680e-02 8.737633086990305442e-02
4.686457875440101617e+00 -8.528867223536727715e-02 -3.073443969737452500e-02 2.976033090467843090e-02 8.733207645619163462e-02
4.689601039675808991e+00 -8.524369457256289473e-02 -3.079612434876123975e-02 2.982013937781853585e-02 8.728778032241489571e-02
4.692744203911517253e+00 -8.519868233687528936e-02 -3.085780366008815043e-02 2.987994318352496168e-02 8.724344257551566728e-02
4.695887368147224628e+00 -8.515363561224284505e-02 -3.091947761867842523e-02 2.993974231078358819e-02 8.719906332203271326e-02
4.699030532382932002e+00 -8.510855448230612852e-02 -3.098114621184303377e-02 2.999953674857019220e-02 8.715464266810279970e-02
4.702173696618639376e+00 -8.506343903040954058e-02 -3.104280942688072281e-02 3.005932648585026012e-02 8.711018071946284580e-02
4.705316860854347638e+00 -8.501828933960277335e-02 -3.110446725107801971e-02 3.011911151157908861e-02 8.706567758145203340e-02
4.708460025090055012e+00 -8.497310549264222579e-02 -3.116611967170906591e-02 3.017889181470166660e-02 8.702113335901395796e-02
4.711603189325762386e+00 -8.492788757199250249e-02 -3.122776667603569672e-02 3.023866738415269609e-02 8.697654815669869643e-02
4.714746353561470649e+00 -8.488263565982787084e-02 -3.128940825130741704e-02 3.029843820885656444e-02 8.693192207866483334e-02
4.717889517797178023e+00 -8.483734983803369045e-02 -3.135104438476122440e-02 3.035820427772719862e-02 8.688725522868158413e-02
4.721032682032885397e+00 -8.479203018820785642e-02 -3.141267506362172696e-02 3.041796557966826298e-02 8.684254771013086294e-02
4.724175846268593659e+00 -8.474667679166218714e-02 -3.147430027510107753e-02 3.047772210357290942e-02 8.679779962600918386e-02
4.727319010504301033e+00 -8.470128972942395085e-02 -3.153592000639882792e-02 3.053747383832384685e-02 8.675301107892989527e-02
4.730462174740008408e+00 -8.465586908223712848e-02 -3.159753424470206074e-02 3.059722077279333069e-02 8.670818217112501169e-02
4.733605338975716670e+00 -8.461041493056388474e-02 -3.165914297718520204e-02 3.065696289584308315e-02 8.666331300444726771e-02
4.736748503211424044e+00 -8.456492735458598364e-02 -3.172074619101002829e-02 3.071670019632425849e-02 8.661840368037213023e-02
4.739891667447131418e+00 -8.451940643420613464e-02 -3.178234387332569411e-02 3.077643266307744652e-02 8.657345429999969977e-02
4.743034831682838792e+00 -8.447385224904931100e-02 -3.184393601126865592e-02 3.083616028493267602e-02 8.652846496405673660e-02
4.746177995918547055e+00 -8.442826487846424866e-02 -3.190552259196256790e-02 3.089588305070925869e-02 8.648343577289853423e-02
4.749321160154254429e+00 -8.438264440152468127e-02 -3.196710360251836525e-02 3.095560094921588276e-02 8.643836682651090397e-02
4.752464324389961803e+00 -8.433699089703072804e-02 -3.202867903003412536e-02 3.101531396925054709e-02 8.639325822451210390e-02
4.755607488625670065e+00 -8.429130444351022600e-02 -3.209024886159506096e-02 3.107502209960051262e-02 8.634811006615462914e-02
4.758750652861377439e+00 -8.424558511922013160e-02 -3.215181308427356166e-02 3.113472532904221560e-02 8.630292245032727960e-02
4.761893817097084813e+00 -8.419983300214767263e-02 -3.221337168512895810e-02 3.119442364634139944e-02 8.625769547555686700e-02
4.765036981332793076e+00 -8.415404817001186089e-02 -3.227492465120777865e-02 3.125411704025294474e-02 8.621242924001018548e-02
4.768180145568500450e+00 -8.410823070026463011e-02 -3.233647196954338165e-02 3.131380549952084147e-02 8.616712384149587123e-02
4.771323309804207824e+00 -8.406238067009227932e-02 -3.239801362715618444e-02 3.137348901287826536e-02 8.612177937746615108e-02
4.774466474039916086e+00 -8.401649815641658303e-02 -3.245954961105352449e-02 3.143316756904739745e-02 8.607639594501875768e-02
4.777609638275623460e+00 -8.397058323589631779e-02 -3.252107990822953459e-02 3.149284115673953860e-02 8.603097364089876131e-02
4.780752802511330835e+00 -8.392463598492828913e-02 -3.258260450566527466e-02 3.155250976465493601e-02 8.598551256150030464e-02
4.783895966747038209e+00 -8.387865647964871940e-02 -3.264412339032857213e-02 3.161217338148292200e-02 8.594001280286839295e-02
4.787039130982746471e+00 -8.383264479593452445e-02 -3.270563654917404278e-02 3.167183199590170584e-02 8.589447446070075376e-02
4.790182295218453845e+00 -8.378660100940450717e-02 -3.276714396914297278e-02 3.173148559657847090e-02 8.584889763034962706e-02
4.793325459454161219e+00 -8.374052519542064810e-02 -3.282864563716340195e-02 3.179113417216924281e-02 8.580328240682336127e-02
4.796468623689869482e+00 -8.369441742908925730e-02 -3.289014154014999192e-02 3.185077771131897273e-02 8.575762888478831447e-02
4.799611787925576856e+00 -8.364827778526232049e-02 -3.295163166500400531e-02 3.191041620266139855e-02 8.571193715857054751e-02
4.802754952161284230e+00 -8.360210633853862316e-02 -3.301311599861327800e-02 3.197004963481907963e-02 8.566620732215754486e-02
4.805898116396992492e+00 -8.355590316326499956e-02 -3.307459452785221216e-02 3.202967799640331348e-02 8.562043946919993542e-02
4.809041280632699866e+00 -8.350966833353754004e-02 -3.313606723958165828e-02 3.208930127601418436e-02 8.557463369301317180e-02
4.812184444868407240e+00 -8.346340192320278462e-02 -3.319753412064896381e-02 3.214891946224039676e-02 8.552879008657926496e-02
4.815327609104115503e+00 -8.341710400585887475e-02 -3.325899515788786204e-02 3.220853254365944884e-02 8.548290874254840799e-02
4.818470773339822877e+00 -8.337077465485685790e-02 -3.332045033811848606e-02 3.226814050883733409e-02 8.543698975324073852e-02
4.821613937575530251e+00 -8.332441394330167284e-02 -3.338189964814727850e-02 3.232774334632874946e-02 8.539103321064790697e-02
4.824757101811237625e+00 -8.327802194405352354e-02 -3.344334307476701934e-02 3.238734104467695663e-02 8.534503920643472796e-02
4.827900266046945887e+00 -8.323159872972885065e-02 -3.350478060475672176e-02 3.244693359241372643e-02 8.529900783194094283e-02
4.831043430282653262e+00 -8.318514437270166373e-02 -3.356621222488160444e-02 3.250652097805932506e-02 8.525293917818267675e-02
4.834186594518360636e+00 -8.313865894510454047e-02 -3.362763792189309847e-02 3.256610319012254867e-02 8.520683333585418739e-02
4.837329758754068898e+00 -8.309214251882983404e-02 -3.368905768252877103e-02 3.262568021710063326e-02 8.516069039532937757e-02
4.840472922989776272e+00 -8.304559516553082499e-02 -3.375047149351227682e-02 3.268525204747914359e-02 8.511451044666351606e-02
4.843616087225483646e+00 -8.299901695662284529e-02 -3.381187934155329561e-02 3.274481866973209809e-02 8.506829357959466709e-02
4.846759251461191909e+00 -8.295240796328427757e-02 -3.387328121334762243e-02 3.280438007232188563e-02 8.502203988354539721e-02
4.849902415696899283e+00 -8.290576825645791514e-02 -3.393467709557693168e-02 3.286393624369909200e-02 8.497574944762428806e-02
4.853045579932606657e+00 -8.285909790685183629e-02 -3.399606697490888119e-02 3.292348717230272198e-02 8.492942236062750450e-02
4.856188744168314919e+00 -8.281239698494059776e-02 -3.405745083799705669e-02 3.298303284655991485e-02 8.488305871104029343e-02
4.859331908404022293e+00 -8.276566556096634497e-02 -3.411882867148083309e-02 3.304257325488603458e-02 8.483665858703866303e-02
4.862475072639729667e+00 -8.271890370493986677e-02 -3.418020046198547157e-02 3.310210838568470454e-02 8.479022207649072884e-02
4.865618236875437042e+00 -8.267211148664165010e-02 -3.424156619612196695e-02 3.316163822734762012e-02 8.474374926695835142e-02
4.868761401111145304e+00 -8.262528897562310126e-02 -3.430292586048710318e-02 3.322116276825463899e-02 8.469724024569862120e-02
4.871904565346852678e+00 -8.257843624120737858e-02 -3.436427944166327297e-02 3.328068199677360756e-02 8.465069509966532957e-02
4.875047729582560052e+00 -8.253155335249066915e-02 -3.442562692621861653e-02 3.334019590126052063e-02 8.460411391551052318e-02
4.878190893818268314e+00 -8.248464037834311868e-02 -3.448696830070679953e-02 3.339970447005934789e-02 8.455749677958586397e-02
4.881334058053975689e+00 -8.243769738740988617e-02 -3.454830355166715883e-02 3.345920769150198537e-02 8.451084377794428060e-02
4.884477222289683063e+00 -8.239072444811228191e-02 -3.460963266562448043e-02 3.351870555390833867e-02 8.446415499634124524e-02
4.887620386525391325e+00 -8.234372162864871114e-02 -3.467095562908908968e-02 3.357819804558623278e-02 8.441743052023634175e-02
4.890763550761098699e+00 -8.229668899699572882e-02 -3.473227242855670555e-02 3.363768515483129412e-02 8.437067043479469508e-02
4.893906714996806073e+00 -8.224962662090910814e-02 -3.479358305050853778e-02 3.369716686992704074e-02 8.432387482488838681e-02
4.897049879232514336e+00 -8.220253456792472879e-02 -3.485488748141112036e-02 3.375664317914478518e-02 8.427704377509785683e-02
4.900193043468221710e+00 -8.215541290535979813e-02 -3.491618570771624214e-02 3.381611407074364140e-02 8.423017736971340208e-02
4.903336207703929084e+00 -8.210826170031365612e-02 -3.497747771586112026e-02 3.387557953297041374e-02 8.418327569273649502e-02
4.906479371939636458e+00 -8.206108101966892721e-02 -3.503876349226807407e-02 3.393503955405963168e-02 8.413633882788124074e-02
4.909622536175344720e+00 -8.201387093009238072e-02 -3.510004302334471249e-02 3.399449412223352202e-02 8.408936685857570925e-02
4.912765700411052094e+00 -8.196663149803605497e-02 -3.516131629548373272e-02 3.405394322570189786e-02 8.404235986796346203e-02
4.915908864646759469e+00 -8.191936278973811769e-02 -3.522258329506298274e-02 3.411338685266220028e-02 8.399531793890473164e-02
4.919052028882467731e+00 -8.187206487122397625e-02 -3.528384400844542662e-02 3.417282499129945667e-02 8.394824115397790665e-02
4.922195193118175105e+00 -8.182473780830706866e-02 -3.534509842197894325e-02 3.423225762978616277e-02 8.390112959548086391e-02
4.925338357353882479e+00 -8.177738166659005714e-02 -3.540634652199649290e-02 3.429168475628235208e-02 8.385398334543237020e-02
4.928481521589590741e+00 -8.172999651146557742e-02 -3.546758829481598541e-02 3.435110635893554726e-02 8.380680248557328960e-02
4.931624685825298116e+00 -8.168258240811732129e-02 -3.552882372674012745e-02 3.441052242588062832e-02 8.375958709736805452e-02
4.934767850061005490e+00 -8.163513942152098024e-02 -3.559005280405656141e-02 3.446993294523990198e-02 8.371233726200592862e-02
4.937911014296712864e+00 -8.158766761644509202e-02 -3.565127551303778203e-02 3.452933790512304618e-02 8.366505306040231127e-02
4.941054178532421126e+00 -8.154016705745208149e-02 -3.571249183994100462e-02 3.458873729362706845e-02 8.361773457320008374e-02
4.944197342768128500e+00 -8.149263780889921815e-02 -3.577370177100812343e-02 3.464813109883616710e-02 8.357038188077088592e-02
4.947340507003835874e+00 -8.144507993493936560e-02 -3.583490529246580875e-02 3.470751930882189085e-02 8.352299506321642086e-02
4.950483671239544137e+00 -8.139749349952209168e-02 -3.589610239052535429e-02 3.476690191164298616e-02 8.347557420036970377e-02
4.953626835475251511e+00 -8.134987856639459836e-02 -3.595729305138258697e-02 3.482627889534532784e-02 8.342811937179642201e-02
4.956769999710958885e+00 -8.130223519910238783e-02 -3.601847726121795712e-02 3.488565024796198150e-02 8.338063065679615637e-02
4.959913163946667147e+00 -8.125456346099044214e-02 -3.607965500619643440e-02 3.494501595751309253e-02 8.333310813440353293e-02
4.963056328182374521e+00 -8.120686341520402807e-02 -3.614082627246737595e-02 3.500437601200586529e-02 8.328555188338974957e-02
4.966199492418081896e+00 -8.115913512468955759e-02 -3.620199104616461661e-02 3.506373039943457698e-02 8.323796198226350584e-02
4.969342656653790158e+00 -8.111137865219548992e-02 -3.626314931340640646e-02 3.512307910778050130e-02 8.319033850927250173e-02
4.972485820889497532e+00 -8.106359406027326131e-02 -3.632430106029523043e-02 3.518242212501179744e-02 8.314268154240450626e-02
4.975628985125204906e+00 -8.101578141127810384e-02 -3.638544627291796091e-02 3.524175943908365582e-02 8.309499115938866198e-02
4.978772149360912280e+00 -8.096794076737005852e-02 -3.644658493734566351e-02 3.530109103793808989e-02 8.304726743769665076e-02
4.981915313596620543e+00 -8.092007219051459976e-02 -3.650771703963364562e-02 3.536041690950399857e-02 8.299951045454397047e-02
4.985058477832327917e+00 -8.087217574248378726e-02 -3.656884256582132453e-02 3.541973704169703446e-02 8.295172028689107302e-02
4.988201642068035291e+00 -8.082425148485687660e-02 -3.662996150193220668e-02 3.547905142241970788e-02 8.290389701144458556e-02
4.991344806303743553e+00 -8.077629947902136009e-02 -3.669107383397398475e-02 3.553836003956124812e-02 8.285604070465850401e-02
4.994487970539450927e+00 -8.072831978617374393e-02 -3.675217954793824626e-02 3.559766288099754789e-02 8.280815144273540040e-02
4.997631134775158301e+00 -8.068031246732039474e-02 -3.681327862980061233e-02 3.565695993459123275e-02 8.276022930162750535e-02
5.000774299010866564e+00 -8.063227758327830286e-02 -3.687437106552066135e-02 3.571625118819153621e-02 8.271227435703795705e-02
5.003917463246573938e+00 -8.058421519467610927e-02 -3.693545684104181104e-02 3.577553662963423031e-02 8.266428668442198091e-02
5.007060627482281312e+00 -8.053612536195484117e-02 -3.699653594229130454e-02 3.583481624674171584e-02 8.261626635898795812e-02
5.010203791717989574e+00 -8.048800814536861969e-02 -3.705760835518026597e-02 3.589409002732292520e-02 8.256821345569863302e-02
5.013346955953696948e+00 -8.043986360498570076e-02 -3.711867406560347138e-02 3.595335795917316973e-02 8.252012804927226497e-02
5.016490120189404323e+00 -8.039169180068914122e-02 -3.717973305943946677e-02 3.601262003007432710e-02 8.247201021418366917e-02
5.019633284425111697e+00 -8.034349279217765927e-02 -3.724078532255042928e-02 3.607187622779459146e-02 8.242386002466547956e-02
5.022776448660819959e+00 -8.029526663896643934e-02 -3.730183084078218109e-02 3.613112654008862612e-02 8.237567755470913411e-02
5.025919612896527333e+00 -8.024701340038803421e-02 -3.736286959996403673e-02 3.619037095469728599e-02 8.232746287806609609e-02
5.029062777132234707e+00 -8.019873313559294781e-02 -3.742390158590889332e-02 3.624960945934785350e-02 8.227921606824893652e-02
5.032205941367942970e+00 -8.015042590355059282e-02 -3.748492678441311260e-02 3.630884204175380964e-02 8.223093719853233341e-02
5.035349105603650344e+00 -8.010209176305010947e-02 -3.754594518125645153e-02 3.636806868961482003e-02 8.218262634195433458e-02
5.038492269839357718e+00 -8.005373077270107329e-02 -3.760695676220207617e-02 3.642728939061679050e-02 8.213428357131731528e-02
5.041635434075065980e+00 -8.000534299093418900e-02 -3.766796151299654088e-02 3.648650413243176294e-02 8.208590895918910224e-02
5.044778598310773354e+00 -7.995692847600234521e-02 -3.772895941936953157e-02 3.654571290271784595e-02 8.203750257790405620e-02
5.047921762546480728e+00 -7.990848728598114181e-02 -3.778995046703410160e-02 3.660491568911920790e-02 8.198906449956414044e-02
5.051064926782188991e+00 -7.986001947876969487e-02 -3.785093464168648447e-02 3.666411247926613243e-02 8.194059479603994778e-02
5.054208091017896365e+00 -7.981152511209155254e-02 -3.791191192900603135e-02 3.672330326077474782e-02 8.189209353897183852e-02
5.057351255253603739e+00 -7.976300424349527796e-02 -3.797288231465515557e-02 3.678248802124725603e-02 8.184356079977089804e-02
5.060494419489311113e+00 -7.971445693035530966e-02 -3.803384578427938117e-02 3.684166674827173832e-02 8.179499664962001926e-02
5.063637583725019375e+00 -7.966588322987264159e-02 -3.809480232350723194e-02 3.690083942942209982e-02 8.174640115947492958e-02
5.066780747960726750e+00 -7.961728319907569740e-02 -3.815575191795016197e-02 3.696000605225811114e-02 8.169777440006527336e-02
5.069923912196434124e+00 -7.956865689482099657e-02 -3.821669455320252096e-02 3.701916660432534589e-02 8.164911644189562501e-02
5.073067076432142386e+00 -7.952000437379370956e-02 -3.827763021484156120e-02 3.707832107315512521e-02 8.160042735524636326e-02
5.076210240667849760e+00 -7.947132569250886514e-02 -3.833855888842729182e-02 3.713746944626447610e-02 8.155170721017494795e-02
5.079353404903557134e+00 -7.942262090731164181e-02 -3.839948055950252043e-02 3.719661171115606901e-02 8.150295607651672491e-02
5.082496569139265397e+00 -7.937389007437822830e-02 -3.846039521359276292e-02 3.725574785531832883e-02 8.145417402388593908e-02
5.085639733374972771e+00 -7.932513324971664226e-02 -3.852130283620620183e-02 3.731487786622510877e-02 8.140536112167690019e-02
5.088782897610680145e+00 -7.927635048916739646e-02 -3.858220341283359611e-02 3.737400173133594711e-02 8.135651743906474609e-02
5.091926061846388407e+00 -7.922754184840412328e-02 -3.864309692894839915e-02 3.743311943809585207e-02 8.130764304500659456e-02
5.095069226082095781e+00 -7.917870738293446287e-02 -3.870398337000639788e-02 3.749223097393528797e-02 8.125873800824250093e-02
5.098212390317803155e+00 -7.912984714810054887e-02 -3.876486272144600426e-02 3.755133632627019602e-02 8.120980239729631844e-02
5.101355554553510530e+00 -7.908096119908004928e-02 -3.882573496868794993e-02 3.761043548250191104e-02 8.116083628047682241e-02
5.104498718789218792e+00 -7.903204959088641623e-02 -3.888660009713544585e-02 3.766952843001709211e-02 8.111183972587852897e-02
5.107641883024926166e+00 -7.898311237837006560e-02 -3.894745809217388388e-02 3.772861515618773642e-02 8.106281280138280532e-02
5.110785047260633540e+00 -7.893414961621866843e-02 -3.900830893917103803e-02 3.778769564837108907e-02 8.101375557465870236e-02
5.113928211496341802e+00 -7.888516135895808079e-02 -3.906915262347692569e-02 3.784676989390969165e-02 8.096466811316389844e-02
5.117071375732049177e+00 -7.883614766095295434e-02 -3.912998913042359944e-02 3.790583788013122263e-02 8.091555048414576790e-02
5.120214539967756551e+00 -7.878710857640740250e-02 -3.919081844532535525e-02 3.796489959434851125e-02 8.086640275464215821e-02
5.123357704203464813e+00 -7.873804415936573597e-02 -3.925164055347855202e-02 3.802395502385956527e-02 8.081722499148245864e-02
5.126500868439172187e+00 -7.868895446371307334e-02 -3.931245544016151450e-02 3.808300415594738364e-02 8.076801726128840508e-02
5.129644032674879561e+00 -7.863983954317606273e-02 -3.937326309063458180e-02 3.814204697788003279e-02 8.071877963047509319e-02
5.132787196910587824e+00 -7.859069945132352020e-02 -3.943406349014003803e-02 3.820108347691059114e-02 8.066951216525185264e-02
5.135930361146295198e+00 -7.854153424156712360e-02 -3.949485662390195273e-02 3.826011364027703116e-02 8.062021493162317698e-02
5.139073525382002572e+00 -7.849234396716206486e-02 -3.955564247712630571e-02 3.831913745520226788e-02 8.057088799538958401e-02
5.142216689617709946e+00 -7.844312868120764670e-02 -3.961642103500081363e-02 3.837815490889408265e-02 8.052153142214858728e-02
5.145359853853418208e+00 -7.839388843664803208e-02 -3.967719228269494386e-02 3.843716598854509531e-02 8.047214527729551481e-02
5.148503018089125582e+00 -7.834462328627286865e-02 -3.973795620535972711e-02 3.849617068133265319e-02 8.042272962602445285e-02
5.151646182324832957e+00 -7.829533328271791326e-02 -3.979871278812791013e-02 3.855516897441885193e-02 8.037328453332914791e-02
5.154789346560541219e+00 -7.824601847846568425e-02 -3.985946201611383077e-02 3.861416085495058409e-02 8.032381006400378387e-02
5.157932510796248593e+00 -7.819667892584607205e-02 -3.992020387441319595e-02 3.867314631005926845e-02 8.027430628264400903e-02
5.161075675031955967e+00 -7.814731467703701917e-02 -3.998093834810336616e-02 3.873212532686098192e-02 8.022477325364767153e-02
5.164218839267664229e+00 -7.809792578406514474e-02 -4.004166542224295300e-02 3.879109789245641787e-02 8.017521104121570763e-02
5.167362003503371604e+00 -7.804851229880643837e-02 -4.010238508187194406e-02 3.885006399393074045e-02 8.012561970935315470e-02
5.170505167739078978e+00 -7.799907427298673201e-02 -4.016309731201179317e-02 3.890902361835364698e-02 8.007599932186974800e-02
5.173648331974787240e+00 -7.794961175818242161e-02 -4.022380209766500403e-02 3.896797675277925005e-02 8.002634994238096156e-02
5.176791496210494614e+00 -7.790012480582111931e-02 -4.028449942381536614e-02 3.902692338424603585e-02 7.997667163430886850e-02
5.179934660446201988e+00 -7.785061346718223640e-02 -4.034518927542780908e-02 3.908586349977691277e-02 7.992696446088282114e-02
5.183077824681909362e+00 -7.780107779339755225e-02 -4.040587163744843724e-02 3.914479708637905175e-02 7.987722848514045015e-02
5.186220988917617625e+00 -7.775151783545186657e-02 -4.046654649480429383e-02 3.920372413104396964e-02 7.982746376992838622e-02
5.189364153153324999e+00 -7.770193364418367943e-02 -4.052721383240339564e-02 3.926264462074731398e-02 7.977767037790316207e-02
5.192507317389032373e+00 -7.765232527028557985e-02 -4.058787363513477464e-02 3.932155854244897414e-02 7.972784837153200355e-02
5.195650481624740635e+00 -7.760269276430516172e-02 -4.064852588786840859e-02 3.938046588309299101e-02 7.967799781309363449e-02
5.198793645860448009e+00 -7.755303617664532911e-02 -4.070917057545487411e-02 3.943936662960745992e-02 7.962811876467916494e-02
5.201936810096155384e+00 -7.750335555756505956e-02 -4.076980768272572830e-02 3.949826076890458615e-02 7.957821128819278500e-02
5.205079974331863646e+00 -7.745365095717991755e-02 -4.083043719449324510e-02 3.955714828788055998e-02 7.952827544535265303e-02
5.208223138567571020e+00 -7.740392242546272061e-02 -4.089105909555020707e-02 3.961602917341552205e-02 7.947831129769168668e-02
5.211366302803278394e+00 -7.735417001224402511e-02 -4.095167337067017604e-02 3.967490341237355639e-02 7.942831890655832616e-02
5.214509467038986656e+00 -7.730439376721279232e-02 -4.101228000460720863e-02 3.973377099160264186e-02 7.937829833311738081e-02
5.217652631274694031e+00 -7.725459373991697132e-02 -4.107287898209587701e-02 3.979263189793456196e-02 7.932824963835076459e-02
5.220795795510401405e+00 -7.720476997976402633e-02 -4.113347028785117876e-02 3.985148611818490477e-02 7.927817288305830101e-02
5.223938959746108779e+00 -7.715492253602146411e-02 -4.119405390656854377e-02 3.991033363915300752e-02 7.922806812785851416e-02
5.227082123981817041e+00 -7.710505145781754166e-02 -4.125462982292375791e-02 3.996917444762193572e-02 7.917793543318937810e-02
5.230225288217524415e+00 -7.705515679414176589e-02 -4.131519802157285204e-02 4.002800853035832357e-02 7.912777485930912180e-02
5.233368452453231789e+00 -7.700523859384537928e-02 -4.137575848715207422e-02 4.008683587411254051e-02 7.907758646629697852e-02
5.236511616688940052e+00 -7.695529690564206771e-02 -4.143631120427792441e-02 4.014565646561844142e-02 7.902737031405392132e-02
5.239654780924647426e+00 -7.690533177810845999e-02 -4.149685615754698104e-02 4.020447029159341518e-02 7.897712646230346800e-02
5.242797945160354800e+00 -7.685534325968458591e-02 -4.155739333153586623e-02 4.026327733873832915e-02 7.892685497059244437e-02
5.245941109396063062e+00 -7.680533139867461168e-02 -4.161792271080127364e-02 4.032207759373753614e-02 7.887655589829165037e-02
5.249084273631770436e+00 -7.675529624324727018e-02 -4.167844427987978106e-02 4.038087104325868010e-02 7.882622930459669275e-02
5.252227437867477811e+00 -7.670523784143637447e-02 -4.173895802328793370e-02 4.043965767395282795e-02 7.877587524852873446e-02
5.255370602103186073e+00 -7.665515624114151161e-02 -4.179946392552205681e-02 4.049843747245431697e-02 7.872549378893509142e-02
5.258513766338893447e+00 -7.660505149012843129e-02 -4.185996197105831124e-02 4.055721042538068533e-02 7.867508498449021781e-02
5.261656930574600821e+00 -7.655492363602969808e-02 -4.192045214435251299e-02 4.061597651933276931e-02 7.862464889369619181e-02
5.264800094810308195e+00 -7.650477272634513548e-02 -4.198093442984028589e-02 4.067473574089448124e-02 7.857418557488354827e-02
5.267943259046016458e+00 -7.645459880844242273e-02 -4.204140881193674933e-02 4.073348807663292048e-02 7.852369508621204197e-02
5.271086423281723832e+00 -7.640440192955763599e-02 -4.210187527503660848e-02 4.079223351309814449e-02 7.847317748567129991e-02
5.274229587517431206e+00 -7.635418213679572019e-02 -4.216233380351411264e-02 4.085097203682332839e-02 7.842263283108154293e-02
5.277372751753139468e+00 -7.630393947713103031e-02 -4.222278438172292342e-02 4.090970363432459844e-02 7.837206118009434896e-02
5.280515915988846842e+00 -7.625367399740792806e-02 -4.228322699399608697e-02 4.096842829210095571e-02 7.832146259019326373e-02
5.283659080224554216e+00 -7.620338574434117052e-02 -4.234366162464598543e-02 4.102714599663434547e-02 7.827083711869466109e-02
5.286802244460262479e+00 -7.615307476451654844e-02 -4.240408825796431608e-02 4.108585673438951841e-02 7.822018482274821494e-02
5.289945408695969853e+00 -7.610274110439134432e-02 -4.246450687822186931e-02 4.114456049181398900e-02 7.816950575933785672e-02
5.293088572931677227e+00 -7.605238481029484576e-02 -4.252491746966875763e-02 4.120325725533802858e-02 7.811879998528230284e-02
5.296231737167385489e+00 -7.600200592842883129e-02 -4.258532001653406174e-02 4.126194701137463755e-02 7.806806755723570690e-02
5.299374901403092863e+00 -7.595160450486820869e-02 -4.264571450302592076e-02 4.132062974631937891e-02 7.801730853168853397e-02
5.302518065638800238e+00 -7.590118058556134806e-02 -4.270610091333151837e-02 4.137930544655045451e-02 7.796652296496803247e-02
5.305661229874507612e+00 -7.585073421633065083e-02 -4.276647923161693010e-02 4.143797409842863572e-02 7.791571091323906684e-02
5.308804394110215874e+00 -7.580026544287309098e-02 -4.282684944202708177e-02 4.149663568829718707e-02 7.786487243250470036e-02
5.311947558345923248e+00 -7.574977431076064527e-02 -4.288721152868569392e-02 4.155529020248174138e-02 7.781400757860694462e-02
5.315090722581630622e+00 -7.569926086544088994e-02 -4.294756547569523325e-02 4.161393762729046625e-02 7.776311640722732843e-02
5.318233886817338885e+00 -7.564872515223734772e-02 -4.300791126713690571e-02 4.167257794901382817e-02 7.771219897388763342e-02
5.321377051053046259e+00 -7.559816721635012615e-02 -4.306824888707045523e-02 4.173121115392453701e-02 7.766125533395056013e-02
5.324520215288753633e+00 -7.554758710285626455e-02 -4.312857831953428867e-02 4.178983722827766395e-02 7.761028554262035251e-02
5.327663379524461895e+00 -7.549698485671031689e-02 -4.318889954854526758e-02 4.184845615831043336e-02 7.755928965494342242e-02
5.330806543760169269e+00 -7.544636052274485138e-02 -4.324921255809863196e-02 4.190706793024222276e-02 7.750826772580911295e-02
5.333949707995876643e+00 -7.539571414567083907e-02 -4.330951733216811123e-02 4.196567253027456978e-02 7.745721980995021183e-02
5.337092872231584906e+00 -7.534504577007815340e-02 -4.336981385470579237e-02 4.202426994459105419e-02 7.740614596194365926e-02
5.340236036467292280e+00 -7.529435544043613926e-02 -4.343010210964187712e-02 4.208286015935723545e-02 7.735504623621122788e-02
5.343379200702999654e+00 -7.524364320109401538e-02 -4.349038208088487623e-02 4.214144316072065966e-02 7.730392068702010566e-02
5.346522364938707028e+00 -7.519290909628126296e-02 -4.355065375232144292e-02 4.220001893481083871e-02 7.725276936848349263e-02
5.349665529174415290e+00 -7.514215317010826400e-02 -4.361091710781628966e-02 4.225858746773906993e-02 7.720159233456129477e-02
5.352808693410122665e+00 -7.509137546656664830e-02 -4.367117213121211872e-02 4.231714874559851236e-02 7.715038963906080405e-02
5.355951857645830039e+00 -7.504057602952986239e-02 -4.373141880632962220e-02 4.237570275446408963e-02 7.709916133563715634e-02
5.359095021881538301e+00 -7.498975490275341937e-02 -4.379165711696742652e-02 4.243424948039244138e-02 7.704790747779410864e-02
5.362238186117245675e+00 -7.493891212987563444e-02 -4.385188704690191897e-02 4.249278890942182613e-02 7.699662811888463576e-02
5.365381350352953049e+00 -7.488804775441787465e-02 -4.391210857988734478e-02 4.255132102757218371e-02 7.694532331211138831e-02
5.368524514588661312e+00 -7.483716181978512794e-02 -4.397232169965555743e-02 4.260984582084501732e-02 7.689399311052749764e-02
5.371667678824368686e+00 -7.478625436926639169e-02 -4.403252638991612955e-02 4.266836327522329636e-02 7.684263756703715864e-02
5.374810843060076060e+00 -7.473532544603515848e-02 -4.409272263435620731e-02 4.272687337667144952e-02 7.679125673439606004e-02
5.377954007295783434e+00 -7.468437509314984624e-02 -4.415291041664047567e-02 4.278537611113540640e-02 7.673985066521223086e-02
5.381097171531491696e+00 -7.463340335355422850e-02 -4.421308972041104735e-02 4.284387146454236850e-02 7.668841941194641521e-02
5.384240335767199070e+00 -7.458241027007796176e-02 -4.427326052928742817e-02 4.290235942280086479e-02 7.663696302691287709e-02
5.387383500002906445e+00 -7.453139588543691851e-02 -4.433342282686646846e-02 4.296083997180073083e-02 7.658548156227980297e-02
5.390526664238614707e+00 -7.448036024223367302e-02 -4.439357659672234224e-02 4.301931309741298393e-02 7.653397507007002332e-02
5.393669828474322081e+00 -7.442930338295797310e-02 -4.445372182240634601e-02 4.307777878548976064e-02 7.648244360216152615e-02
5.396812992710029455e+00 -7.437822534998707324e-02 -4.451385848744694035e-02 4.313623702186433068e-02 7.643088721028812316e-02
5.399956156945737717e+00 -7.432712618558631745e-02 -4.457398657534973607e-02 4.319468779235108302e-02 7.637930594603983825e-02
5.403099321181445092e+00 -7.427600593190951395e-02 -4.463410606959723054e-02 4.325313108274525531e-02 7.632769986086380964e-02
5.406242485417152466e+00 -7.422486463099919884e-02 -4.469421695364896724e-02 4.331156687882319750e-02 7.627606900606453966e-02
5.409385649652860728e+00 -7.417370232478734393e-02 -4.475431921094137622e-02 4.336999516634205964e-02 7.622441343280463022e-02
5.412528813888568102e+00 -7.412251905509550931e-02 -4.481441282488765609e-02 4.342841593103985431e-02 7.617273319210533800e-02
5.415671978124275476e+00 -7.407131486363560668e-02 -4.487449777887776714e-02 4.348682915863538029e-02 7.612102833484718500e-02
5.418815142359982850e+00 -7.402008979200987160e-02 -4.493457405627843820e-02 4.354523483482819479e-02 7.606929891177033332e-02
5.421958306595691113e+00 -7.396884388171168223e-02 -4.499464164043286835e-02 4.360363294529855799e-02 7.601754497347538997e-02
5.425101470831398487e+00 -7.391757717412576756e-02 -4.505470051466097664e-02 4.366202347570729420e-02 7.596576657042380942e-02
5.428244635067105861e+00 -7.386628971052866532e-02 -4.511475066225909686e-02 4.372040641169586128e-02 7.591396375293849030e-02
5.431387799302814123e+00 -7.381498153208913837e-02 -4.517479206649997053e-02 4.377878173888623964e-02 7.586213657120431664e-02
5.434530963538521497e+00 -7.376365267986861873e-02 -4.523482471063276084e-02 4.383714944288086279e-02 7.581028507526876847e-02
5.437674127774228872e+00 -7.371230319482156845e-02 -4.529484857788287216e-02 4.389550950926260353e-02 7.575840931504235209e-02
5.440817292009937134e+00 -7.366093311779585429e-02 -4.535486365145199178e-02 4.395386192359469063e-02 7.570650934029919676e-02
5.443960456245644508e+00 -7.360954248953328893e-02 -4.541486991451788857e-02 4.401220667142064641e-02 7.565458520067773474e-02
5.447103620481351882e+00 -7.355813135066992248e-02 -4.547486735023447552e-02 4.407054373826426591e-02 7.560263694568096493e-02
5.450246784717060144e+00 -7.350669974173638932e-02 -4.553485594173173334e-02 4.412887310962958221e-02 7.555066462467720234e-02
5.453389948952767519e+00 -7.345524770315846330e-02 -4.559483567211553012e-02 4.418719477100069293e-02 7.549866828690057763e-02
5.456533113188474893e+00 -7.340377527525740464e-02 -4.565480652446762821e-02 4.424550870784187129e-02 7.544664798145148121e-02
5.459676277424182267e+00 -7.335228249825025137e-02 -4.571476848184569119e-02 4.430381490559737179e-02 7.539460375729714614e-02
5.462819441659890529e+00 -7.330076941225030507e-02 -4.577472152728305488e-02 4.436211334969149267e-02 7.534253566327218932e-02
5.465962605895597903e+00 -7.324923605726756104e-02 -4.583466564378876201e-02 4.442040402552837469e-02 7.529044374807912499e-02
5.469105770131305277e+00 -7.319768247320897203e-02 -4.589460081434752065e-02 4.447868691849209827e-02 7.523832806028889209e-02
5.472248934367013540e+00 -7.314610869987893393e-02 -4.595452702191953065e-02 4.453696201394657245e-02 7.518618864834125670e-02
5.475392098602720914e+00 -7.309451477697964661e-02 -4.601444424944052536e-02 4.459522929723541002e-02 7.513402556054558923e-02
5.478535262838428288e+00 -7.304290074411158573e-02 -4.607435247982158422e-02 4.465348875368197606e-02 7.508183884508105865e-02
5.481678427074136550e+00 -7.299126664077357218e-02 -4.613425169594923686e-02 4.471174036858926309e-02 7.502962854999736808e-02
5.484821591309843924e+00 -7.293961250636363247e-02 -4.619414188068515087e-02 4.476998412723985632e-02 7.497739472321521270e-02
5.487964755545551299e+00 -7.288793838017895710e-02 -4.625402301686631912e-02 4.482822001489589897e-02 7.492513741252671000e-02
5.491107919781259561e+00 -7.283624430141648343e-02 -4.631389508730480303e-02 4.488644801679902985e-02 7.487285666559595487e-02
5.494251084016966935e+00 -7.278453030917325650e-02 -4.637375807478772566e-02 4.494466811817024454e-02 7.482055252995957473e-02
5.497394248252674309e+00 -7.273279644244674824e-02 -4.643361196207725777e-02 4.500288030420997870e-02 7.476822505302710420e-02
5.500537412488381683e+00 -7.268104274013525989e-02 -4.649345673191046524e-02 4.506108456009796231e-02 7.471587428208158188e-02
5.503680576724089946e+00 -7.262926924103828286e-02 -4.655329236699926737e-02 4.511928087099315032e-02 7.466350026428000830e-02
5.506823740959797320e+00 -7.257747598385691501e-02 -4.661311885003033284e-02 4.517746922203374343e-02 7.461110304665381776e-02
5.509966905195504694e+00 -7.252566300719412440e-02 -4.667293616366504500e-02 4.523564959833701465e-02 7.455868267610939182e-02
5.513110069431212956e+00 -7.247383034955520720e-02 -4.673274429053952961e-02 4.529382198499938561e-02 7.450623919942851725e-02
5.516253233666920330e+00 -7.242197804934807914e-02 -4.679254321326434957e-02 4.535198636709627390e-02 7.445377266326892729e-02
5.519396397902627704e+00 -7.237010614488377513e-02 -4.685233291442465753e-02 4.541014272968205145e-02 7.440128311416470408e-02
5.522539562138335967e+00 -7.231821467437660189e-02 -4.691211337657993918e-02 4.546829105779005148e-02 7.434877059852677827e-02
5.525682726374043341e+00 -7.226630367594466531e-02 -4.697188458226414509e-02 4.552643133643239498e-02 7.429623516264349803e-02
5.528825890609750715e+00 -7.221437318761014801e-02 -4.703164651398538537e-02 4.558456355059999771e-02 7.424367685268093431e-02
5.531969054845458977e+00 -7.216242324729962854e-02 -4.709139915422610317e-02 4.564268768526257708e-02 7.419109571468347764e-02
5.535112219081166351e+00 -7.211045389284458096e-02 -4.715114248544274855e-02 4.570080372536844404e-02 7.413849179457432381e-02
5.538255383316873726e+00 -7.205846516198158302e-02 -4.721087649006591030e-02 4.575891165584457243e-02 7.408586513815582086e-02
5.541398547552581100e+00 -7.200645709235273251e-02 -4.727060115050017719e-02 4.581701146159647409e-02 7.403321579110998252e-02
5.544541711788289362e+00 -7.195442972150593863e-02 -4.733031644912402691e-02 4.587510312750820579e-02 7.398054379899904331e-02
5.547684876023996736e+00 -7.190238308689532454e-02 -4.739002236828972203e-02 4.593318663844216110e-02 7.392784920726580555e-02
5.550828040259704110e+00 -7.185031722588161585e-02 -4.744971889032339324e-02 4.599126197923918830e-02 7.387513206123413889e-02
5.553971204495412373e+00 -7.179823217573232108e-02 -4.750940599752481036e-02 4.604932913471849326e-02 7.382239240610941056e-02
5.557114368731119747e+00 -7.174612797362227290e-02 -4.756908367216736155e-02 4.610738808967740354e-02 7.376963028697901270e-02
5.560257532966827121e+00 -7.169400465663380850e-02 -4.762875189649791452e-02 4.616543882889157652e-02 7.371684574881272323e-02
5.563400697202535383e+00 -7.164186226175718597e-02 -4.768841065273698998e-02 4.622348133711474266e-02 7.366403883646316375e-02
5.566543861438242757e+00 -7.158970082589095896e-02 -4.774805992307828983e-02 4.628151559907871943e-02 7.361120959466638247e-02
5.569687025673950131e+00 -7.153752038584214323e-02 -4.780769968968896777e-02 4.633954159949334184e-02 7.355835806804204846e-02
5.572830189909658394e+00 -7.148532097832678567e-02 -4.786732993470940029e-02 4.639755932304644864e-02 7.350548430109414555e-02
5.575973354145365768e+00 -7.143310263997013076e-02 -4.792695064025302709e-02 4.645556875440364636e-02 7.345258833821127764e-02
5.579116518381073142e+00 -7.138086540730699536e-02 -4.798656178840653846e-02 4.651356987820851746e-02 7.339967022366709892e-02
5.582259682616780516e+00 -7.132860931678210170e-02 -4.804616336122950748e-02 4.657156267908233588e-02 7.334673000162082734e-02
5.585402846852488778e+00 -7.127633440475038273e-02 -4.810575534075453574e-02 4.662954714162413639e-02 7.329376771611759156e-02
5.588546011088196153e+00 -7.122404070747744009e-02 -4.816533770898700356e-02 4.668752325041051338e-02 7.324078341108895829e-02
5.591689175323903527e+00 -7.117172826113962736e-02 -4.822491044790513937e-02 4.674549098999574576e-02 7.318777713035329313e-02
5.594832339559611789e+00 -7.111939710182453578e-02 -4.828447353945985315e-02 4.680345034491159573e-02 7.313474891761617691e-02
5.597975503795319163e+00 -7.106704726553136897e-02 -4.834402696557465323e-02 4.686140129966725326e-02 7.308169881647090527e-02
5.601118668031026537e+00 -7.101467878817112334e-02 -4.840357070814567397e-02 4.691934383874936387e-02 7.302862687039887724e-02
5.604261832266734800e+00 -7.096229170556692112e-02 -4.846310474904141907e-02 4.697727794662189676e-02 7.297553312276992832e-02
5.607404996502442174e+00 -7.090988605345448226e-02 -4.852262907010286563e-02 4.703520360772608239e-02 7.292241761684294110e-02
5.610548160738149548e+00 -7.085746186748220765e-02 -4.858214365314326988e-02 4.709312080648033610e-02 7.286928039576605343e-02
5.613691324973857810e+00 -7.080501918321172039e-02 -4.864164847994820184e-02 4.715102952728029290e-02 7.281612150257722738e-02
5.616834489209565184e+00 -7.075255803611804617e-02 -4.870114353227524007e-02 4.720892975449859225e-02 7.276294098020461010e-02
5.619977653445272558e+00 -7.070007846158991860e-02 -4.876062879185415894e-02 4.726682147248491284e-02 7.270973887146693626e-02
5.623120817680979933e+00 -7.064758049493014003e-02 -4.882010424038669971e-02 4.732470466556592398e-02 7.265651521907394439e-02
5.626263981916688195e+00 -7.059506417135588685e-02 -4.887956985954650807e-02 4.738257931804520234e-02 7.260327006562677932e-02
5.629407146152395569e+00 -7.054252952599907034e-02 -4.893902563097912717e-02 4.744044541420304462e-02 7.255000345361843628e-02
5.632550310388102943e+00 -7.048997659390646153e-02 -4.899847153630174090e-02 4.749830293829659933e-02 7.249671542543412173e-02
5.635693474623811206e+00 -7.043740541004014921e-02 -4.905790755710336126e-02 4.755615187455974197e-02 7.244340602335164192e-02
5.638836638859518580e+00 -7.038481600927788684e-02 -4.911733367494443975e-02 4.761399220720287373e-02 7.239007528954187476e-02
5.641979803095225954e+00 -7.033220842641324522e-02 -4.917674987135711717e-02 4.767182392041304645e-02 7.233672326606910286e-02
5.645122967330934216e+00 -7.027958269615598719e-02 -4.923615612784481427e-02 4.772964699835381686e-02 7.228334999489141599e-02
5.648266131566641590e+00 -7.022693885313241458e-02 -4.929555242588235658e-02 4.778746142516511475e-02 7.222995551786118296e-02
5.651409295802348964e+00 -7.017427693188556248e-02 -4.935493874691589122e-02 4.784526718496329850e-02 7.217653987672532911e-02
5.654552460038057227e+00 -7.012159696687554622e-02 -4.941431507236272724e-02 4.790306426184100241e-02 7.212310311312578048e-02
5.657695624273764601e+00 -7.006889899247992215e-02 -4.947368138361123158e-02 4.796085263986710895e-02 7.206964526859992171e-02
5.660838788509471975e+00 -7.001618304299382645e-02 -4.953303766202084985e-02 4.801863230308669322e-02 7.201616638458083197e-02
5.663981952745179349e+00 -6.996344915263051634e-02 -4.959238388892196064e-02 4.807640323552089812e-02 7.196266650239781237e-02
5.667125116980887611e+00 -6.991069735552131459e-02 -4.965172004561579228e-02 4.813416542116696201e-02 7.190914566327666346e-02
5.670268281216594985e+00 -6.985792768571624789e-02 -4.971104611337438112e-02 4.819191884399802450e-02 7.185560390834021260e-02
5.673411445452302360e+00 -6.980514017718414399e-02 -4.977036207344038427e-02 4.824966348796320276e-02 7.180204127860852215e-02
5.676554609688010622e+00 -6.975233486381285375e-02 -4.982966790702714199e-02 4.830739933698739025e-02 7.174845781499934738e-02
5.679697773923717996e+00 -6.969951177940980624e-02 -4.988896359531844876e-02 4.836512637497128453e-02 7.169485355832855289e-02
5.682840938159425370e+00 -6.964667095770200878e-02 -4.994824911946856710e-02 4.842284458579127621e-02 7.164122854931043172e-02
5.685984102395133633e+00 -6.959381243233650483e-02 -5.000752446060219986e-02 4.848055395329944200e-02 7.158758282855806621e-02
5.689127266630841007e+00 -6.954093623688058223e-02 -5.006678959981416405e-02 4.853825446132332272e-02 7.153391643658377208e-02
5.692270430866548381e+00 -6.948804240482203687e-02 -5.012604451816957823e-02 4.859594609366602036e-02 7.148022941379940376e-02
5.695413595102256643e+00 -6.943513096956956121e-02 -5.018528919670359884e-02 4.865362883410608713e-02 7.142652180051674293e-02
5.698556759337964017e+00 -6.938220196445300803e-02 -5.024452361642144094e-02 4.871130266639739359e-02 7.137279363694785939e-02
5.701699923573671391e+00 -6.932925542272339037e-02 -5.030374775829815626e-02 4.876896757426912865e-02 7.131904496320551345e-02
5.704843087809378765e+00 -6.927629137755361710e-02 -5.036296160327877885e-02 4.882662354142567468e-02 7.126527581930346134e-02
5.707986252045087028e+00 -6.922330986203840963e-02 -5.042216513227799901e-02 4.888427055154661444e-02 7.121148624515684367e-02
5.711129416280794402e+00 -6.917031090919469050e-02 -5.048135832618015628e-02 4.894190858828659230e-02 7.115767628058257410e-02
5.714272580516501776e+00 -6.911729455196193028e-02 -5.054054116583923256e-02 4.899953763527520323e-02 7.110384596529963075e-02
5.717415744752210038e+00 -6.906426082320232807e-02 -5.059971363207870637e-02 4.905715767611713851e-02 7.104999533892947250e-02
5.720558908987917413e+00 -6.901120975570108895e-02 -5.065887570569137938e-02 4.911476869439177634e-02 7.099612444099641373e-02
5.723702073223624787e+00 -6.895814138216671552e-02 -5.071802736743943191e-02 4.917237067365343162e-02 7.094223331092786022e-02
5.726845237459333049e+00 -6.890505573523127147e-02 -5.077716859805431887e-02 4.922996359743112699e-02 7.088832198805478102e-02
5.729988401695040423e+00 -6.885195284745070088e-02 -5.083629937823652689e-02 4.928754744922848180e-02 7.083439051161202760e-02
5.733131565930747797e+00 -6.879883275130495301e-02 -5.089541968865562982e-02 4.934512221252378150e-02 7.078043892073865306e-02
5.736274730166456060e+00 -6.874569547919838486e-02 -5.095452950995019853e-02 4.940268787076981805e-02 7.072646725447828686e-02
5.739417894402163434e+00 -6.869254106346003863e-02 -5.101362882272761357e-02 4.946024440739377886e-02 7.067247555177945395e-02
5.742561058637870808e+00 -6.863936953634371119e-02 -5.107271760756414147e-02 4.951779180579723300e-02 7.061846385149597727e-02
5.745704222873578182e+00 -6.858618093002839811e-02 -5.113179584500463642e-02 4.957533004935615190e-02 7.056443219238722753e-02
5.748847387109286444e+00 -6.853297527661855737e-02 -5.119086351556260961e-02 4.963285912142061801e-02 7.051038061311852567e-02
5.751990551344993818e+00 -6.847975260814428977e-02 -5.124992059972005576e-02 4.969037900531492191e-02 7.045630915226155921e-02
5.755133715580701192e+00 -6.842651295656154709e-02 -5.130896707792739070e-02 4.974788968433743741e-02 7.040221784829449325e-02
5.758276879816409455e+00 -6.837325635375253452e-02 -5.136800293060335421e-02 4.980539114176053828e-02 7.034810673960249783e-02
5.761420044052116829e+00 -6.831998283152589113e-02 -5.142702813813498225e-02 4.986288336083055661e-02 7.029397586447815038e-02
5.764563208287824203e+00 -6.826669242161692575e-02 -5.148604268087737801e-02 4.992036632476766489e-02 7.023982526112149127e-02
5.767706372523532465e+00 -6.821338515568788063e-02 -5.154504653915373269e-02 4.997784001676585514e-02 7.018565496764052336e-02
5.770849536759239840e+00 -6.816006106532823683e-02 -5.160403969325517981e-02 5.003530441999282097e-02 7.013146502205169774e-02
5.773992700994947214e+00 -6.810672018205488065e-02 -5.166302212344072581e-02 5.009275951758986045e-02 7.007725546227989988e-02
5.777135865230655476e+00 -6.805336253731238128e-02 -5.172199380993723616e-02 5.015020529267193161e-02 7.002302632615901856e-02
5.780279029466362850e+00 -6.799998816247330991e-02 -5.178095473293907458e-02 5.020764172832740263e-02 6.996877765143223737e-02
5.783422193702070224e+00 -6.794659708883846183e-02 -5.183990487260833890e-02 5.026506880761809348e-02 6.991450947575231223e-02
5.786565357937777598e+00 -6.789318934763692581e-02 -5.189884420907460438e-02 5.032248651357919961e-02 6.986022183668190444e-02
5.789708522173485861e+00 -6.783976497002663919e-02 -5.195777272243478490e-02 5.037989482921910456e-02 6.980591477169388603e-02
5.792851686409193235e+00 -6.778632398709438789e-02 -5.201669039275312600e-02 5.043729373751944245e-02 6.975158831817175609e-02
5.795994850644900609e+00 -6.773286642985613948e-02 -5.207559720006112863e-02 5.049468322143496612e-02 6.969724251340983501e-02
5.799138014880608871e+00 -6.767939232925734849e-02 -5.213449312435735478e-02 5.055206326389345695e-02 6.964287739461365312e-02
5.802281179116316245e+00 -6.762590171617301193e-02 -5.219337814560739280e-02 5.060943384779562071e-02 6.958849299890024209e-02
5.805424343352023620e+00 -6.757239462140815500e-02 -5.225225224374372562e-02 5.066679495601515010e-02 6.953408936329846801e-02
5.808567507587731882e+00 -6.751887107569784496e-02 -5.231111539866577231e-02 5.072414657139844019e-02 6.947966652474928118e-02
5.811710671823439256e+00 -6.746533110970759362e-02 -5.236996759023951342e-02 5.078148867676469252e-02 6.942522452010620182e-02
5.814853836059146630e+00 -6.741177475403350994e-02 -5.242880879829769913e-02 5.083882125490570697e-02 6.937076338613534787e-02
5.817997000294854004e+00 -6.735820203920253602e-02 -5.248763900263958559e-02 5.089614428858593026e-02 6.931628315951604558e-02
5.821140164530562267e+00 -6.730461299567273847e-02 -5.254645818303081695e-02 5.095345776054226866e-02 6.926178387684089888e-02
5.824283328766269641e+00 -6.725100765383350276e-02 -5.260526631920343921e-02 5.101076165348403246e-02 6.920726557461626127e-02
5.827426493001977015e+00 -6.719738604400575521e-02 -5.266406339085567823e-02 5.106805595009292209e-02 6.915272828926238846e-02
5.830569657237685277e+00 -6.714374819644222669e-02 -5.272284937765197438e-02 5.112534063302287546e-02 6.909817205711392407e-02
5.833712821473392651e+00 -6.709009414132773019e-02 -5.278162425922277440e-02 5.118261568490002633e-02 6.904359691442005231e-02
5.836855985709100025e+00 -6.703642390877917467e-02 -5.284038801516444811e-02 5.123988108832259331e-02 6.898900289734483104e-02
5.839999149944808288e+00 -6.698273752884610632e-02 -5.289914062503921210e-02 5.129713682586087981e-02 6.893439004196755260e-02
5.843142314180515662e+00 -6.692903503151075018e-02 -5.295788206837511586e-02 5.135438288005703816e-02 6.887975838428297970e-02
5.846285478416223036e+00 -6.687531644668823216e-02 -5.301661232466575724e-02 5.141161923342522921e-02 6.882510796020166466e-02
5.849428642651931298e+00 -6.682158180422685667e-02 -5.307533137337028945e-02 5.146884586845128923e-02 6.877043880555021305e-02
5.852571806887638672e+00 -6.676783113390834246e-02 -5.313403919391337243e-02 5.152606276759277154e-02 6.871575095607168615e-02
5.855714971123346047e+00 -6.671406446544803082e-02 -5.319273576568495782e-02 5.158326991327891187e-02 6.866104444742573976e-02
5.858858135359053421e+00 -6.666028182849509376e-02 -5.325142106804026110e-02 5.164046728791046870e-02 6.860631931518904048e-02
5.862001299594761683e+00 -6.660648325263272829e-02 -5.331009508029962984e-02 5.169765487385965391e-02 6.855157559485543228e-02
5.865144463830469057e+00 -6.655266876737848947e-02 -5.336875778174841184e-02 5.175483265347007727e-02 6.849681332183642224e-02
5.868287628066176431e+00 -6.649883840218444309e-02 -5.342740915163696203e-02 5.181200060905660765e-02 6.844203253146124988e-02
5.871430792301884694e+00 -6.644499218643727667e-02 -5.348604916918047597e-02 5.186915872290543544e-02 6.838723325897731742e-02
5.874573956537592068e+00 -6.639113014945877134e-02 -5.354467781355872619e-02 5.192630697727373262e-02 6.833241553955041181e-02
5.877717120773299442e+00 -6.633725232050581566e-02 -5.360329506391631887e-02 5.198344535438988862e-02 6.827757940826502392e-02
5.880860285009007704e+00 -6.628335872877058610e-02 -5.366190089936223595e-02 5.204057383645317725e-02 6.822272490012457058e-02
5.884003449244715078e+00 -6.622944940338104658e-02 -5.372049529896993914e-02 5.209769240563374981e-02 6.816785205005181092e-02
5.887146613480422452e+00 -6.617552437340082361e-02 -5.377907824177716178e-02 5.215480104407260037e-02 6.811296089288892963e-02
5.890289777716130715e+00 -6.612158366782966423e-02 -5.383764970678593664e-02 5.221189973388146860e-02 6.805805146339799494e-02
5.893432941951838089e+00 -6.606762731560354707e-02 -5.389620967296222809e-02 5.226898845714265246e-02 6.800312379626118064e-02
5.896576106187545463e+00 -6.601365534559487658e-02 -5.395475811923618886e-02 5.232606719590905675e-02 6.794817792608093265e-02
5.899719270423252837e+00 -6.595966778661276064e-02 -5.401329502450175069e-02 5.238313593220404740e-02 6.789321388738044083e-02
5.902862434658961099e+00 -6.590566466740312157e-02 -5.407182036761665200e-02 5.244019464802140984e-02 6.783823171460375001e-02
5.906005598894668474e+00 -6.585164601664914019e-02 -5.413033412740228534e-02 5.249724332532516163e-02 6.778323144211614859e-02
5.909148763130375848e+00 -6.579761186297111708e-02 -5.418883628264368341e-02 5.255428194604958025e-02 6.772821310420433505e-02
5.912291927366084110e+00 -6.574356223492695828e-02 -5.424732681208928320e-02 5.261131049209905736e-02 6.767317673507677878e-02
5.915435091601791484e+00 -6.568949716101231406e-02 -5.430580569445082190e-02 5.266832894534800857e-02 6.761812236886395600e-02
5.918578255837498858e+00 -6.563541666966067611e-02 -5.436427290840341320e-02 5.272533728764086658e-02 6.756305003961858568e-02
5.921721420073207121e+00 -6.558132078924369668e-02 -5.442272843258526976e-02 5.278233550079186598e-02 6.750795978131596264e-02
5.924864584308914495e+00 -6.552720954807146614e-02 -5.448117224559752975e-02 5.283932356658505025e-02 6.745285162785417954e-02
5.928007748544621869e+00 -6.547308297439247138e-02 -5.453960432600436781e-02 5.289630146677417460e-02 6.739772561305439058e-02
5.931150912780330131e+00 -6.541894109639401211e-02 -5.459802465233274532e-02 5.295326918308258801e-02 6.734258177066108908e-02
5.934294077016037505e+00 -6.536478394220239518e-02 -5.465643320307225772e-02 5.301022669720315689e-02 6.728742013434237113e-02
5.937437241251744879e+00 -6.531061153988299006e-02 -5.471482995667517613e-02 5.306717399079819569e-02 6.723224073769025477e-02
5.940580405487452254e+00 -6.525642391744056192e-02 -5.477321489155617673e-02 5.312411104549933510e-02 6.717704361422077719e-02
5.943723569723160516e+00 -6.520222110281936878e-02 -5.483158798609238938e-02 5.318103784290753588e-02 6.712182879737438324e-02
5.946866733958867890e+00 -6.514800312390355008e-02 -5.488994921862306448e-02 5.323795436459279745e-02 6.706659632051627240e-02
5.950009898194575264e+00 -6.509377000851708506e-02 -5.494829856744970487e-02 5.329486059209433135e-02 6.701134621693638493e-02
5.953153062430283526e+00 -6.503952178442411192e-02 -5.500663601083585763e-02 5.335175650692029065e-02 6.695607851984992920e-02
5.956296226665990901e+00 -6.498525847932916377e-02 -5.506496152700687124e-02 5.340864209054765888e-02 6.690079326239750657e-02
5.959439390901698275e+00 -6.493098012087730742e-02 -5.512327509414997884e-02 5.346551732442233335e-02 6.684549047764533347e-02
5.962582555137406537e+00 -6.487668673665430985e-02 -5.518157669041413166e-02 5.352238218995888225e-02 6.679017019858556059e-02
5.965725719373113911e+00 -6.482237835418692973e-02 -5.523986629390977704e-02 5.357923666854049610e-02 6.673483245813659204e-02
5.968868883608821285e+00 -6.476805500094298673e-02 -5.529814388270886533e-02 5.363608074151891142e-02 6.667947728914315475e-02
5.972012047844529548e+00 -6.471371670433163914e-02 -5.535640943484472498e-02 5.369291439021434131e-02 6.662410472437668707e-02
5.975155212080236922e+00 -6.465936349170364750e-02 -5.541466292831184054e-02 5.374973759591529510e-02 6.656871479653557466e-02
5.978298376315944296e+00 -6.460499539035131911e-02 -5.547290434106587342e-02 5.380655033987859909e-02 6.651330753824533093e-02
5.981441540551651670e+00 -6.455061242750896600e-02 -5.553113365102347460e-02 5.386335260332920233e-02 6.645788298205891620e-02
5.984584704787359932e+00 -6.449621463035296043e-02 -5.558935083606215966e-02 5.392014436746020434e-02 6.640244116045693201e-02
5.987727869023067306e+00 -6.444180202600199858e-02 -5.564755587402021864e-02 5.397692561343260531e-02 6.634698210584788480e-02
5.990871033258774681e+00 -6.438737464151710055e-02 -5.570574874269657029e-02 5.403369632237534081e-02 6.629150585056847733e-02
5.994014197494482943e+00 -6.433293250390205442e-02 -5.576392941985072044e-02 5.409045647538516383e-02 6.623601242688376134e-02
5.997157361730190317e+00 -6.427847564010352732e-02 -5.582209788320251220e-02 5.414720605352650595e-02 6.618050186698745674e-02
6.000300525965897691e+00 -6.422400407701103764e-02 -5.588025411043216761e-02 5.420394503783139417e-02 6.612497420300211814e-02
6.003443690201605953e+00 -6.416951784145745463e-02 -5.593839807918003088e-02 5.426067340929944388e-02 6.606942946697946795e-02
6.006586854437313328e+00 -6.411501696021904007e-02 -5.599652976704647817e-02 5.431739114889759523e-02 6.601386769090056283e-02
6.009730018673020702e+00 -6.406050146001555923e-02 -5.605464915159188988e-02 5.437409823756020333e-02 6.595828890667607136e-02
6.012873182908728964e+00 -6.400597136751055849e-02 -5.611275621033644245e-02 5.443079465618880924e-02 6.590269314614641272e-02
6.016016347144436338e+00 -6.395142670931161510e-02 -5.617085092075992103e-02 5.448748038565205676e-02 6.584708044108217306e-02
6.019159511380143712e+00 -6.389686751197032333e-02 -5.622893326030183742e-02 5.454415540678571317e-02 6.579145082318421656e-02
6.022302675615851086e+00 -6.384229380198264137e-02 -5.628700320636105536e-02 5.460081970039245419e-02 6.573580432408392127e-02
6.025445839851559349e+00 -6.378770560578894688e-02 -5.634506073629575590e-02 5.465747324724181538e-02 6.568014097534341511e-02
6.028589004087266723e+00 -6.373310294977443946e-02 -5.640310582742342344e-02 5.471411602807000479e-02 6.562446080845589502e-02
6.031732168322974097e+00 -6.367848586026897406e-02 -5.646113845702049883e-02 5.477074802357999317e-02 6.556876385484572411e-02
6.034875332558682359e+00 -6.362385436354758839e-02 -5.651915860232254590e-02 5.482736921444127803e-02 6.551305014586875086e-02
6.038018496794389733e+00 -6.356920848583039185e-02 -5.657716624052378657e-02 5.488397958128973103e-02 6.545731971281253114e-02
6.041161661030097108e+00 -6.351454825328300968e-02 -5.663516134877730895e-02 5.494057910472770895e-02 6.540157258689650865e-02
6.044304825265805370e+00 -6.345987369201645800e-02 -5.669314390419469274e-02 5.499716776532374840e-02 6.534580879927227859e-02
6.047447989501512744e+00 -6.340518482808767120e-02 -5.675111388384605077e-02 5.505374554361257278e-02 6.529002838102386519e-02
6.050591153737220118e+00 -6.335048168749933539e-02 -5.680907126475980007e-02 5.511031242009493958e-02 6.523423136316779114e-02
6.053734317972928380e+00 -6.329576429620027700e-02 -5.686701602392257859e-02 5.516686837523764736e-02 6.517841777665346614e-02
6.056877482208635755e+00 -6.324103268008560153e-02 -5.692494813827912725e-02 5.522341338947325123e-02 6.512258765236339508e-02
6.060020646444343129e+00 -6.318628686499679070e-02 -5.698286758473206787e-02 5.527994744320014614e-02 6.506674102111323355e-02
6.063163810680050503e+00 -6.313152687672193841e-02 -5.704077434014199338e-02 5.533647051678237949e-02 6.501087791365219026e-02
6.066306974915758765e+00 -6.307675274099588947e-02 -5.709866838132711397e-02 5.539298259054953322e-02 6.495499836066319366e-02
6.069450139151466139e+00 -6.302196448350053104e-02 -5.715654968506318073e-02 5.544948364479663355e-02 6.489910239276308612e-02
6.072593303387173513e+00 -6.296716212986473715e-02 -5.721441822808347871e-02 5.550597365978412329e-02 6.484319004050287383e-02
6.075736467622881776e+00 -6.291234570566467399e-02 -5.727227398707864653e-02 5.556245261573769523e-02 6.478726133436790713e-02
6.078879631858589150e+00 -6.285751523642399419e-02 -5.733011693869633635e-02 5.561892049284811179e-02 6.473131630477815812e-02
6.082022796094296524e+00 -6.280267074761401724e-02 -5.738794705954143593e-02 5.567537727127127439e-02 6.467535498208840106e-02
6.085165960330004786e+00 -6.274781226465374340e-02 -5.744576432617568701e-02 5.573182293112800834e-02 6.461937739658835111e-02
6.088309124565712160e+00 -6.269293981291015894e-02 -5.750356871511765749e-02 5.578825745250393098e-02 6.456338357850305298e-02
6.091452288801419535e+00 -6.263805341769838886e-02 -5.756136020284249866e-02 5.584468081544950030e-02 6.450737355799293637e-02
6.094595453037127797e+00 -6.258315310428180789e-02 -5.761913876578206306e-02 5.590109299997973041e-02 6.445134736515412133e-02
6.097738617272835171e+00 -6.252823889787226253e-02 -5.767690438032446743e-02 5.595749398607416381e-02 6.439530503001858475e-02
6.100881781508542545e+00 -6.247331082363019594e-02 -5.773465702281409262e-02 5.601388375367682276e-02 6.433924658255441020e-02
6.104024945744249919e+00 -6.241836890666485615e-02 -5.779239666955158367e-02 5.607026228269600815e-02 6.428317205266591283e-02
6.107168109979958182e+00 -6.236341317203437234e-02 -5.785012329679347504e-02 5.612662955300427858e-02 6.422708147019395852e-02
6.110311274215665556e+00 -6.230844364474600466e-02 -5.790783688075220453e-02 5.618298554443821452e-02 6.417097486491613045e-02
6.113454438451372930e+00 -6.225346034975623444e-02 -5.796553739759590512e-02 5.623933023679849458e-02 6.411485226654690950e-02
6.116597602687081192e+00 -6.219846331197106254e-02 -5.802322482344844656e-02 5.629566360984965961e-02 6.405871370473789628e-02
6.119740766922788566e+00 -6.214345255624594000e-02 -5.808089913438897051e-02 5.635198564332000171e-02 6.400255920907803320e-02
6.122883931158495940e+00 -6.208842810738619128e-02 -5.813856030645209172e-02 5.640829631690154333e-02 6.394638880909377099e-02
6.126027095394204203e+00 -6.203338999014693100e-02 -5.819620831562753727e-02 5.646459561024988472e-02 6.389020253424934626e-02
6.129170259629911577e+00 -6.197833822923339009e-02 -5.825384313786011181e-02 5.652088350298400954e-02 6.383400041394696189e-02
6.132313423865618951e+00 -6.192327284930099901e-02 -5.831146474904953109e-02 5.657715997468633351e-02 6.377778247752687035e-02
6.135456588101327213e+00 -6.186819387495558209e-02 -5.836907312505029699e-02 5.663342500490253090e-02 6.372154875426773446e-02
6.138599752337034587e+00 -6.181310133075344770e-02 -5.842666824167154493e-02 5.668967857314134717e-02 6.366529927338678008e-02
6.141742916572741962e+00 -6.175799524120165890e-02 -5.848425007467691894e-02 5.674592065887457820e-02 6.360903406403997651e-02
6.144886080808449336e+00 -6.170287563075804727e-02 -5.854181859978437041e-02 5.680215124153697309e-02 6.355275315532221692e-02
6.148029245044157598e+00 -6.164774252383149050e-02 -5.859937379266614427e-02 5.685837030052607460e-02 6.349645657626754036e-02
6.151172409279864972e+00 -6.159259594478201649e-02 -5.865691562894848748e-02 5.691457781520205955e-02 6.344014435584939549e-02
6.154315573515572346e+00 -6.153743591792095596e-02 -5.871444408421170463e-02 5.697077376488774575e-02 6.338381652298068214e-02
6.157458737751280609e+00 -6.148226246751106738e-02 -5.877195913398971377e-02 5.702695812886846016e-02 6.332747310651413997e-02
6.160601901986987983e+00 -6.142707561776668268e-02 -5.882946075377022688e-02 5.708313088639177524e-02 6.327111413524239003e-02
6.163745066222695357e+00 -6.137187539285407500e-02 -5.888694891899442369e-02 5.713929201666759217e-02 6.321473963789815687e-02
6.166888230458403619e+00 -6.131666181689118811e-02 -5.894442360505685458e-02 5.719544149886796047e-02 6.315834964315453215e-02
6.170031394694110993e+00 -6.126143491394822616e-02 -5.900188478730522545e-02 5.725157931212687679e-02 6.310194417962515512e-02
6.173174558929818367e+00 -6.120619470804755657e-02 -5.905933244104045327e-02 5.730770543554030566e-02 6.304552327586430971e-02
6.176317723165526630e+00 -6.115094122316375863e-02 -5.911676654151629823e-02 5.736381984816598528e-02 6.298908696036722987e-02
6.179460887401234004e+00 -6.109567448322418548e-02 -5.917418706393926670e-02 5.741992252902331645e-02 6.293263526157021059e-02
6.182604051636941378e+00 -6.104039451210870743e-02 -5.923159398346859728e-02 5.747601345709327930e-02 6.287616820785085769e-02
6.185747215872648752e+00 -6.098510133364992702e-02 -5.928898727521598327e-02 5.753209261131828761e-02 6.281968582752824048e-02
6.188890380108357014e+00 -6.092979497163354685e-02 -5.934636691424544086e-02 5.758815997060211245e-02 6.276318814886305830e-02
6.192033544344064389e+00 -6.087447544979829317e-02 -5.940373287557323967e-02 5.764421551380972258e-02 6.270667520005797357e-02
6.195176708579771763e+00 -6.081914279183625593e-02 -5.946108513416761138e-02 5.770025921976714572e-02 6.265014700925755631e-02
6.198319872815480025e+00 -6.076379702139271533e-02 -5.951842366494884684e-02 5.775629106726147544e-02 6.259360360454864491e-02
6.201463037051187399e+00 -6.070843816206668297e-02 -5.957574844278879650e-02 5.781231103504056584e-02 6.253704501396052662e-02
6.204606201286894773e+00 -6.065306623741081177e-02 -5.963305944251105772e-02 5.786831910181312877e-02 6.248047126546504154e-02
6.207749365522603036e+00 -6.059768127093145829e-02 -5.969035663889048215e-02 5.792431524624839373e-02 6.242388238697681863e-02
6.210892529758310410e+00 -6.054228328608904364e-02 -5.974764000665350183e-02 5.798029944697617732e-02 6.236727840635344911e-02
6.214035693994017784e+00 -6.048687230629822692e-02 -5.980490952047764347e-02 5.803627168258661956e-02 6.231065935139571549e-02
6.217178858229726046e+00 -6.043144835492773870e-02 -5.986216515499118845e-02 5.809223193163023241e-02 6.225402524984764707e-02
6.220322022465433420e+00 -6.037601145530072794e-02 -5.991940688477349203e-02 5.814818017261752514e-02 6.219737612939685301e-02
6.223465186701140794e+00 -6.032056163069521304e-02 -5.997663468435446288e-02 5.820411638401915000e-02 6.214071201767462638e-02
6.226608350936848169e+00 -6.026509890434345040e-02 -6.003384852821447987e-02 5.826004054426563161e-02 6.208403294225606217e-02
6.229751515172556431e+00 -6.020962329943172625e-02 -6.009104839078457244e-02 5.831595263174733229e-02 6.202733893066038340e-02
6.232894679408263805e+00 -6.015413483911458137e-02 -6.014823424644170913e-02 5.837185262481413284e-02 6.197063001035105212e-02
6.236037843643971179e+00 -6.020540606953023177e-02 -6.009863354645728767e-02 5.842774050177560602e-02 6.191390620873584577e-02
6.239181007879679441e+00 -6.026256383431755070e-02 -6.004311944454258226e-02 5.848361624090069738e-02 6.185716755316720411e-02
6.242324172115386816e+00 -6.031970751503944878e-02 -5.998759255636899185e-02 5.853947982041758646e-02 6.180041407094237493e-02
6.245467336351094190e+00 -6.037683708587594789e-02 -5.993205290490007803e-02 5.859533121851368681e-02 6.174364578930337938e-02
6.248610500586802452e+00 -6.043395252095725562e-02 -5.987650051305452858e-02 5.865117041333550024e-02 6.168686273543749071e-02
6.251753664822509826e+00 -6.049105379436246765e-02 -5.982093540370721219e-02 5.870699738298831849e-02 6.163006493647725514e-02
6.254896829058217200e+00 -6.054814088011986617e-02 -5.976535759968921308e-02 5.876281210553630646e-02 6.157325241950061673e-02
6.258039993293924574e+00 -6.060521375220670470e-02 -5.970976712378726903e-02 5.881861455900237734e-02 6.151642521153124349e-02
6.261183157529632837e+00 -6.066227238454915266e-02 -5.965416399874441666e-02 5.887440472136783870e-02 6.145958333953848579e-02
6.264326321765340211e+00 -6.071931675102187204e-02 -5.959854824726015798e-02 5.893018257057253823e-02 6.140272683043777879e-02
6.267469486001047585e+00 -6.077634682544802436e-02 -5.954291989199033547e-02 5.898594808451453064e-02 6.134585571109073959e-02
6.270612650236755847e+00 -6.083336258159921517e-02 -5.948727895554735412e-02 5.904170124105014017e-02 6.128897000830516029e-02
6.273755814472463221e+00 -6.089036399319503606e-02 -5.943162546050044515e-02 5.909744201799355806e-02 6.123206974883542431e-02
6.276898978708170596e+00 -6.094735103390316877e-02 -5.937595942937570065e-02 5.915317039311709935e-02 6.117515495938259662e-02
6.280042142943878858e+00 -6.100432367733912148e-02 -5.932028088465613608e-02 5.920888634415072405e-02 6.111822566659447231e-02
6.283185307179586232e+00 -6.106128189706596515e-02 -5.926458984878198166e-02 5.926458984878198166e-02 6.106128189706597209e-02
