Dv	E1	E2	E3	E4	E5	E6	E7	E8
0.000000000000000000e+00	-6.106128189706599291e-02	-5.926458984878331393e-02	5.926458984878332781e-02	6.106128189706601372e-02	-6.106128189706601372e-02	-5.926458984878332781e-02	5.926458984878331393e-02	6.106128189706599291e-02
2.052052052052052023e-04	-6.094994926740954222e-02	-5.914964812104640812e-02	5.937947849897451391e-02	6.117255933151582309e-02	-6.117255933151582309e-02	-5.937947849897451391e-02	5.914964812104640812e-02	6.094994926740954222e-02
4.104104104104104047e-04	-6.083856164011254564e-02	-5.903465351190666927e-02	5.949431387471381533e-02	6.128378137243502277e-02	-6.128378137243502277e-02	-5.949431387471381533e-02	5.903465351190666927e-02	6.083856164011254564e-02
6.156156156156155799e-04	-6.072711921196852908e-02	-5.891960621673747456e-02	5.960909577831215167e-02	6.139494782071674289e-02	-6.139494782071674289e-02	-5.960909577831215167e-02	5.891960621673747456e-02	6.072711921196852908e-02
8.208208208208208094e-04	-6.061562217901925176e-02	-5.880450643014392687e-02	5.972382401129482793e-02	6.150605847647924729e-02	-6.150605847647924729e-02	-5.972382401129482793e-02	5.880450643014392687e-02	6.061562217901925176e-02
1.026026026026025930e-03	-6.050407073654526235e-02	-5.868935434597913336e-02	5.983849837441010400e-02	6.161711313906242937e-02	-6.161711313906242937e-02	-5.983849837441010400e-02	5.868935434597913336e-02	6.050407073654526235e-02
1.231231231231231160e-03	-6.039246507908235806e-02	-5.857415015734619701e-02	5.995311866760458935e-02	6.172811160701105471e-02	-6.172811160701105471e-02	-5.995311866760458935e-02	5.857415015734619701e-02	6.039246507908235806e-02
1.436436436436436389e-03	-6.028080540042327073e-02	-5.845889405659039639e-02	6.006768469003778699e-02	6.183905367810418885e-02	-6.183905367810418885e-02	-6.006768469003778699e-02	5.845889405659039639e-02	6.028080540042327073e-02
1.641641641641641619e-03	-6.016909189361116517e-02	-5.834358623532304167e-02	6.018219624005754359e-02	6.194993914924223910e-02	-6.194993914924223910e-02	-6.018219624005754359e-02	5.834358623532304167e-02	6.016909189361116517e-02
1.846846846846846848e-03	-6.005732475096347417e-02	-5.822822688440777716e-02	6.029665311520698151e-02	6.206076781663408259e-02	-6.206076781663408259e-02	-6.029665311520698151e-02	5.822822688440777716e-02	6.005732475096347417e-02
2.052052052052051861e-03	-5.994550416405700771e-02	-5.811281619398180054e-02	6.041105511222370078e-02	6.217153947561376154e-02	-6.217153947561376154e-02	-6.041105511222370078e-02	5.811281619398180054e-02	5.994550416405700771e-02
2.257257257257257090e-03	-5.983363032374901247e-02	-5.799735435345157453e-02	6.052540202701955918e-02	6.228225392071319588e-02	-6.228225392071319588e-02	-6.052540202701955918e-02	5.799735435345157453e-02	5.983363032374901247e-02
2.462462462462462320e-03	-5.972170342016750594e-02	-5.788184155149223020e-02	6.063969365468407230e-02	6.239291094565704854e-02	-6.239291094565704854e-02	-6.063969365468407230e-02	5.788184155149223020e-02	5.972170342016750594e-02
2.667667667667667549e-03	-5.960972364272857510e-02	-5.776627797606644077e-02	6.075392978948643968e-02	6.250351034333150035e-02	-6.250351034333150035e-02	-6.075392978948643968e-02	5.776627797606644077e-02	5.960972364272857510e-02
2.872872872872872779e-03	-5.949769118014458513e-02	-5.765066381441155685e-02	6.086811022485469347e-02	6.261405190580741909e-02	-6.261405190580741909e-02	-6.086811022485469347e-02	5.765066381441155685e-02	5.949769118014458513e-02
3.078078078078078008e-03	-5.938560622035428394e-02	-5.753499925306210239e-02	6.098223475337749555e-02	6.272453542432095130e-02	-6.272453542432095130e-02	-6.098223475337749555e-02	5.753499925306210239e-02	5.938560622035428394e-02
3.283283283283283237e-03	-5.927346895069701693e-02	-5.741928447784293982e-02	6.109630316680795398e-02	6.283496068926333611e-02	-6.283496068926333611e-02	-6.109630316680795398e-02	5.741928447784293982e-02	5.927346895069701693e-02
3.488488488488488467e-03	-5.916127955773288483e-02	-5.730351967387076195e-02	6.121031525604142542e-02	6.294532749019132734e-02	-6.294532749019132734e-02	-6.121031525604142542e-02	5.730351967387076195e-02	5.916127955773288483e-02
3.693693693693693696e-03	-5.904903822735264873e-02	-5.718770502557142532e-02	6.132427081111743727e-02	6.305563561580321275e-02	-6.305563561580321275e-02	-6.132427081111743727e-02	5.718770502557142532e-02	5.904903822735264873e-02
3.898898898898898926e-03	-5.893674514474531861e-02	-5.707184071670741432e-02	6.143816962122362890e-02	6.316588485394590557e-02	-6.316588485394590557e-02	-6.143816962122362890e-02	5.707184071670741432e-02	5.893674514474531861e-02
4.104104104104103722e-03	-5.882440049441949731e-02	-5.695592693020049002e-02	6.155201147467305456e-02	6.327607499161147508e-02	-6.327607499161147508e-02	-6.155201147467305456e-02	5.695592693020049002e-02	5.882440049441949731e-02
4.309309309309308951e-03	-5.871200446019236852e-02	-5.683996384852355033e-02	6.166579615890652871e-02	6.338620581492074302e-02	-6.338620581492074302e-02	-6.166579615890652871e-02	5.683996384852355033e-02	5.871200446019236852e-02
4.514514514514514180e-03	-5.859955722520721055e-02	-5.672395165330335054e-02	6.177952346049615795e-02	6.349627710912178480e-02	-6.349627710912178480e-02	-6.177952346049615795e-02	5.672395165330335054e-02	5.859955722520721055e-02
4.719719719719719410e-03	-5.848705897192544440e-02	-5.660789052553649725e-02	6.189319316512147812e-02	6.360628865859475900e-02	-6.360628865859475900e-02	-6.189319316512147812e-02	5.660789052553649725e-02	5.848705897192544440e-02
4.924924924924924639e-03	-5.837450988214207964e-02	-5.649178064553835033e-02	6.200680505757382582e-02	6.371624024682878695e-02	-6.371624024682878695e-02	-6.200680505757382582e-02	5.649178064553835033e-02	5.837450988214207964e-02
5.130130130130129869e-03	-5.826191013697781806e-02	-5.637562219296216037e-02	6.212035892175837848e-02	6.382613165643445663e-02	-6.382613165643445663e-02	-6.212035892175837848e-02	5.637562219296216037e-02	5.826191013697781806e-02
5.335335335335335098e-03	-5.814925991689634532e-02	-5.625941534679647360e-02	6.223385454066897998e-02	6.393596266911971693e-02	-6.393596266911971693e-02	-6.223385454066897998e-02	5.625941534679647360e-02	5.814925991689634532e-02
5.540540540540540328e-03	-5.803655940169341609e-02	-5.614316028536159298e-02	6.234729169639922214e-02	6.404573306569653901e-02	-6.404573306569653901e-02	-6.234729169639922214e-02	5.614316028536159298e-02	5.803655940169341609e-02
5.745745745745745557e-03	-5.792380877051475641e-02	-5.602685718632896550e-02	6.246067017012345984e-02	6.415544262607773829e-02	-6.415544262607773829e-02	-6.246067017012345984e-02	5.602685718632896550e-02	5.792380877051475641e-02
5.950950950950950787e-03	-5.781100820185471056e-02	-5.591050622671014936e-02	6.257398974210783005e-02	6.426509112925818390e-02	-6.426509112925818390e-02	-6.257398974210783005e-02	5.591050622671014936e-02	5.781100820185471056e-02
6.156156156156156016e-03	-5.769815787355103004e-02	-5.579410758287545180e-02	6.268725019168711055e-02	6.437467835331625587e-02	-6.437467835331625587e-02	-6.268725019168711055e-02	5.579410758287545180e-02	5.769815787355103004e-02
6.361361361361361245e-03	-5.758525796280769549e-02	-5.567766143054118239e-02	6.280045129726140318e-02	6.448420407541555210e-02	-6.448420407541555210e-02	-6.280045129726140318e-02	5.567766143054118239e-02	5.758525796280769549e-02
6.566566566566566475e-03	-5.747230864617739604e-02	-5.556116794479050436e-02	6.291359283630507115e-02	6.459366807178455738e-02	-6.459366807178455738e-02	-6.291359283630507115e-02	5.556116794479050436e-02	5.747230864617739604e-02
6.771771771771771704e-03	-5.735931009958628035e-02	-5.544462730006860518e-02	6.302667458534108591e-02	6.470307011771533889e-02	-6.470307011771533889e-02	-6.302667458534108591e-02	5.544462730006860518e-02	5.735931009958628035e-02
6.976976976976976934e-03	-5.724626249831731711e-02	-5.532803967018118385e-02	6.313969631994137410e-02	6.481240998756858385e-02	-6.481240998756858385e-02	-6.313969631994137410e-02	5.532803967018118385e-02	5.724626249831731711e-02
7.182182182182182163e-03	-5.713316601703390119e-02	-5.521140522831207570e-02	6.325265781473297932e-02	6.492168745474886926e-02	-6.492168745474886926e-02	-6.325265781473297932e-02	5.521140522831207570e-02	5.713316601703390119e-02
7.387387387387387393e-03	-5.702002082976433128e-02	-5.509472414701243465e-02	6.336555884336950162e-02	6.503090229171774872e-02	-6.503090229171774872e-02	-6.336555884336950162e-02	5.509472414701243465e-02	5.702002082976433128e-02
7.592592592592592622e-03	-5.690682710992414628e-02	-5.497799659821916984e-02	6.347839917854301850e-02	6.514005426996827275e-02	-6.514005426996827275e-02	-6.347839917854301850e-02	5.497799659821916984e-02	5.690682710992414628e-02
7.797797797797797852e-03	-5.679358503030162986e-02	-5.486122275324240016e-02	6.359117859196355971e-02	6.524914316003174730e-02	-6.524914316003174730e-02	-6.359117859196355971e-02	5.486122275324240016e-02	5.679358503030162986e-02
8.003003003003002214e-03	-5.668029476307935577e-02	-5.474440278278791538e-02	6.370389685437127802e-02	6.535816873147447248e-02	-6.535816873147447248e-02	-6.370389685437127802e-02	5.474440278278791538e-02	5.668029476307935577e-02
8.208208208208207443e-03	-5.656695647981995617e-02	-5.462753685693977346e-02	6.381655373550979005e-02	6.546713075287514949e-02	-6.546713075287514949e-02	-6.381655373550979005e-02	5.462753685693977346e-02	5.656695647981995617e-02
8.413413413413412673e-03	-5.645357035148748648e-02	-5.451062514518434376e-02	6.392914900412662027e-02	6.557602899183188894e-02	-6.557602899183188894e-02	-6.392914900412662027e-02	5.451062514518434376e-02	5.645357035148748648e-02
8.618618618618617902e-03	-5.634013654843357533e-02	-5.439366781640241760e-02	6.404168242797937671e-02	6.568486321495851932e-02	-6.568486321495851932e-02	-6.404168242797937671e-02	5.439366781640241760e-02	5.634013654843357533e-02
8.823823823823823131e-03	-5.622665524041791513e-02	-5.427666503887024207e-02	6.415415377380521977e-02	6.579363318786209114e-02	-6.579363318786209114e-02	-6.415415377380521977e-02	5.427666503887024207e-02	5.622665524041791513e-02
9.029029029029028361e-03	-5.611312659659495328e-02	-5.415961698027458443e-02	6.426656280733443471e-02	6.590233867515273014e-02	-6.590233867515273014e-02	-6.426656280733443471e-02	5.415961698027458443e-02	5.611312659659495328e-02
9.234234234234233590e-03	-5.599955078553458393e-02	-5.404252380770346864e-02	6.437890929326813005e-02	6.601097944042315369e-02	-6.601097944042315369e-02	-6.437890929326813005e-02	5.404252380770346864e-02	5.599955078553458393e-02
9.439439439439438820e-03	-5.588592797520796490e-02	-5.392538568766241935e-02	6.449119299529168514e-02	6.611955524626013381e-02	-6.611955524626013381e-02	-6.449119299529168514e-02	5.392538568766241935e-02	5.588592797520796490e-02
9.644644644644644049e-03	-5.577225833300880620e-02	-5.380820278606418539e-02	6.460341367604342799e-02	6.622806585421918413e-02	-6.622806585421918413e-02	-6.460341367604342799e-02	5.380820278606418539e-02	5.577225833300880620e-02
9.849849849849849279e-03	-5.565854202573892323e-02	-5.369097526824791189e-02	6.471557109712575140e-02	6.633651102482275574e-02	-6.633651102482275574e-02	-6.471557109712575140e-02	5.369097526824791189e-02	5.565854202573892323e-02
1.005505505505505451e-02	-5.554477921962972659e-02	-5.357370329896507521e-02	6.482766501908433787e-02	6.644489051756662101e-02	-6.644489051756662101e-02	-6.482766501908433787e-02	5.357370329896507521e-02	5.554477921962972659e-02
1.026026026026025974e-02	-5.543097008032697032e-02	-5.345638704240184697e-02	6.493969520142112151e-02	6.655320409089356126e-02	-6.655320409089356126e-02	-6.493969520142112151e-02	5.345638704240184697e-02	5.543097008032697032e-02
1.046546546546546497e-02	-5.531711477291335888e-02	-5.333902666216259331e-02	6.505166140256295193e-02	6.666145150219512927e-02	-6.666145150219512927e-02	-6.505166140256295193e-02	5.333902666216259331e-02	5.531711477291335888e-02
1.067067067067067020e-02	-5.520321346189221295e-02	-5.322162232129168391e-02	6.516356337987160019e-02	6.676963250781396686e-02	-6.676963250781396686e-02	-6.516356337987160019e-02	5.322162232129168391e-02	5.520321346189221295e-02
1.087587587587587543e-02	-5.508926631119207690e-02	-5.310417418226751757e-02	6.527540088962335840e-02	6.687774686301757587e-02	-6.687774686301757587e-02	-6.527540088962335840e-02	5.310417418226751757e-02	5.508926631119207690e-02
1.108108108108108066e-02	-5.497527348424469107e-02	-5.298668240700113441e-02	6.538717368702212651e-02	6.698579432200367501e-02	-6.698579432200367501e-02	-6.538717368702212651e-02	5.298668240700113441e-02	5.497527348424469107e-02
1.128628628628628588e-02	-5.486123514381255339e-02	-5.286914715685303578e-02	6.549888152616688275e-02	6.709377463789834017e-02	-6.709377463789834017e-02	-6.549888152616688275e-02	5.286914715685303578e-02	5.486123514381255339e-02
1.149149149149149111e-02	-5.474715145218104345e-02	-5.275156859262212367e-02	6.561052416006211974e-02	6.720168756273030286e-02	-6.720168756273030286e-02	-6.561052416006211974e-02	5.275156859262212367e-02	5.474715145218104345e-02
1.169669669669669634e-02	-5.463302257105672605e-02	-5.263394687456192378e-02	6.572210134059719433e-02	6.730953284744176091e-02	-6.730953284744176091e-02	-6.572210134059719433e-02	5.263394687456192378e-02	5.463302257105672605e-02
1.190190190190190157e-02	-5.451884866160268406e-02	-5.251628216237183566e-02	6.583361281855940050e-02	6.741731024186642385e-02	-6.741731024186642385e-02	-6.583361281855940050e-02	5.251628216237183566e-02	5.451884866160268406e-02
1.210710710710710680e-02	-5.440462988442920644e-02	-5.239857461521201659e-02	6.594505834359920549e-02	6.752501949474117027e-02	-6.752501949474117027e-02	-6.594505834359920549e-02	5.239857461521201659e-02	5.440462988442920644e-02
1.231231231231231203e-02	-5.429036639960843624e-02	-5.228082439169501328e-02	6.605643766424328100e-02	6.763266035367652973e-02	-6.763266035367652973e-02	-6.605643766424328100e-02	5.228082439169501328e-02	5.429036639960843624e-02
1.251751751751751726e-02	-5.417605836666693903e-02	-5.216303164990061803e-02	6.616775052787667033e-02	6.774023256516058245e-02	-6.774023256516058245e-02	-6.616775052787667033e-02	5.216303164990061803e-02	5.417605836666693903e-02
1.272272272272272249e-02	-5.406170594459883127e-02	-5.204519654736719514e-02	6.627899668073443384e-02	6.784773587455908417e-02	-6.784773587455908417e-02	-6.627899668073443384e-02	5.204519654736719514e-02	5.406170594459883127e-02
1.292792792792792772e-02	-5.394730929185860557e-02	-5.192731924110700892e-02	6.639017586790774139e-02	6.795517002608750246e-02	-6.795517002608750246e-02	-6.639017586790774139e-02	5.192731924110700892e-02	5.394730929185860557e-02
1.313313313313313295e-02	-5.383286856637557044e-02	-5.180939988759673126e-02	6.650128783331481219e-02	6.806253476282188297e-02	-6.806253476282188297e-02	-6.650128783331481219e-02	5.180939988759673126e-02	5.383286856637557044e-02
1.333833833833833818e-02	-5.371838392554372649e-02	-5.169143864279386602e-02	6.661233231970779822e-02	6.816982982667756097e-02	-6.816982982667756097e-02	-6.661233231970779822e-02	5.169143864279386602e-02	5.371838392554372649e-02
1.354354354354354341e-02	-5.360385552624006428e-02	-5.157343566212568148e-02	6.672330906865277245e-02	6.827705495841916716e-02	-6.827705495841916716e-02	-6.672330906865277245e-02	5.157343566212568148e-02	5.360385552624006428e-02
1.374874874874874864e-02	-5.348928352481283760e-02	-5.145539110050700859e-02	6.683421782054355109e-02	6.838420989762937496e-02	-6.838420989762937496e-02	-6.683421782054355109e-02	5.145539110050700859e-02	5.348928352481283760e-02
1.395395395395395387e-02	-5.337466807709102812e-02	-5.133730511232845184e-02	6.694505831456368239e-02	6.849129438271979453e-02	-6.849129438271979453e-02	-6.694505831456368239e-02	5.133730511232845184e-02	5.337466807709102812e-02
1.415915915915915910e-02	-5.326000933839405982e-02	-5.121917785147424296e-02	6.705583028869969986e-02	6.859830815090828260e-02	-6.859830815090828260e-02	-6.705583028869969986e-02	5.121917785147424296e-02	5.326000933839405982e-02
1.436436436436436433e-02	-5.314530746352022494e-02	-5.110100947131047955e-02	6.716653347972544041e-02	6.870525093823141860e-02	-6.870525093823141860e-02	-6.716653347972544041e-02	5.110100947131047955e-02	5.314530746352022494e-02
1.456956956956956956e-02	-5.303056260676419775e-02	-5.098280012470273598e-02	6.727716762318756982e-02	6.881212247951128125e-02	-6.881212247951128125e-02	-6.727716762318756982e-02	5.098280012470273598e-02	5.303056260676419775e-02
1.477477477477477479e-02	-5.291577492190742416e-02	-5.086454996400444073e-02	6.738773245341826701e-02	6.891892250836581524e-02	-6.891892250836581524e-02	-6.738773245341826701e-02	5.086454996400444073e-02	5.291577492190742416e-02
1.497997997997998001e-02	-5.280094456223217991e-02	-5.074625914107447344e-02	6.749822770349672707e-02	6.902565075718612719e-02	-6.902565075718612719e-02	-6.749822770349672707e-02	5.074625914107447344e-02	5.280094456223217991e-02
1.518518518518518524e-02	-5.268607168051369499e-02	-5.062792780726558389e-02	6.760865310526202598e-02	6.913230695714954466e-02	-6.913230695714954466e-02	-6.760865310526202598e-02	5.062792780726558389e-02	5.268607168051369499e-02
1.539039039039039047e-02	-5.257115642903457259e-02	-5.050955611344161433e-02	6.771900838929754973e-02	6.923889083818478285e-02	-6.923889083818478285e-02	-6.771900838929754973e-02	5.050955611344161433e-02	5.257115642903457259e-02
1.559559559559559570e-02	-5.245619895957414486e-02	-5.039114420996609889e-02	6.782929328492008636e-02	6.934540212898297751e-02	-6.934540212898297751e-02	-6.782929328492008636e-02	5.039114420996609889e-02	5.245619895957414486e-02
1.580080080080080093e-02	-5.234119942342688181e-02	-5.027269224671945813e-02	6.793950752017055561e-02	6.945184055697438408e-02	-6.945184055697438408e-02	-6.793950752017055561e-02	5.027269224671945813e-02	5.234119942342688181e-02
1.600600600600600443e-02	-5.222615797138981109e-02	-5.015420037308763318e-02	6.804965082181861635e-02	6.955820584834131182e-02	-6.955820584834131182e-02	-6.804965082181861635e-02	5.015420037308763318e-02	5.222615797138981109e-02
1.621121121121121139e-02	-5.211107475377427245e-02	-5.003566873797894721e-02	6.815972291533022032e-02	6.966449772798213869e-02	-6.966449772798213869e-02	-6.815972291533022032e-02	5.003566873797894721e-02	5.211107475377427245e-02
1.641641641641641489e-02	-5.199594992041037950e-02	-4.991709748981318362e-02	6.826972352487607754e-02	6.977071591952287155e-02	-6.977071591952287155e-02	-6.826972352487607754e-02	4.991709748981318362e-02	5.199594992041037950e-02
1.662162162162162185e-02	-5.188078362064112853e-02	-4.979848677653753858e-02	6.837965237331583568e-02	6.987686014529460865e-02	-6.987686014529460865e-02	-6.837965237331583568e-02	4.979848677653753858e-02	5.188078362064112853e-02
1.682682682682682535e-02	-5.176557600333543674e-02	-4.967983674561710083e-02	6.848950918218359163e-02	6.998293012634368426e-02	-6.998293012634368426e-02	-6.848950918218359163e-02	4.967983674561710083e-02	5.176557600333543674e-02
1.703203203203203231e-02	-5.165032721687939227e-02	-4.956114754404912504e-02	6.859929367170039538e-02	7.008892558239691872e-02	-7.008892558239691872e-02	-6.859929367170039538e-02	4.956114754404912504e-02	5.165032721687939227e-02
1.723723723723723580e-02	-5.153503740919251203e-02	-4.944241931835480219e-02	6.870900556073276932e-02	7.019484623187163819e-02	-7.019484623187163819e-02	-6.870900556073276932e-02	4.944241931835480219e-02	5.153503740919251203e-02
1.744244244244244277e-02	-5.141970672771664641e-02	-4.932365221459264482e-02	6.881864456683166320e-02	7.030069179186056172e-02	-7.030069179186056172e-02	-6.881864456683166320e-02	4.932365221459264482e-02	5.141970672771664641e-02
1.764764764764764626e-02	-5.130433531942636682e-02	-4.920484637835059738e-02	6.892821040608458627e-02	7.040646197811535612e-02	-7.040646197811535612e-02	-6.892821040608458627e-02	4.920484637835059738e-02	5.130433531942636682e-02
1.785285285285285323e-02	-5.118892333083418372e-02	-4.908600195475937289e-02	6.903770279337033411e-02	7.051215650505890387e-02	-7.051215650505890387e-02	-6.903770279337033411e-02	4.908600195475937289e-02	5.118892333083418372e-02
1.805805805805805672e-02	-5.107347090798407957e-02	-4.896711908848444539e-02	6.914712144208258471e-02	7.061777508574652862e-02	-7.061777508574652862e-02	-6.914712144208258471e-02	4.896711908848444539e-02	5.107347090798407957e-02
1.826326326326326369e-02	-5.095797819646490784e-02	-4.884819792373967101e-02	6.925646606425045482e-02	7.072331743187795783e-02	-7.072331743187795783e-02	-6.925646606425045482e-02	4.884819792373967101e-02	5.095797819646490784e-02
1.846846846846846718e-02	-5.084244534140273247e-02	-4.872923860427812864e-02	6.936573637051916819e-02	7.082878325377975348e-02	-7.082878325377975348e-02	-6.936573637051916819e-02	4.872923860427812864e-02	5.084244534140273247e-02
1.867367367367367414e-02	-5.072687248746729494e-02	-4.861024127339376444e-02	6.947493207011165572e-02	7.093417226039000489e-02	-7.093417226039000489e-02	-6.947493207011165572e-02	4.861024127339376444e-02	5.072687248746729494e-02
1.887887887887887764e-02	-5.061125977888127070e-02	-4.849120607398212796e-02	6.958405287083761770e-02	7.103948415927005544e-02	-7.103948415927005544e-02	-6.958405287083761770e-02	4.849120607398212796e-02	5.061125977888127070e-02
1.908408408408408460e-02	-5.049560735941054784e-02	-4.837213314840652090e-02	6.969309847908113087e-02	7.114471865656472882e-02	-7.114471865656472882e-02	-6.969309847908113087e-02	4.837213314840652090e-02	5.049560735941054784e-02
1.928928928928928810e-02	-5.037991537237848649e-02	-4.825302263864966745e-02	6.980206859978375922e-02	7.124987545701397251e-02	-7.124987545701397251e-02	-6.980206859978375922e-02	4.825302263864966745e-02	5.037991537237848649e-02
1.949449449449449506e-02	-5.026418396065741867e-02	-4.813387468622948306e-02	6.991096293643919712e-02	7.135495426393499707e-02	-7.135495426393499707e-02	-6.991096293643919712e-02	4.813387468622948306e-02	5.026418396065741867e-02
1.969969969969969856e-02	-5.014841326668337262e-02	-4.801468943223326236e-02	7.001978119107538090e-02	7.145995477920706607e-02	-7.145995477920706607e-02	-7.001978119107538090e-02	4.801468943223326236e-02	5.014841326668337262e-02
1.990490490490490552e-02	-5.003260343244561592e-02	-4.789546701730394013e-02	7.012852306426596571e-02	7.156487670328164075e-02	-7.156487670328164075e-02	-7.012852306426596571e-02	4.789546701730394013e-02	5.003260343244561592e-02
2.011011011011010902e-02	-4.991675459949724419e-02	-4.777620758165727205e-02	7.023718825508645791e-02	7.166971973514317529e-02	-7.166971973514317529e-02	-7.023718825508645791e-02	4.777620758165727205e-02	4.991675459949724419e-02
2.031531531531531598e-02	-4.980086690895919876e-02	-4.765691126507136388e-02	7.034577646112530336e-02	7.177448357231841491e-02	-7.177448357231841491e-02	-7.034577646112530336e-02	4.765691126507136388e-02	4.980086690895919876e-02
2.052052052052051948e-02	-4.968494050151420205e-02	-4.753757820690052843e-02	7.045428737846781697e-02	7.187916791086114421e-02	-7.187916791086114421e-02	-7.045428737846781697e-02	4.753757820690052843e-02	4.968494050151420205e-02
2.072572572572572644e-02	-4.956897551745939601e-02	-4.741820854606734054e-02	7.056272070168485844e-02	7.198377244534001629e-02	-7.198377244534001629e-02	-7.056272070168485844e-02	4.741820854606734054e-02	4.956897551745939601e-02
2.093093093093092993e-02	-4.945297209650079129e-02	-4.729880242107556421e-02	7.067107612382132753e-02	7.208829686882255172e-02	-7.208829686882255172e-02	-7.067107612382132753e-02	4.729880242107556421e-02	4.945297209650079129e-02
2.113613613613613690e-02	-4.933693037815573695e-02	-4.717935997000098636e-02	7.077935333638454840e-02	7.219274087288603259e-02	-7.219274087288603259e-02	-7.077935333638454840e-02	4.717935997000098636e-02	4.933693037815573695e-02
2.134134134134134039e-02	-4.922085050136434936e-02	-4.705988133050718197e-02	7.088755202933270938e-02	7.229710414757550829e-02	-7.229710414757550829e-02	-7.088755202933270938e-02	4.705988133050718197e-02	4.922085050136434936e-02
2.154654654654654736e-02	-4.910473260467967949e-02	-4.694036663983471719e-02	7.099567189106384402e-02	7.240138638141357941e-02	-7.240138638141357941e-02	-7.099567189106384402e-02	4.694036663983471719e-02	4.910473260467967949e-02
2.175175175175175085e-02	-4.898857682624203208e-02	-4.682081603480965637e-02	7.110371260839989938e-02	7.250558726138456311e-02	-7.250558726138456311e-02	-7.110371260839989938e-02	4.682081603480965637e-02	4.898857682624203208e-02
2.195695695695695782e-02	-4.887238330376905693e-02	-4.670122965185164593e-02	7.121167386659355003e-02	7.260970647292190605e-02	-7.260970647292190605e-02	-7.121167386659355003e-02	4.670122965185164593e-02	4.887238330376905693e-02
2.216216216216216131e-02	-4.875615217456613637e-02	-4.658160762696347823e-02	7.131955534928646756e-02	7.271374369989162811e-02	-7.271374369989162811e-02	-7.131955534928646756e-02	4.658160762696347823e-02	4.875615217456613637e-02
2.236736736736736827e-02	-4.863988357553011843e-02	-4.646195009574628082e-02	7.142735673851816069e-02	7.281769862460124587e-02	-7.281769862460124587e-02	-7.142735673851816069e-02	4.646195009574628082e-02	4.863988357553011843e-02
2.257257257257257177e-02	-4.852357764314278038e-02	-4.634225719339087751e-02	7.153507771470847543e-02	7.292157092775979066e-02	-7.292157092775979066e-02	-7.153507771470847543e-02	4.634225719339087751e-02	4.852357764314278038e-02
2.277777777777777873e-02	-4.840723451348492856e-02	-4.622252905469002859e-02	7.164271795664546583e-02	7.302536028848369276e-02	-7.302536028848369276e-02	-7.164271795664546583e-02	4.622252905469002859e-02	4.840723451348492856e-02
2.298298298298298223e-02	-4.829085432222608720e-02	-4.610276581403265073e-02	7.175027714147282076e-02	7.312906638428240402e-02	-7.312906638428240402e-02	-7.175027714147282076e-02	4.610276581403265073e-02	4.829085432222608720e-02
2.318818818818818919e-02	-4.817443720463491369e-02	-4.598296760540730027e-02	7.185775494467758207e-02	7.323268889104538049e-02	-7.323268889104538049e-02	-7.185775494467758207e-02	4.598296760540730027e-02	4.817443720463491369e-02
2.339339339339339269e-02	-4.805798329558294557e-02	-4.586313456241346981e-02	7.196515104007746022e-02	7.333622748302980054e-02	-7.333622748302980054e-02	-7.196515104007746022e-02	4.586313456241346981e-02	4.805798329558294557e-02
2.359859859859859965e-02	-4.794149272953915353e-02	-4.574326681824878588e-02	7.207246509980795579e-02	7.343968183284829698e-02	-7.343968183284829698e-02	-7.207246509980795579e-02	4.574326681824878588e-02	4.794149272953915353e-02
2.380380380380380315e-02	-4.782496564057569371e-02	-4.562336450572625907e-02	7.217969679430985552e-02	7.354305161145160974e-02	-7.354305161145160974e-02	-7.217969679430985552e-02	4.562336450572625907e-02	4.782496564057569371e-02
2.400900900900901011e-02	-4.770840216237566545e-02	-4.550342775726379935e-02	7.228684579231609009e-02	7.364633648813777300e-02	-7.364633648813777300e-02	-7.228684579231609009e-02	4.550342775726379935e-02	4.770840216237566545e-02
2.421421421421421361e-02	-4.759180242822488860e-02	-4.538345670489724731e-02	7.239391176083877222e-02	7.374953613050828916e-02	-7.374953613050828916e-02	-7.239391176083877222e-02	4.538345670489724731e-02	4.759180242822488860e-02
2.441941941941942057e-02	-4.747516657102512222e-02	-4.526345148027232507e-02	7.250089436515616548e-02	7.385265020447551176e-02	-7.385265020447551176e-02	-7.250089436515616548e-02	4.526345148027232507e-02	4.747516657102512222e-02
2.462462462462462406e-02	-4.735849472328502313e-02	-4.514341221465806298e-02	7.260779326879908402e-02	7.395567837424600610e-02	-7.395567837424600610e-02	-7.260779326879908402e-02	4.514341221465806298e-02	4.735849472328502313e-02
2.482982982982983103e-02	-4.724178701712954814e-02	-4.502333903893754319e-02	7.271460813353261554e-02	7.405862030230725424e-02	-7.405862030230725424e-02	-7.271460813353261554e-02	4.502333903893754319e-02	4.724178701712954814e-02
2.503503503503503452e-02	-4.712504358430387452e-02	-4.490323208361560181e-02	7.282133861936306019e-02	7.416147564941452663e-02	-7.416147564941452663e-02	-7.282133861936306019e-02	4.490323208361560181e-02	4.712504358430387452e-02
2.524024024024024149e-02	-4.700826455616811256e-02	-4.478309147882578167e-02	7.292798438449264731e-02	7.426424407457765664e-02	-7.426424407457765664e-02	-7.292798438449264731e-02	4.478309147882578167e-02	4.700826455616811256e-02
2.544544544544544498e-02	-4.689145006370248198e-02	-4.466291735432172116e-02	7.303454508532718215e-02	7.436692523504821739e-02	-7.436692523504821739e-02	-7.303454508532718215e-02	4.466291735432172116e-02	4.689145006370248198e-02
2.565065065065065195e-02	-4.677460023751520146e-02	-4.454270983949004670e-02	7.314102037645645038e-02	7.446951878630052313e-02	-7.446951878630052313e-02	-7.314102037645645038e-02	4.454270983949004670e-02	4.677460023751520146e-02
2.585585585585585544e-02	-4.665771520783431464e-02	-4.442246906334430118e-02	7.324740991064034035e-02	7.457202438203890116e-02	-7.457202438203890116e-02	-7.324740991064034035e-02	4.442246906334430118e-02	4.665771520783431464e-02
2.606106106106106240e-02	-4.654079510452036744e-02	-4.430219515452817058e-02	7.335371333879452116e-02	7.467444167415518419e-02	-7.467444167415518419e-02	-7.335371333879452116e-02	4.430219515452817058e-02	4.654079510452036744e-02
2.626626626626626590e-02	-4.642384005705765121e-02	-4.418188824132618375e-02	7.345993030997585715e-02	7.477677031273269326e-02	-7.477677031273269326e-02	-7.345993030997585715e-02	4.418188824132618375e-02	4.642384005705765121e-02
2.647147147147146939e-02	-4.630685019456369511e-02	-4.406154845165203421e-02	7.356606047136828030e-02	7.487900994602890437e-02	-7.487900994602890437e-02	-7.356606047136828030e-02	4.406154845165203421e-02	4.630685019456369511e-02
2.667667667667667636e-02	-4.618982564578444361e-02	-4.394117591306377635e-02	7.367210346826759404e-02	7.498116022046109885e-02	-7.498116022046109885e-02	-7.367210346826759404e-02	4.394117591306377635e-02	4.618982564578444361e-02
2.688188188188187985e-02	-4.607276653912904113e-02	-4.382077075275471467e-02	7.377805894406712361e-02	7.508322078061845095e-02	-7.508322078061845095e-02	-7.377805894406712361e-02	4.382077075275471467e-02	4.607276653912904113e-02
2.708708708708708682e-02	-4.595567300259584265e-02	-4.370033309756602563e-02	7.388392654024242279e-02	7.518519126911826778e-02	-7.518519126911826778e-02	-7.388392654024242279e-02	4.370033309756602563e-02	4.595567300259584265e-02
2.729229229229229031e-02	-4.583854516385888617e-02	-4.357986307397875014e-02	7.398970589633627193e-02	7.528707132685037717e-02	-7.528707132685037717e-02	-7.398970589633627193e-02	4.357986307397875014e-02	4.583854516385888617e-02
2.749749749749749728e-02	-4.572138315022135358e-02	-4.345936080812023289e-02	7.409539664994344021e-02	7.538886059270379081e-02	-7.538886059270379081e-02	-7.409539664994344021e-02	4.345936080812023289e-02	4.572138315022135358e-02
2.770270270270270077e-02	-4.560418708862918474e-02	-4.333882642577110977e-02	7.420099843669529516e-02	7.549055870368139021e-02	-7.549055870368139021e-02	-7.420099843669529516e-02	4.333882642577110977e-02	4.560418708862918474e-02
2.790790790790790774e-02	-4.548695710567799561e-02	-4.321826005235712698e-02	7.430651089024396805e-02	7.559216529485947300e-02	-7.559216529485947300e-02	-7.430651089024396805e-02	4.321826005235712698e-02	4.548695710567799561e-02
2.811311311311311123e-02	-4.536969332760704826e-02	-4.309766181296138809e-02	7.441193364224703288e-02	7.569367999937257063e-02	-7.569367999937257063e-02	-7.441193364224703288e-02	4.309766181296138809e-02	4.536969332760704826e-02
2.831831831831831819e-02	-4.525239588030289389e-02	-4.297703183231764423e-02	7.451726632235119996e-02	7.579510244839868238e-02	-7.579510244839868238e-02	-7.451726632235119996e-02	4.297703183231764423e-02	4.525239588030289389e-02
2.852352352352352169e-02	-4.513506488930862925e-02	-4.285637023481510266e-02	7.462250855817668949e-02	7.589643227114384327e-02	-7.589643227114384327e-02	-7.462250855817668949e-02	4.285637023481510266e-02	4.513506488930862925e-02
2.872872872872872865e-02	-4.501770047981457079e-02	-4.273567714450642041e-02	7.472765997530068927e-02	7.599766909482687238e-02	-7.599766909482687238e-02	-7.472765997530068927e-02	4.273567714450642041e-02	4.501770047981457079e-02
2.893393393393393215e-02	-4.490030277667150793e-02	-4.261495268509898904e-02	7.483272019724096502e-02	7.609881254466376033e-02	-7.609881254466376033e-02	-7.483272019724096502e-02	4.261495268509898904e-02	4.490030277667150793e-02
2.913913913913913911e-02	-4.478287190438107190e-02	-4.249419697996721645e-02	7.493768884543970665e-02	7.619986224384653339e-02	-7.619986224384653339e-02	-7.493768884543970665e-02	4.249419697996721645e-02	4.478287190438107190e-02
2.934434434434434261e-02	-4.466540798710569998e-02	-4.237341015214589335e-02	7.504256553924633366e-02	7.630081781354934589e-02	-7.630081781354934589e-02	-7.504256553924633366e-02	4.237341015214589335e-02	4.466540798710569998e-02
2.954954954954954957e-02	-4.454791114867157065e-02	-4.225259232433496714e-02	7.514734989590104997e-02	7.640167887287996340e-02	-7.640167887287996340e-02	-7.514734989590104997e-02	4.225259232433496714e-02	4.454791114867157065e-02
2.975475475475475307e-02	-4.443038151256167162e-02	-4.213174361890697356e-02	7.525204153052360290e-02	7.650244503888503633e-02	-7.650244503888503633e-02	-7.525204153052360290e-02	4.213174361890697356e-02	4.443038151256167162e-02
2.995995995995996003e-02	-4.431281920192508411e-02	-4.201086415789895279e-02	7.535664005607195515e-02	7.660311592652851997e-02	-7.660311592652851997e-02	-7.535664005607195515e-02	4.201086415789895279e-02	4.431281920192508411e-02
3.016516516516516352e-02	-4.419522433958025104e-02	-4.188995406302456481e-02	7.546114508336052018e-02	7.670369114867513216e-02	-7.670369114867513216e-02	-7.546114508336052018e-02	4.188995406302456481e-02	4.419522433958025104e-02
3.037037037037037049e-02	-4.407759704800808670e-02	-4.176901345566653295e-02	7.556555622101945868e-02	7.680417031607383871e-02	-7.680417031607383871e-02	-7.556555622101945868e-02	4.176901345566653295e-02	4.407759704800808670e-02
3.057557557557557398e-02	-4.395993744936098346e-02	-4.164804245688272927e-02	7.566987307548260488e-02	7.690455303734092252e-02	-7.690455303734092252e-02	-7.566987307548260488e-02	4.164804245688272927e-02	4.395993744936098346e-02
3.078078078078078095e-02	-4.384224566546591345e-02	-4.152704118741258610e-02	7.577409525096917564e-02	7.700483891894313593e-02	-7.700483891894313593e-02	-7.577409525096917564e-02	4.152704118741258610e-02	4.384224566546591345e-02
3.098598598598598444e-02	-4.372452181781800312e-02	-4.140600976766915103e-02	7.587822234946629829e-02	7.710502756518060330e-02	-7.710502756518060330e-02	-7.587822234946629829e-02	4.140600976766915103e-02	4.372452181781800312e-02
3.119119119119119141e-02	-4.360676602758899872e-02	-4.128494831775170182e-02	7.598225397070973441e-02	7.720511857816926560e-02	-7.720511857816926560e-02	-7.598225397070973441e-02	4.128494831775170182e-02	4.360676602758899872e-02
3.139639639639639490e-02	-4.348897841563087452e-02	-4.116385695743678130e-02	7.608618971216629667e-02	7.730511155782375521e-02	-7.730511155782375521e-02	-7.608618971216629667e-02	4.116385695743678130e-02	4.348897841563087452e-02
3.160160160160160187e-02	-4.337115910246890083e-02	-4.104273580618616329e-02	7.619002916901428113e-02	7.740500610183929930e-02	-7.740500610183929930e-02	-7.619002916901428113e-02	4.104273580618616329e-02	4.337115910246890083e-02
3.180680680680680883e-02	-4.325330820831014417e-02	-4.092158498315145998e-02	7.629377193412503755e-02	7.750480180567424771e-02	-7.750480180567424771e-02	-7.629377193412503755e-02	4.092158498315145998e-02	4.325330820831014417e-02
3.201201201201200885e-02	-4.313542585304735999e-02	-4.080040460716894551e-02	7.639741759804402621e-02	7.760449826253193462e-02	-7.760449826253193462e-02	-7.639741759804402621e-02	4.080040460716894551e-02	4.313542585304735999e-02
3.221721721721721582e-02	-4.301751215625149866e-02	-4.067919479676249117e-02	7.650096574897136126e-02	7.770409506334242933e-02	-7.770409506334242933e-02	-7.650096574897136126e-02	4.067919479676249117e-02	4.301751215625149866e-02
3.242242242242242278e-02	-4.289956723718107989e-02	-4.055795567015300918e-02	7.660441597274247894e-02	7.780359179674406489e-02	-7.780359179674406489e-02	-7.660441597274247894e-02	4.055795567015300918e-02	4.289956723718107989e-02
3.262762762762762975e-02	-4.278159121478483651e-02	-4.043668734524886316e-02	7.670776785281531451e-02	7.790298804907051788e-02	-7.790298804907051788e-02	-7.670776785281531451e-02	4.043668734524886316e-02	4.278159121478483651e-02
3.283283283283282977e-02	-4.266358420769528204e-02	-4.031538993965844142e-02	7.681102097022324271e-02	7.800228340430956364e-02	-7.800228340430956364e-02	-7.681102097022324271e-02	4.031538993965844142e-02	4.266358420769528204e-02
3.303803803803803674e-02	-4.254554633423737742e-02	-4.019406357068214253e-02	7.691417490359397924e-02	7.810147744411825854e-02	-7.810147744411825854e-02	-7.691417490359397924e-02	4.019406357068214253e-02	4.254554633423737742e-02
3.324324324324324370e-02	-4.242747771243154942e-02	-4.007270835531900888e-02	7.701722922910508862e-02	7.820056974778054337e-02	-7.820056974778054337e-02	-7.701722922910508862e-02	4.007270835531900888e-02	4.242747771243154942e-02
3.344844844844845067e-02	-4.230937845998683500e-02	-3.995132441027181291e-02	7.712018352046846881e-02	7.829955989219407331e-02	-7.829955989219407331e-02	-7.712018352046846881e-02	3.995132441027181291e-02	4.230937845998683500e-02
3.365365365365365069e-02	-4.219124869431004760e-02	-3.982991185194198480e-02	7.722303734890924309e-02	7.839844745185035879e-02	-7.839844745185035879e-02	-7.722303734890924309e-02	3.982991185194198480e-02	4.219124869431004760e-02
3.385885885885885765e-02	-4.207308853250792818e-02	-3.970847079643230471e-02	7.732579028314476299e-02	7.849723199881500357e-02	-7.849723199881500357e-02	-7.732579028314476299e-02	3.970847079643230471e-02	4.207308853250792818e-02
3.406406406406406462e-02	-4.195489809138167742e-02	-3.958700135955578459e-02	7.742844188936429117e-02	7.859591310270792885e-02	-7.859591310270792885e-02	-7.742844188936429117e-02	3.958700135955578459e-02	4.195489809138167742e-02
3.426926926926927158e-02	-4.183667748743581660e-02	-3.946550365682706396e-02	7.753099173120764354e-02	7.869449033068293131e-02	-7.869449033068293131e-02	-7.753099173120764354e-02	3.946550365682706396e-02	4.183667748743581660e-02
3.447447447447447161e-02	-4.171842683687397579e-02	-3.934397780347392848e-02	7.763343936975113102e-02	7.879296324740742152e-02	-7.879296324740742152e-02	-7.763343936975113102e-02	3.934397780347392848e-02	4.171842683687397579e-02
3.467967967967967857e-02	-4.160014625560867763e-02	-3.922242391442930937e-02	7.773578436345471299e-02	7.889133141504188484e-02	-7.889133141504188484e-02	-7.773578436345471299e-02	3.922242391442930937e-02	4.160014625560867763e-02
3.488488488488488554e-02	-4.148183585925361433e-02	-3.910084210433892316e-02	7.783802626818514536e-02	7.898959439321869003e-02	-7.898959439321869003e-02	-7.783802626818514536e-02	3.910084210433892316e-02	4.148183585925361433e-02
3.509009009009009250e-02	-4.136349576312908782e-02	-3.897923248756430398e-02	7.794016463716441079e-02	7.908775173902152233e-02	-7.908775173902152233e-02	-7.794016463716441079e-02	3.897923248756430398e-02	4.136349576312908782e-02
3.529529529529529253e-02	-4.124512608226833105e-02	-3.885759517818123537e-02	7.804219902095194117e-02	7.918580300696433094e-02	-7.918580300696433094e-02	-7.804219902095194117e-02	3.885759517818123537e-02	4.124512608226833105e-02
3.550050050050049949e-02	-4.112672693141028457e-02	-3.873593028997654453e-02	7.814412896742395365e-02	7.928374774896934651e-02	-7.928374774896934651e-02	-7.814412896742395365e-02	3.873593028997654453e-02	4.112672693141028457e-02
3.570570570570570645e-02	-4.100829842500619549e-02	-3.861423793646272945e-02	7.824595402175754666e-02	7.938158551434572330e-02	-7.938158551434572330e-02	-7.824595402175754666e-02	3.861423793646272945e-02	4.100829842500619549e-02
3.591091091091091342e-02	-4.088984067722442606e-02	-3.849251823086782126e-02	7.834767372638165583e-02	7.947931584977219188e-02	-7.947931584977219188e-02	-7.834767372638165583e-02	3.849251823086782126e-02	4.088984067722442606e-02
3.611611611611611344e-02	-4.077135380194321645e-02	-3.837077128613931853e-02	7.844928762098780928e-02	7.957693829925294171e-02	-7.957693829925294171e-02	-7.844928762098780928e-02	3.837077128613931853e-02	4.077135380194321645e-02
3.632132132132132041e-02	-4.065283791275889347e-02	-3.824899721495253480e-02	7.855079524248613498e-02	7.967445240413058294e-02	-7.967445240413058294e-02	-7.855079524248613498e-02	3.824899721495253480e-02	4.065283791275889347e-02
3.652652652652652737e-02	-4.053429312298881260e-02	-3.812719612970218858e-02	7.865219612498756951e-02	7.977185770303901746e-02	-7.977185770303901746e-02	-7.865219612498756951e-02	3.812719612970218858e-02	4.053429312298881260e-02
3.673173173173173434e-02	-4.041571954566504365e-02	-3.800536814251388729e-02	7.875348979976766473e-02	7.986915373190975331e-02	-7.986915373190975331e-02	-7.875348979976766473e-02	3.800536814251388729e-02	4.041571954566504365e-02
3.693693693693693436e-02	-4.029711729354382155e-02	-3.788351336523554380e-02	7.885467579526615756e-02	7.996634002383061490e-02	-7.996634002383061490e-02	-7.885467579526615756e-02	3.788351336523554380e-02	4.029711729354382155e-02
3.714214214214214133e-02	-4.017848647910081394e-02	-3.776163190944570314e-02	7.895575363702457550e-02	8.006341610925991892e-02	-8.006341610925991892e-02	-7.895575363702457550e-02	3.776163190944570314e-02	4.017848647910081394e-02
3.734734734734734829e-02	-4.005982721454070389e-02	-3.763972388645674128e-02	7.905672284770390301e-02	8.016038151576619641e-02	-8.016038151576619641e-02	-7.905672284770390301e-02	3.763972388645674128e-02	4.005982721454070389e-02
3.755255255255255525e-02	-3.994113961178944600e-02	-3.751778940730862710e-02	7.915758294703263698e-02	8.025723576812253401e-02	-8.025723576812253401e-02	-7.915758294703263698e-02	3.751778940730862710e-02	3.994113961178944600e-02
3.775775775775775528e-02	-3.982242378250011594e-02	-3.739582858277558375e-02	7.925833345178320832e-02	8.035397838826255357e-02	-8.035397838826255357e-02	-7.925833345178320832e-02	3.739582858277558375e-02	3.982242378250011594e-02
3.796296296296296224e-02	-3.970367983805832973e-02	-3.727384152337048090e-02	7.935897387575911732e-02	8.045060889523497627e-02	-8.045060889523497627e-02	-7.935897387575911732e-02	3.727384152337048090e-02	3.970367983805832973e-02
3.816816816816816921e-02	-3.958490788957482603e-02	-3.715182833933897838e-02	7.945950372973897835e-02	8.054712680521416979e-02	-8.054712680521416979e-02	-7.945950372973897835e-02	3.715182833933897838e-02	3.958490788957482603e-02
3.837337337337337617e-02	-3.946610804789346671e-02	-3.702978914066459154e-02	7.955992252149009236e-02	8.064353163144930003e-02	-8.064353163144930003e-02	-7.955992252149009236e-02	3.702978914066459154e-02	3.946610804789346671e-02
3.857857857857857620e-02	-3.934728042359392219e-02	-3.690772403704848520e-02	7.966022975571486475e-02	8.073982288424567944e-02	-8.073982288424567944e-02	-7.966022975571486475e-02	3.690772403704848520e-02	3.934728042359392219e-02
3.878378378378378316e-02	-3.922842512698582196e-02	-3.678563313803256268e-02	7.976042493402547839e-02	8.083600007094111917e-02	-8.083600007094111917e-02	-7.976042493402547839e-02	3.678563313803256268e-02	3.922842512698582196e-02
3.898898898898899013e-02	-3.910954226811726164e-02	-3.666351655274574517e-02	7.986050755493334652e-02	8.093206269588727741e-02	-8.093206269588727741e-02	-7.986050755493334652e-02	3.666351655274574517e-02	3.910954226811726164e-02
3.919419419419419709e-02	-3.899063195677127114e-02	-3.654137439016824640e-02	7.996047711378365119e-02	8.102801026039217758e-02	-8.102801026039217758e-02	-7.996047711378365119e-02	3.654137439016824640e-02	3.899063195677127114e-02
3.939939939939939711e-02	-3.887169430247394697e-02	-3.641920675899668058e-02	8.006033310277768655e-02	8.112384226274046983e-02	-8.112384226274046983e-02	-8.006033310277768655e-02	3.641920675899668058e-02	3.887169430247394697e-02
3.960460460460460408e-02	-3.875272941448706931e-02	-3.629701376767313636e-02	8.016007501090467724e-02	8.121955819813445054e-02	-8.121955819813445054e-02	-8.016007501090467724e-02	3.629701376767313636e-02	3.875272941448706931e-02
3.980980980980981104e-02	-3.863373740181505478e-02	-3.617479552439270551e-02	8.025970232393776771e-02	8.131515755867434192e-02	-8.131515755867434192e-02	-8.025970232393776771e-02	3.617479552439270551e-02	3.863373740181505478e-02
4.001501501501501107e-02	-3.851471837320830094e-02	-3.605255213709694651e-02	8.035921452437200241e-02	8.141063983333382548e-02	-8.141063983333382548e-02	-8.035921452437200241e-02	3.605255213709694651e-02	3.851471837320830094e-02
4.022022022022021803e-02	-3.839567243715710787e-02	-3.593028371347691680e-02	8.045861109144075707e-02	8.150600450793993312e-02	-8.150600450793993312e-02	-8.045861109144075707e-02	3.593028371347691680e-02	3.839567243715710787e-02
4.042542542542542500e-02	-3.827659970190039340e-02	-3.580799036098105542e-02	8.055789150104794571e-02	8.160125106511352533e-02	-8.160125106511352533e-02	-8.055789150104794571e-02	3.580799036098105542e-02	3.827659970190039340e-02
4.063063063063063196e-02	-3.815750027542168243e-02	-3.568567218680865349e-02	8.065705522576294140e-02	8.169637898428724898e-02	-8.169637898428724898e-02	-8.065705522576294140e-02	3.568567218680865349e-02	3.815750027542168243e-02
4.083583583583583199e-02	-3.803837426545749606e-02	-3.556332929791271996e-02	8.075610173475561426e-02	8.179138774164343428e-02	-8.179138774164343428e-02	-8.075610173475561426e-02	3.556332929791271996e-02	3.803837426545749606e-02
4.104104104104103895e-02	-3.791922177948953143e-02	-3.544096180100763521e-02	8.085503049381363716e-02	8.188627681009533199e-02	-8.188627681009533199e-02	-8.085503049381363716e-02	3.544096180100763521e-02	3.791922177948953143e-02
4.124624624624624591e-02	-3.780004292475217659e-02	-3.531856980256299627e-02	8.095384096526941908e-02	8.198104565926911391e-02	-8.198104565926911391e-02	-8.095384096526941908e-02	3.531856980256299627e-02	3.780004292475217659e-02
4.145145145145145288e-02	-3.768083780823529988e-02	-3.519615340880618420e-02	8.105253260800139581e-02	8.207569375543936896e-02	-8.207569375543936896e-02	-8.105253260800139581e-02	3.519615340880618420e-02	3.768083780823529988e-02
4.165665665665665290e-02	-3.756160653667851151e-02	-3.507371272573023280e-02	8.115110487735908984e-02	8.217022056154743570e-02	-8.217022056154743570e-02	-8.115110487735908984e-02	3.507371272573023280e-02	3.756160653667851151e-02
4.186186186186185987e-02	-3.744234921657905307e-02	-3.495124785908727827e-02	8.124955722517891721e-02	8.226462553713530246e-02	-8.226462553713530246e-02	-8.124955722517891721e-02	3.495124785908727827e-02	3.744234921657905307e-02
4.206706706706706683e-02	-3.732306595418906359e-02	-3.482875891439164706e-02	8.134788909972801019e-02	8.235890813832894009e-02	-8.235890813832894009e-02	-8.134788909972801019e-02	3.482875891439164706e-02	3.732306595418906359e-02
4.227227227227227380e-02	-3.720375685552268497e-02	-3.470624599692722495e-02	8.144609994565246702e-02	8.245306781781414074e-02	-8.245306781781414074e-02	-8.144609994565246702e-02	3.470624599692722495e-02	3.720375685552268497e-02
4.247747747747747382e-02	-3.708442202634855411e-02	-3.458370921174098306e-02	8.154418920398812110e-02	8.254710402477556663e-02	-8.254710402477556663e-02	-8.154418920398812110e-02	3.458370921174098306e-02	3.708442202634855411e-02
4.268268268268268079e-02	-3.696506157219905248e-02	-3.446114866364625995e-02	8.164215631209392754e-02	8.264101620490532651e-02	-8.264101620490532651e-02	-8.164215631209392754e-02	3.446114866364625995e-02	3.696506157219905248e-02
4.288788788788788775e-02	-3.684567559836553902e-02	-3.433856445722989481e-02	8.174000070360967762e-02	8.273480380034235748e-02	-8.273480380034235748e-02	-8.174000070360967762e-02	3.433856445722989481e-02	3.684567559836553902e-02
4.309309309309309471e-02	-3.672626420989865553e-02	-3.421595669684572572e-02	8.183772180846168864e-02	8.282846624966246074e-02	-8.282846624966246074e-02	-8.183772180846168864e-02	3.421595669684572572e-02	3.672626420989865553e-02
4.329829829829829474e-02	-3.660682751164418686e-02	-3.409332548661826029e-02	8.193531905279384520e-02	8.292200298780900980e-02	-8.292200298780900980e-02	-8.193531905279384520e-02	3.409332548661826029e-02	3.660682751164418686e-02
4.350350350350350170e-02	-3.648736560816208396e-02	-3.397067093044925379e-02	8.203279185892553560e-02	8.301541344610448292e-02	-8.301541344610448292e-02	-8.203279185892553560e-02	3.397067093044925379e-02	3.648736560816208396e-02
4.370870870870870867e-02	-3.636787860381746063e-02	-3.384799313201115184e-02	8.213013964535573197e-02	8.310869705218584813e-02	-8.310869705218584813e-02	-8.213013964535573197e-02	3.384799313201115184e-02	3.636787860381746063e-02
4.391391391391391563e-02	-3.624836660273130645e-02	-3.372529219475144807e-02	8.222736182669275473e-02	8.320185322999379407e-02	-8.320185322999379407e-02	-8.222736182669275473e-02	3.372529219475144807e-02	3.624836660273130645e-02
4.411911911911911566e-02	-3.612882970879598837e-02	-3.360256822189859605e-02	8.232445781361036330e-02	8.329488139970309124e-02	-8.329488139970309124e-02	-8.232445781361036330e-02	3.360256822189859605e-02	3.612882970879598837e-02
4.432432432432432262e-02	-3.600926802567352980e-02	-3.347982131645532711e-02	8.242142701285162798e-02	8.338778097772775455e-02	-8.338778097772775455e-02	-8.242142701285162798e-02	3.347982131645532711e-02	3.600926802567352980e-02
4.452952952952952959e-02	-3.588968165680195277e-02	-3.335705158120385455e-02	8.251826882715639078e-02	8.348055137667154124e-02	-8.348055137667154124e-02	-8.251826882715639078e-02	3.335705158120385455e-02	3.588968165680195277e-02
4.473473473473473655e-02	-3.577007070538808231e-02	-3.323425911871092514e-02	8.261498265521655116e-02	8.357319200526786007e-02	-8.357319200526786007e-02	-8.261498265521655116e-02	3.323425911871092514e-02	3.577007070538808231e-02
4.493993993993993658e-02	-3.565043527441616455e-02	-3.311144403132090797e-02	8.271156789167648238e-02	8.366570226839036006e-02	-8.366570226839036006e-02	-8.271156789167648238e-02	3.311144403132090797e-02	3.565043527441616455e-02
4.514514514514514354e-02	-3.553077546664422381e-02	-3.298860642116229619e-02	8.280802392706421156e-02	8.375808156697596429e-02	-8.375808156697596429e-02	-8.280802392706421156e-02	3.298860642116229619e-02	3.553077546664422381e-02
4.535035035035035050e-02	-3.541109138461163292e-02	-3.286574639015157201e-02	8.290435014774140410e-02	8.385032929802010981e-02	-8.385032929802010981e-02	-8.290435014774140410e-02	3.286574639015157201e-02	3.541109138461163292e-02
4.555555555555555747e-02	-3.529138313063171634e-02	-3.274286403998624001e-02	8.300054593589600849e-02	8.394244485449976756e-02	-8.394244485449976756e-02	-8.300054593589600849e-02	3.274286403998624001e-02	3.529138313063171634e-02
4.576076076076075749e-02	-3.517165080679995198e-02	-3.261995947215375752e-02	8.309661066949128316e-02	8.403442762537526034e-02	-8.403442762537526034e-02	-8.309661066949128316e-02	3.261995947215375752e-02	3.517165080679995198e-02
4.596596596596596446e-02	-3.505189451499037684e-02	-3.249703278792692718e-02	8.319254372219250793e-02	8.412627699554313387e-02	-8.412627699554313387e-02	-8.319254372219250793e-02	3.249703278792692718e-02	3.505189451499037684e-02
4.617117117117117142e-02	-3.493211435686346955e-02	-3.237408408837229995e-02	8.328834446337662900e-02	8.421799234578020155e-02	-8.421799234578020155e-02	-8.328834446337662900e-02	3.237408408837229995e-02	3.493211435686346955e-02
4.637637637637637839e-02	-3.481231043385842744e-02	-3.225111347434430481e-02	8.338401225804098482e-02	8.430957305268374502e-02	-8.430957305268374502e-02	-8.338401225804098482e-02	3.225111347434430481e-02	3.481231043385842744e-02
4.658158158158157841e-02	-3.469248284720163195e-02	-3.212812104648778838e-02	8.347954646681031432e-02	8.440101848874044521e-02	-8.440101848874044521e-02	-8.347954646681031432e-02	3.212812104648778838e-02	3.469248284720163195e-02
4.678678678678678537e-02	-3.457263169790249918e-02	-3.200510690524297625e-02	8.357494644583494947e-02	8.449232802213962890e-02	-8.449232802213962890e-02	-8.357494644583494947e-02	3.200510690524297625e-02	3.457263169790249918e-02
4.699199199199199234e-02	-3.445275708676194537e-02	-3.188207115084947668e-02	8.367021154680780171e-02	8.458350101683126399e-02	-8.458350101683126399e-02	-8.367021154680780171e-02	3.188207115084947668e-02	3.445275708676194537e-02
4.719719719719719930e-02	-3.433285911436428917e-02	-3.175901388332927344e-02	8.376534111688138662e-02	8.467453683246112250e-02	-8.467453683246112250e-02	-8.376534111688138662e-02	3.175901388332927344e-02	3.433285911436428917e-02
4.740240240240239933e-02	-3.421293788108577261e-02	-3.163593520251341967e-02	8.386033449861854394e-02	8.476543482430304310e-02	-8.476543482430304310e-02	-8.386033449861854394e-02	3.163593520251341967e-02	3.421293788108577261e-02
4.760760760760760629e-02	-3.409299348709048105e-02	-3.151283520802478089e-02	8.395519102998276473e-02	8.485619434325300525e-02	-8.485619434325300525e-02	-8.395519102998276473e-02	3.151283520802478089e-02	3.409299348709048105e-02
4.781281281281281326e-02	-3.397302603233857271e-02	-3.138971399928598000e-02	8.404991004424450241e-02	8.494681473578073738e-02	-8.494681473578073738e-02	-8.404991004424450241e-02	3.138971399928598000e-02	3.397302603233857271e-02
4.801801801801802022e-02	-3.385303561657836829e-02	-3.126657167552324146e-02	8.414449086998952720e-02	8.503729534385315314e-02	-8.503729534385315314e-02	-8.414449086998952720e-02	3.126657167552324146e-02	3.385303561657836829e-02
4.822322322322322025e-02	-3.373302233935473321e-02	-3.114340833575977158e-02	8.423893283098915497e-02	8.512763550493972209e-02	-8.512763550493972209e-02	-8.423893283098915497e-02	3.114340833575977158e-02	3.373302233935473321e-02
4.842842842842842721e-02	-3.361298630000510851e-02	-3.102022407882448762e-02	8.433323524630495505e-02	8.521783455192064038e-02	-8.521783455192064038e-02	-8.433323524630495505e-02	3.102022407882448762e-02	3.361298630000510851e-02
4.863363363363363417e-02	-3.349292759766749061e-02	-3.089701900334699408e-02	8.442739743002962427e-02	8.530789181308720548e-02	-8.530789181308720548e-02	-8.442739743002962427e-02	3.089701900334699408e-02	3.349292759766749061e-02
4.883883883883884114e-02	-3.337284633127274996e-02	-3.077379320776623892e-02	8.452141869139671859e-02	8.539780661207231616e-02	-8.539780661207231616e-02	-8.452141869139671859e-02	3.077379320776623892e-02	3.337284633127274996e-02
4.904404404404404116e-02	-3.325274259955270095e-02	-3.065054679032431367e-02	8.461529833469322304e-02	8.548757826779018743e-02	-8.548757826779018743e-02	-8.461529833469322304e-02	3.065054679032431367e-02	3.325274259955270095e-02
4.924924924924924813e-02	-3.313261650103649369e-02	-3.052727984906944067e-02	8.470903565917177469e-02	8.557720609442968918e-02	-8.557720609442968918e-02	-8.470903565917177469e-02	3.052727984906944067e-02	3.313261650103649369e-02
4.945445445445445509e-02	-3.301246813405828151e-02	-3.040399248186253026e-02	8.480262995904996881e-02	8.566668940136000499e-02	-8.566668940136000499e-02	-8.480262995904996881e-02	3.040399248186253026e-02	3.301246813405828151e-02
4.965965965965966206e-02	-3.289229759674957426e-02	-3.028068478637004415e-02	8.489608052341109101e-02	8.575602749313214479e-02	-8.575602749313214479e-02	-8.489608052341109101e-02	3.028068478637004415e-02	3.289229759674957426e-02
4.986486486486486208e-02	-3.277210498704714176e-02	-3.015735686007098293e-02	8.498938663619709510e-02	8.584521966940306115e-02	-8.584521966940306115e-02	-8.498938663619709510e-02	3.015735686007098293e-02	3.277210498704714176e-02
5.007007007007006905e-02	-3.265189040269009246e-02	-3.003400880025415901e-02	8.508254757611087571e-02	8.593426522487268571e-02	-8.593426522487268571e-02	-8.508254757611087571e-02	3.003400880025415901e-02	3.265189040269009246e-02
5.027527527527527601e-02	-3.253165394122636139e-02	-2.991064070402485106e-02	8.517556261660694239e-02	8.602316344927492253e-02	-8.602316344927492253e-02	-8.517556261660694239e-02	2.991064070402485106e-02	3.253165394122636139e-02
5.048048048048048297e-02	-3.241139570000600018e-02	-2.978725266830009599e-02	8.526843102579122202e-02	8.611191362728445875e-02	-8.611191362728445875e-02	-8.526843102579122202e-02	2.978725266830009599e-02	3.241139570000600018e-02
5.068568568568568300e-02	-3.229111577618864332e-02	-2.966384478981038547e-02	8.536115206641314845e-02	8.620051503850140184e-02	-8.620051503850140184e-02	-8.536115206641314845e-02	2.966384478981038547e-02	3.229111577618864332e-02
5.089089089089088996e-02	-3.217081426674078815e-02	-2.954041716510692750e-02	8.545372499575910885e-02	8.628896695739361744e-02	-8.628896695739361744e-02	-8.545372499575910885e-02	2.954041716510692750e-02	3.217081426674078815e-02
5.109609609609609693e-02	-3.205049126844183860e-02	-2.941696989055478037e-02	8.554614906565125021e-02	8.637726865320675962e-02	-8.637726865320675962e-02	-8.554614906565125021e-02	2.941696989055478037e-02	3.205049126844183860e-02
5.130130130130130389e-02	-3.193014687787799205e-02	-2.929350306233732479e-02	8.563842352233752564e-02	8.646541938997770460e-02	-8.646541938997770460e-02	-8.563842352233752564e-02	2.929350306233732479e-02	3.193014687787799205e-02
5.150650650650650392e-02	-3.180978119144896310e-02	-2.917001677646109681e-02	8.573054760645131001e-02	8.655341842641145478e-02	-8.655341842641145478e-02	-8.573054760645131001e-02	2.917001677646109681e-02	3.180978119144896310e-02
5.171171171171171088e-02	-3.168939430536733826e-02	-2.904651112874903282e-02	8.582252055299009752e-02	8.664126501589207441e-02	-8.664126501589207441e-02	-8.582252055299009752e-02	2.904651112874903282e-02	3.168939430536733826e-02
5.191691691691691785e-02	-3.156898631565742408e-02	-2.892298621484858459e-02	8.591434159118295499e-02	8.672895840636851705e-02	-8.672895840636851705e-02	-8.591434159118295499e-02	2.892298621484858459e-02	3.156898631565742408e-02
5.212212212212212481e-02	-3.144855731816280364e-02	-2.879944213022713265e-02	8.600600994450491310e-02	8.681649784035372353e-02	-8.681649784035372353e-02	-8.600600994450491310e-02	2.879944213022713265e-02	3.144855731816280364e-02
5.232732732732732484e-02	-3.132810740853877313e-02	-2.867587897018016377e-02	8.609752483054984584e-02	8.690388255481820701e-02	-8.690388255481820701e-02	-8.609752483054984584e-02	2.867587897018016377e-02	3.132810740853877313e-02
5.253253253253253180e-02	-3.120763668225978726e-02	-2.855229682982494271e-02	8.618888546102482229e-02	8.699111178118046350e-02	-8.699111178118046350e-02	-8.618888546102482229e-02	2.855229682982494271e-02	3.120763668225978726e-02
5.273773773773773876e-02	-3.108714523461618764e-02	-2.842869580410432861e-02	8.628009104164459375e-02	8.707818474520372110e-02	-8.707818474520372110e-02	-8.628009104164459375e-02	2.842869580410432861e-02	3.108714523461618764e-02
5.294294294294293879e-02	-3.096663316072149202e-02	-2.830507598779202771e-02	8.637114077207083684e-02	8.716510066698283932e-02	-8.716510066698283932e-02	-8.637114077207083684e-02	2.830507598779202771e-02	3.096663316072149202e-02
5.314814814814814575e-02	-3.084610055550514665e-02	-2.818143747548550529e-02	8.646203384589540297e-02	8.725185876083940695e-02	-8.725185876083940695e-02	-8.646203384589540297e-02	2.818143747548550529e-02	3.084610055550514665e-02
5.335335335335335272e-02	-3.072554751371982598e-02	-2.805778036161422906e-02	8.655276945049969473e-02	8.733845823530871078e-02	-8.733845823530871078e-02	-8.655276945049969473e-02	2.805778036161422906e-02	3.072554751371982598e-02
5.355855855855855968e-02	-3.060497412993878896e-02	-2.793410474043510339e-02	8.664334676705955085e-02	8.742489829303012883e-02	-8.742489829303012883e-02	-8.664334676705955085e-02	2.793410474043510339e-02	3.060497412993878896e-02
5.376376376376375971e-02	-3.048438049856193668e-02	-2.781041070604057391e-02	8.673376497042691036e-02	8.751117813073781837e-02	-8.751117813073781837e-02	-8.673376497042691036e-02	2.781041070604057391e-02	3.048438049856193668e-02
5.396896896896896667e-02	-3.036376671383562986e-02	-2.768669835235183785e-02	8.682402322906528080e-02	8.759729693914135307e-02	-8.759729693914135307e-02	-8.682402322906528080e-02	2.768669835235183785e-02	3.036376671383562986e-02
5.417417417417417363e-02	-3.024313286972885040e-02	-2.756296777312483223e-02	8.691412070502954612e-02	8.768325390292541766e-02	-8.768325390292541766e-02	-8.691412070502954612e-02	2.756296777312483223e-02	3.024313286972885040e-02
5.437937937937938060e-02	-3.012247906019348623e-02	-2.743921906194818003e-02	8.700405655382352499e-02	8.776904820061610935e-02	-8.776904820061610935e-02	-8.700405655382352499e-02	2.743921906194818003e-02	3.012247906019348623e-02
5.458458458458458062e-02	-3.000180537890248175e-02	-2.731545231224935186e-02	8.709382992439822224e-02	8.785467900459249802e-02	-8.785467900459249802e-02	-8.709382992439822224e-02	2.731545231224935186e-02	3.000180537890248175e-02
5.478978978978978759e-02	-2.988111191938704059e-02	-2.719166761728962836e-02	8.718343995901628452e-02	8.794014548094702954e-02	-8.794014548094702954e-02	-8.718343995901628452e-02	2.719166761728962836e-02	2.988111191938704059e-02
5.499499499499499455e-02	-2.976039877500357908e-02	-2.706786507016680984e-02	8.727288579320958972e-02	8.802544678946148948e-02	-8.802544678946148948e-02	-8.727288579320958972e-02	2.706786507016680984e-02	2.976039877500357908e-02
5.520020020020020152e-02	-2.963966603894085949e-02	-2.694404476382093044e-02	8.736216655573021683e-02	8.811058208354777266e-02	-8.811058208354777266e-02	-8.736216655573021683e-02	2.694404476382093044e-02	2.963966603894085949e-02
5.540540540540540154e-02	-2.951891380421733935e-02	-2.682020679102778069e-02	8.745128136841844035e-02	8.819555051013724944e-02	-8.819555051013724944e-02	-8.745128136841844035e-02	2.682020679102778069e-02	2.951891380421733935e-02
5.561061061061060851e-02	-2.939814216368655253e-02	-2.669635124440568677e-02	8.754022934615285356e-02	8.828035120966370997e-02	-8.828035120966370997e-02	-8.754022934615285356e-02	2.669635124440568677e-02	2.939814216368655253e-02
5.581581581581581547e-02	-2.927735121003226249e-02	-2.657247821641211052e-02	8.762900959680539059e-02	8.836498331594268285e-02	-8.836498331594268285e-02	-8.762900959680539059e-02	2.657247821641211052e-02	2.927735121003226249e-02
5.602102102102102243e-02	-2.915654103577335066e-02	-2.644858779935067156e-02	8.771762122109846849e-02	8.844944595611911597e-02	-8.844944595611911597e-02	-8.771762122109846849e-02	2.644858779935067156e-02	2.915654103577335066e-02
5.622622622622622246e-02	-2.903571173326451385e-02	-2.632468008536556492e-02	8.780606331255971786e-02	8.853373825062732516e-02	-8.853373825062732516e-02	-8.780606331255971786e-02	2.632468008536556492e-02	2.903571173326451385e-02
5.643143143143142942e-02	-2.891486339469440808e-02	-2.620075516644505831e-02	8.789433495747028813e-02	8.861785931305819763e-02	-8.861785931305819763e-02	-8.789433495747028813e-02	2.620075516644505831e-02	2.891486339469440808e-02
5.663663663663663639e-02	-2.879399611209289278e-02	-2.607681313442645338e-02	8.798243523470958283e-02	8.870180825014523096e-02	-8.870180825014523096e-02	-8.798243523470958283e-02	2.607681313442645338e-02	2.879399611209289278e-02
5.684184184184184335e-02	-2.867310997732367556e-02	-2.595285408098907051e-02	8.807036321573880056e-02	8.878558416163305489e-02	-8.878558416163305489e-02	-8.807036321573880056e-02	2.595285408098907051e-02	2.867310997732367556e-02
5.704704704704704338e-02	-2.855220508209143152e-02	-2.582887809766232223e-02	8.815811796446194892e-02	8.886918614022909502e-02	-8.886918614022909502e-02	-8.815811796446194892e-02	2.582887809766232223e-02	2.855220508209143152e-02
5.725225225225225034e-02	-2.843128151794062364e-02	-2.570488527582159496e-02	8.824569853720905244e-02	8.895261327154918574e-02	-8.895261327154918574e-02	-8.824569853720905244e-02	2.570488527582159496e-02	2.843128151794062364e-02
5.745745745745745731e-02	-2.831033937625479502e-02	-2.558087570669550018e-02	8.833310398257292195e-02	8.903586463399251749e-02	-8.903586463399251749e-02	-8.833310398257292195e-02	2.558087570669550018e-02	2.831033937625479502e-02
5.766266266266266427e-02	-2.818937874826340714e-02	-2.545684948135903958e-02	8.842033334136772948e-02	8.911893929867281683e-02	-8.911893929867281683e-02	-8.842033334136772948e-02	2.545684948135903958e-02	2.818937874826340714e-02
5.786786786786786430e-02	-2.806839972503465119e-02	-2.533280669074070013e-02	8.850738564650614815e-02	8.920183632938205598e-02	-8.920183632938205598e-02	-8.850738564650614815e-02	2.533280669074070013e-02	2.806839972503465119e-02
5.807307307307307126e-02	-2.794740239748226551e-02	-2.520874742561873480e-02	8.859425992296726671e-02	8.928455478243903232e-02	-8.928455478243903232e-02	-8.859425992296726671e-02	2.520874742561873480e-02	2.794740239748226551e-02
5.827827827827827822e-02	-2.782638685636329434e-02	-2.508467177662848657e-02	8.868095518763036145e-02	8.936709370667580976e-02	-8.936709370667580976e-02	-8.868095518763036145e-02	2.508467177662848657e-02	2.782638685636329434e-02
5.848348348348348519e-02	-2.770535319228323301e-02	-2.496057983425585547e-02	8.876747044922871088e-02	8.944945214328407779e-02	-8.944945214328407779e-02	-8.876747044922871088e-02	2.496057983425585547e-02	2.770535319228323301e-02
5.868868868868868521e-02	-2.758430149569108397e-02	-2.483647168884356438e-02	8.885380470821757637e-02	8.953162912578632726e-02	-8.953162912578632726e-02	-8.885380470821757637e-02	2.483647168884356438e-02	2.758430149569108397e-02
5.889389389389389218e-02	-2.746323185688404056e-02	-2.471234743058823083e-02	8.893995695674671020e-02	8.961362367990358124e-02	-8.961362367990358124e-02	-8.893995695674671020e-02	2.471234743058823083e-02	2.746323185688404056e-02
5.909909909909909914e-02	-2.734214436600833353e-02	-2.458820714954693121e-02	8.902592617846998013e-02	8.969543482352812513e-02	-8.969543482352812513e-02	-8.902592617846998013e-02	2.458820714954693121e-02	2.734214436600833353e-02
5.930430430430430611e-02	-2.722103911305776697e-02	-2.446405093563173982e-02	8.911171134851224307e-02	8.977706156656395375e-02	-8.977706156656395375e-02	-8.911171134851224307e-02	2.446405093563173982e-02	2.722103911305776697e-02
5.950950950950950613e-02	-2.709991618787959897e-02	-2.433987887861449595e-02	8.919731143334062862e-02	8.985850291086790176e-02	-8.985850291086790176e-02	-8.919731143334062862e-02	2.433987887861449595e-02	2.709991618787959897e-02
5.971471471471471310e-02	-2.697877568016873728e-02	-2.421569106812529459e-02	8.928272539064996405e-02	8.993975785019119040e-02	-8.993975785019119040e-02	-8.928272539064996405e-02	2.421569106812529459e-02	2.697877568016873728e-02
5.991991991991992006e-02	-2.685761767947330778e-02	-2.409148759369523010e-02	8.936795216932399977e-02	9.002082537001193652e-02	-9.002082537001193652e-02	-8.936795216932399977e-02	2.409148759369523010e-02	2.685761767947330778e-02
6.012512512512512702e-02	-2.673644227519469951e-02	-2.396726854456548289e-02	8.945299070923200258e-02	9.010170444750735530e-02	-9.010170444750735530e-02	-8.945299070923200258e-02	2.396726854456548289e-02	2.673644227519469951e-02
6.033033033033032705e-02	-2.661524955658632619e-02	-2.384303401006259565e-02	8.953783994119032807e-02	9.018239405140479614e-02	-9.018239405140479614e-02	-8.953783994119032807e-02	2.384303401006259565e-02	2.661524955658632619e-02
6.053553553553553401e-02	-2.649403961275974620e-02	-2.371878407923095136e-02	8.962249878683321846e-02	9.026289314195498625e-02	-9.026289314195498625e-02	-8.962249878683321846e-02	2.371878407923095136e-02	2.649403961275974620e-02
6.074074074074074098e-02	-2.637281253267858075e-02	-2.359451884101254268e-02	8.970696615849654831e-02	9.034320067074499971e-02	-9.034320067074499971e-02	-8.970696615849654831e-02	2.359451884101254268e-02	2.637281253267858075e-02
6.094594594594594794e-02	-2.625156840516409962e-02	-2.347023838421690919e-02	8.979124095909291059e-02	9.042331558066529773e-02	-9.042331558066529773e-02	-8.979124095909291059e-02	2.347023838421690919e-02	2.625156840516409962e-02
6.115115115115114797e-02	-2.613030731889522465e-02	-2.334594279751759163e-02	8.987532208206772122e-02	9.050323680575898810e-02	-9.050323680575898810e-02	-8.987532208206772122e-02	2.334594279751759163e-02	2.613030731889522465e-02
6.135635635635635493e-02	-2.600902936240751667e-02	-2.322163216945886607e-02	8.995920841117414912e-02	9.058296327118860181e-02	-9.058296327118860181e-02	-8.995920841117414912e-02	2.322163216945886607e-02	2.600902936240751667e-02
6.156156156156156189e-02	-2.588773462409882029e-02	-2.309730658844887444e-02	9.004289882042927629e-02	9.066249389303862594e-02	-9.066249389303862594e-02	-9.004289882042927629e-02	2.309730658844887444e-02	2.588773462409882029e-02
6.176676676676676886e-02	-2.576642319222374744e-02	-2.297296614276691726e-02	9.012639217397545865e-02	9.074182757827742307e-02	-9.074182757827742307e-02	-9.012639217397545865e-02	2.297296614276691726e-02	2.576642319222374744e-02
6.197197197197196888e-02	-2.564509515489859018e-02	-2.284861092055979689e-02	9.020968732595764650e-02	9.082096322462636373e-02	-9.082096322462636373e-02	-9.020968732595764650e-02	2.284861092055979689e-02	2.564509515489859018e-02
6.217717717717717585e-02	-2.552375060010196595e-02	-2.272424100984861417e-02	9.029278312039969168e-02	9.089989972042707145e-02	-9.089989972042707145e-02	-9.029278312039969168e-02	2.272424100984861417e-02	2.552375060010196595e-02
6.238238238238238281e-02	-2.540238961567326675e-02	-2.259985649852205847e-02	9.037567839107729650e-02	9.097863594460468828e-02	-9.097863594460468828e-02	-9.037567839107729650e-02	2.259985649852205847e-02	2.540238961567326675e-02
6.258758758758758978e-02	-2.528101228931857805e-02	-2.247545747434332580e-02	9.045837196139094871e-02	9.105717076645318542e-02	-9.105717076645318542e-02	-9.045837196139094871e-02	2.247545747434332580e-02	2.528101228931857805e-02
6.279279279279278980e-02	-2.515961870860496108e-02	-2.235104402494677081e-02	9.054086264423655273e-02	9.113550304558624970e-02	-9.113550304558624970e-02	-9.054086264423655273e-02	2.235104402494677081e-02	2.515961870860496108e-02
6.299799799799800371e-02	-2.503820896096557724e-02	-2.222661623784443624e-02	9.062314924187375720e-02	9.121363163181106515e-02	-9.121363163181106515e-02	-9.062314924187375720e-02	2.222661623784443624e-02	2.503820896096557724e-02
6.320320320320320373e-02	-2.491678313370003853e-02	-2.210217420041958938e-02	9.070523054579179845e-02	9.129155536499583556e-02	-9.129155536499583556e-02	-9.070523054579179845e-02	2.210217420041958938e-02	2.491678313370003853e-02
6.340840840840840376e-02	-2.479534131397329033e-02	-2.197771799993337646e-02	9.078710533655592885e-02	9.136927307493684924e-02	-9.136927307493684924e-02	-9.078710533655592885e-02	2.197771799993337646e-02	2.479534131397329033e-02
6.361361361361361766e-02	-2.467388358882072544e-02	-2.185324772352162034e-02	9.086877238373920751e-02	9.144678358130911566e-02	-9.144678358130911566e-02	-9.086877238373920751e-02	2.185324772352162034e-02	2.467388358882072544e-02
6.381881881881881768e-02	-2.455241004514352107e-02	-2.172876345820130839e-02	9.095023044567440706e-02	9.152408569343650768e-02	-9.152408569343650768e-02	-9.095023044567440706e-02	2.172876345820130839e-02	2.455241004514352107e-02
6.402402402402401771e-02	-2.443092076971260795e-02	-2.160426529086408032e-02	9.103147826938373655e-02	9.160117821023279483e-02	-9.160117821023279483e-02	-9.103147826938373655e-02	2.160426529086408032e-02	2.443092076971260795e-02
6.422922922922923161e-02	-2.430941584916984990e-02	-2.147975330828282362e-02	9.111251459041530554e-02	9.167805992006056170e-02	-9.167805992006056170e-02	-9.111251459041530554e-02	2.147975330828282362e-02	2.430941584916984990e-02
6.443443443443443164e-02	-2.418789537002776976e-02	-2.135522759710878349e-02	9.119333813269513145e-02	9.175472960059725958e-02	-9.175472960059725958e-02	-9.119333813269513145e-02	2.135522759710878349e-02	2.418789537002776976e-02
6.463963963963964554e-02	-2.406635941866909836e-02	-2.123068824387746439e-02	9.127394760837725940e-02	9.183118601870325637e-02	-9.183118601870325637e-02	-9.127394760837725940e-02	2.123068824387746439e-02	2.406635941866909836e-02
6.484484484484484557e-02	-2.394480808135290156e-02	-2.110613533500265912e-02	9.135434171769085676e-02	9.190742793028694457e-02	-9.190742793028694457e-02	-9.135434171769085676e-02	2.110613533500265912e-02	2.394480808135290156e-02
6.505005005005004559e-02	-2.382324144420796749e-02	-2.098156895678258277e-02	9.143451914878514275e-02	9.198345408016844749e-02	-9.198345408016844749e-02	-9.143451914878514275e-02	2.098156895678258277e-02	2.382324144420796749e-02
6.525525525525525949e-02	-2.370165959323891972e-02	-2.085698919539741986e-02	9.151447857759209548e-02	9.205926320192353574e-02	-9.205926320192353574e-02	-9.151447857759209548e-02	2.085698919539741986e-02	2.370165959323891972e-02
6.546046046046045952e-02	-2.358006261432539497e-02	-2.073239613691487196e-02	9.159421866758583886e-02	9.213485401781243422e-02	-9.213485401781243422e-02	-9.159421866758583886e-02	2.073239613691487196e-02	2.358006261432539497e-02
6.566566566566565954e-02	-2.345845059322154355e-02	-2.060778986727813955e-02	9.167373806973705408e-02	9.221022523853492081e-02	-9.221022523853492081e-02	-9.167373806973705408e-02	2.060778986727813955e-02	2.345845059322154355e-02
6.587087087087087345e-02	-2.333682361556137230e-02	-2.048317047234256977e-02	9.175303542227075670e-02	9.228537556314941881e-02	-9.228537556314941881e-02	-9.175303542227075670e-02	2.048317047234256977e-02	2.333682361556137230e-02
6.607607607607607347e-02	-2.321518176685314142e-02	-2.035853803781352556e-02	9.183210935051638879e-02	9.236030367891012727e-02	-9.236030367891012727e-02	-9.183210935051638879e-02	2.035853803781352556e-02	2.321518176685314142e-02
6.628128128128127350e-02	-2.309352513248464842e-02	-2.023389264930710793e-02	9.191095846673652536e-02	9.243500826111637758e-02	-9.243500826111637758e-02	-9.191095846673652536e-02	2.023389264930710793e-02	2.309352513248464842e-02
6.648648648648648740e-02	-2.297185379772294367e-02	-2.010923439232456186e-02	9.198958136995216694e-02	9.250948797295974191e-02	-9.250948797295974191e-02	-9.198958136995216694e-02	2.010923439232456186e-02	2.297185379772294367e-02
6.669169169169168743e-02	-2.285016784771374404e-02	-1.998456335225422265e-02	9.206797664576382711e-02	9.258374146536893501e-02	-9.258374146536893501e-02	-9.206797664576382711e-02	1.998456335225422265e-02	2.285016784771374404e-02
6.689689689689690133e-02	-2.272846736748616869e-02	-1.985987961437506860e-02	9.214614286617101024e-02	9.265776737685170461e-02	-9.265776737685170461e-02	-9.214614286617101024e-02	1.985987961437506860e-02	2.272846736748616869e-02
6.710210210210210136e-02	-2.260675244194820452e-02	-1.973518326385590924e-02	9.222407858938969083e-02	9.273156433333416826e-02	-9.273156433333416826e-02	-9.222407858938969083e-02	1.973518326385590924e-02	2.260675244194820452e-02
6.730730730730730138e-02	-2.248502315589070641e-02	-1.961047438576006899e-02	9.230178235966550460e-02	9.280513094799808238e-02	-9.280513094799808238e-02	-9.230178235966550460e-02	1.961047438576006899e-02	2.248502315589070641e-02
6.751251251251251528e-02	-2.236327959398795237e-02	-1.948575306504087001e-02	9.237925270711022652e-02	9.287846582111447535e-02	-9.287846582111447535e-02	-9.237925270711022652e-02	1.948575306504087001e-02	2.236327959398795237e-02
6.771771771771771531e-02	-2.224152184079823333e-02	-1.936101938654612165e-02	9.245648814741204424e-02	9.295156753987544873e-02	-9.295156753987544873e-02	-9.245648814741204424e-02	1.936101938654612165e-02	2.224152184079823333e-02
6.792292292292291533e-02	-2.211974998076272902e-02	-1.923627343501616710e-02	9.253348718177389909e-02	9.302443467822228695e-02	-9.302443467822228695e-02	-9.253348718177389909e-02	1.923627343501616710e-02	2.211974998076272902e-02
6.812812812812812924e-02	-2.199796409821162466e-02	-1.911151529508954561e-02	9.261024829663208613e-02	9.309706579667179072e-02	-9.309706579667179072e-02	-9.261024829663208613e-02	1.911151529508954561e-02	2.199796409821162466e-02
6.833333333333332926e-02	-2.187616427735771321e-02	-1.898674505129742049e-02	9.268676996345961983e-02	9.316945944213832209e-02	-9.316945944213832209e-02	-9.268676996345961983e-02	1.898674505129742049e-02	2.187616427735771321e-02
6.853853853853854317e-02	-2.175435060230215475e-02	-1.886196278806931761e-02	9.276305063856564448e-02	9.324161414777257240e-02	-9.324161414777257240e-02	-9.276305063856564448e-02	1.886196278806931761e-02	2.175435060230215475e-02
6.874374374374374319e-02	-2.163252315703393866e-02	-1.873716858973000637e-02	9.283908876291882550e-02	9.331352843269888342e-02	-9.331352843269888342e-02	-9.283908876291882550e-02	1.873716858973000637e-02	2.163252315703393866e-02
6.894894894894894322e-02	-2.151068202543030689e-02	-1.861236254050595285e-02	9.291488276182434392e-02	9.338520080195217288e-02	-9.338520080195217288e-02	-9.291488276182434392e-02	1.861236254050595285e-02	2.151068202543030689e-02
6.915415415415415712e-02	-2.138882729125647641e-02	-1.848754472451915806e-02	9.299043104485758826e-02	9.345662974620395913e-02	-9.345662974620395913e-02	-9.299043104485758826e-02	1.848754472451915806e-02	2.138882729125647641e-02
6.935935935935935714e-02	-2.126695903817119385e-02	-1.836271522579312893e-02	9.306573200553314162e-02	9.352781374159001293e-02	-9.352781374159001293e-02	-9.306573200553314162e-02	1.836271522579312893e-02	2.126695903817119385e-02
6.956456456456455717e-02	-2.114507734972033426e-02	-1.823787412825019286e-02	9.314078402110143040e-02	9.359875124951377856e-02	-9.359875124951377856e-02	-9.314078402110143040e-02	1.823787412825019286e-02	2.114507734972033426e-02
6.976976976976977107e-02	-2.102318230934289989e-02	-1.811302151571722932e-02	9.321558545237049187e-02	9.366944071644586756e-02	-9.366944071644586756e-02	-9.321558545237049187e-02	1.811302151571722932e-02	2.102318230934289989e-02
6.997497497497497110e-02	-2.090127400037005562e-02	-1.798815747191962605e-02	9.329013464334057204e-02	9.373988057372356630e-02	-9.373988057372356630e-02	-9.329013464334057204e-02	1.798815747191962605e-02	2.090127400037005562e-02
7.018018018018018500e-02	-2.077935250602495898e-02	-1.786328208048756916e-02	9.336442992113068440e-02	9.381006923734738767e-02	-9.381006923734738767e-02	-9.336442992113068440e-02	1.786328208048756916e-02	2.077935250602495898e-02
7.038538538538538503e-02	-2.065741790942718023e-02	-1.773839542495440902e-02	9.343846959563700816e-02	9.388000510778550523e-02	-9.388000510778550523e-02	-9.343846959563700816e-02	1.773839542495440902e-02	2.065741790942718023e-02
7.059059059059058505e-02	-2.053547029358831003e-02	-1.761349758875681640e-02	9.351225195924850464e-02	9.394968656967261911e-02	-9.394968656967261911e-02	-9.351225195924850464e-02	1.761349758875681640e-02	2.053547029358831003e-02
7.079579579579579895e-02	-2.041350974141574112e-02	-1.748858865523932743e-02	9.358577528672201717e-02	9.401911199173293432e-02	-9.401911199173293432e-02	-9.358577528672201717e-02	1.748858865523932743e-02	2.041350974141574112e-02
7.100100100100099898e-02	-2.029153633571345247e-02	-1.736366870764992007e-02	9.365903783480633571e-02	9.408827972645444904e-02	-9.408827972645444904e-02	-9.365903783480633571e-02	1.736366870764992007e-02	2.029153633571345247e-02
7.120620620620619901e-02	-2.016955015918206820e-02	-1.723873782914452438e-02	9.373203784206508848e-02	9.415718810989200105e-02	-9.415718810989200105e-02	-9.373203784206508848e-02	1.723873782914452438e-02	2.016955015918206820e-02
7.141141141141141291e-02	-2.004755129441845862e-02	-1.711379610278482288e-02	9.380477352849309058e-02	9.422583546147786371e-02	-9.422583546147786371e-02	-9.380477352849309058e-02	1.711379610278482288e-02	2.004755129441845862e-02
7.161661661661661293e-02	-1.992553982392072931e-02	-1.698884361154394049e-02	9.387724309538598988e-02	9.429422008366450392e-02	-9.429422008366450392e-02	-9.387724309538598988e-02	1.698884361154394049e-02	1.992553982392072931e-02
7.182182182182182684e-02	-1.980351583008301691e-02	-1.686388043830095926e-02	9.394944472499991428e-02	9.436234026186045287e-02	-9.436234026186045287e-02	-9.394944472499991428e-02	1.686388043830095926e-02	1.980351583008301691e-02
7.202702702702702686e-02	-1.968147939520021109e-02	-1.673890666584634118e-02	9.402137658019690813e-02	9.443019426405702132e-02	-9.443019426405702132e-02	-9.402137658019690813e-02	1.673890666584634118e-02	1.968147939520021109e-02
7.223223223223222689e-02	-1.955943060146778795e-02	-1.661392237687929485e-02	9.409303680428120209e-02	9.449778034062639165e-02	-9.449778034062639165e-02	-9.409303680428120209e-02	1.661392237687929485e-02	1.955943060146778795e-02
7.243743743743744079e-02	-1.943736953098242071e-02	-1.648892765401357291e-02	9.416442352067250221e-02	9.456509672410604028e-02	-9.456509672410604028e-02	-9.416442352067250221e-02	1.648892765401357291e-02	1.943736953098242071e-02
7.264264264264264082e-02	-1.931529626574133782e-02	-1.636392257977166073e-02	9.423553483249844098e-02	9.463214162882643832e-02	-9.463214162882643832e-02	-9.423553483249844098e-02	1.636392257977166073e-02	1.931529626574133782e-02
7.284784784784784084e-02	-1.919321088764752714e-02	-1.623890723659031018e-02	9.430636882245917174e-02	9.469891325079345112e-02	-9.469891325079345112e-02	-9.430636882245917174e-02	1.623890723659031018e-02	1.919321088764752714e-02
7.305305305305305474e-02	-1.907111347850426117e-02	-1.611388170681963411e-02	9.437692355235288710e-02	9.476540976736375077e-02	-9.476540976736375077e-02	-9.437692355235288710e-02	1.611388170681963411e-02	1.907111347850426117e-02
7.325825825825825477e-02	-1.894900412001986056e-02	-1.598884607272291203e-02	9.444719706289779471e-02	9.483162933689391616e-02	-9.483162933689391616e-02	-9.444719706289779471e-02	1.598884607272291203e-02	1.894900412001986056e-02
7.346346346346346867e-02	-1.882688289380777744e-02	-1.586380041648107267e-02	9.451718737336747833e-02	9.489757009863067361e-02	-9.489757009863067361e-02	-9.451718737336747833e-02	1.586380041648107267e-02	1.882688289380777744e-02
7.366866866866866870e-02	-1.870474988138671676e-02	-1.573874482018821838e-02	9.458689248114443560e-02	9.496323017228065766e-02	-9.496323017228065766e-02	-9.458689248114443560e-02	1.573874482018821838e-02	1.870474988138671676e-02
7.387387387387386872e-02	-1.858260516418048722e-02	-1.561367936585614929e-02	9.465631036158962675e-02	9.502860765784491848e-02	-9.502860765784491848e-02	-9.465631036158962675e-02	1.561367936585614929e-02	1.858260516418048722e-02
7.407907907907908263e-02	-1.846044882352270919e-02	-1.548860413541249328e-02	9.472543896750063031e-02	9.509370063518002292e-02	-9.509370063518002292e-02	-9.472543896750063031e-02	1.548860413541249328e-02	1.846044882352270919e-02
7.428428428428428265e-02	-1.833828094065182920e-02	-1.536351921070581994e-02	9.479427622893271677e-02	9.515850716387296016e-02	-9.515850716387296016e-02	-9.479427622893271677e-02	1.536351921070581994e-02	1.833828094065182920e-02
7.448948948948948268e-02	-1.821610159671540122e-02	-1.523842467350025424e-02	9.486282005268749373e-02	9.522302528276710420e-02	-9.522302528276710420e-02	-9.486282005268749373e-02	1.523842467350025424e-02	1.821610159671540122e-02
7.469469469469469658e-02	-1.809391087277044743e-02	-1.511332060548093749e-02	9.493106832209757817e-02	9.528725300983295621e-02	-9.528725300983295621e-02	-9.493106832209757817e-02	1.511332060548093749e-02	1.809391087277044743e-02
7.489989989989989660e-02	-1.797170884978354852e-02	-1.498820708825288756e-02	9.499901889650687326e-02	9.535118834173034186e-02	-9.535118834173034186e-02	-9.499901889650687326e-02	1.498820708825288756e-02	1.797170884978354852e-02
7.510510510510511051e-02	-1.784949560863055215e-02	-1.486308420334090177e-02	9.506666961104481839e-02	9.541482925346800315e-02	-9.541482925346800315e-02	-9.506666961104481839e-02	1.486308420334090177e-02	1.784949560863055215e-02
7.531031031031031053e-02	-1.772727123010127415e-02	-1.473795203219403598e-02	9.513401827607659289e-02	9.547817369819565358e-02	-9.547817369819565358e-02	-9.513401827607659289e-02	1.473795203219403598e-02	1.772727123010127415e-02
7.551551551551551056e-02	-1.760503579489474182e-02	-1.461281065618120351e-02	9.520106267699277036e-02	9.554121960681777326e-02	-9.554121960681777326e-02	-9.520106267699277036e-02	1.461281065618120351e-02	1.760503579489474182e-02
7.572072072072072446e-02	-1.748278938362319776e-02	-1.448766015659557621e-02	9.526780057360068055e-02	9.560396488755856792e-02	-9.560396488755856792e-02	-9.526780057360068055e-02	1.448766015659557621e-02	1.748278938362319776e-02
7.592592592592592449e-02	-1.736053207681241203e-02	-1.436250061465260512e-02	9.533422969992151608e-02	9.566640742579390899e-02	-9.566640742579390899e-02	-9.533422969992151608e-02	1.436250061465260512e-02	1.736053207681241203e-02
7.613113113113112451e-02	-1.723826395490210203e-02	-1.423733211149539983e-02	9.540034776360012403e-02	9.572854508352590663e-02	-9.572854508352590663e-02	-9.540034776360012403e-02	1.423733211149539983e-02	1.723826395490210203e-02
7.633633633633633842e-02	-1.711598509824535305e-02	-1.411215472818892064e-02	9.546615244554719493e-02	9.579037569918164019e-02	-9.579037569918164019e-02	-9.546615244554719493e-02	1.411215472818892064e-02	1.711598509824535305e-02
7.654154154154153844e-02	-1.699369558711327430e-02	-1.398696854572580722e-02	9.553164139958066070e-02	9.585189708708420631e-02	-9.585189708708420631e-02	-9.553164139958066070e-02	1.398696854572580722e-02	1.699369558711327430e-02
7.674674674674675234e-02	-1.687139550169033941e-02	-1.386177364502514699e-02	9.559681225180133302e-02	9.591310703723086861e-02	-9.591310703723086861e-02	-9.559681225180133302e-02	1.386177364502514699e-02	1.687139550169033941e-02
7.695195195195195237e-02	-1.674908492207854982e-02	-1.373657010693209168e-02	9.566166260032293867e-02	9.597400331485043956e-02	-9.597400331485043956e-02	-9.566166260032293867e-02	1.373657010693209168e-02	1.674908492207854982e-02
7.715715715715715239e-02	-1.662676392829723349e-02	-1.361135801222264699e-02	9.572619001466232957e-02	9.603458365992513512e-02	-9.603458365992513512e-02	-9.572619001466232957e-02	1.361135801222264699e-02	1.662676392829723349e-02
7.736236236236236630e-02	-1.650443260028399209e-02	-1.348613744159897314e-02	9.579039203533525060e-02	9.609484578698472557e-02	-9.609484578698472557e-02	-9.579039203533525060e-02	1.348613744159897314e-02	1.650443260028399209e-02
7.756756756756756632e-02	-1.638209101789408692e-02	-1.336090847569413979e-02	9.585426617339355693e-02	9.615478738451121998e-02	-9.615478738451121998e-02	-9.585426617339355693e-02	1.336090847569413979e-02	1.638209101789408692e-02
7.777277277277276635e-02	-1.625973926090419977e-02	-1.323567119506985357e-02	9.591780990986119304e-02	9.621440611461523629e-02	-9.621440611461523629e-02	-9.591780990986119304e-02	1.323567119506985357e-02	1.625973926090419977e-02
7.797797797797798025e-02	-1.613737740900933124e-02	-1.311042568022158239e-02	9.598102069525198121e-02	9.627369961267602527e-02	-9.627369961267602527e-02	-9.598102069525198121e-02	1.311042568022158239e-02	1.613737740900933124e-02
7.818318318318318028e-02	-1.601500554182538893e-02	-1.298517201157354910e-02	9.604389594913805006e-02	9.633266548675105401e-02	-9.633266548675105401e-02	-9.604389594913805006e-02	1.298517201157354910e-02	1.601500554182538893e-02
7.838838838838839418e-02	-1.589262373888999588e-02	-1.285991026948354356e-02	9.610643305941440895e-02	9.639130131732986939e-02	-9.639130131732986939e-02	-9.610643305941440895e-02	1.285991026948354356e-02	1.589262373888999588e-02
7.859359359359359420e-02	-1.577023207966288254e-02	-1.273464053424240051e-02	9.616862938201466149e-02	9.644960465668935001e-02	-9.644960465668935001e-02	-9.616862938201466149e-02	1.273464053424240051e-02	1.577023207966288254e-02
7.879879879879879423e-02	-1.564783064352645234e-02	-1.260936288607337336e-02	9.623048224015699759e-02	9.650757302857589093e-02	-9.650757302857589093e-02	-9.623048224015699759e-02	1.260936288607337336e-02	1.564783064352645234e-02
7.900400400400400813e-02	-1.552541950978545554e-02	-1.248407740513688552e-02	9.629198892391943598e-02	9.656520392770839845e-02	-9.656520392770839845e-02	-9.629198892391943598e-02	1.248407740513688552e-02	1.552541950978545554e-02
7.920920920920920816e-02	-1.540299875767136596e-02	-1.235878417157085588e-02	9.635314668951328043e-02	9.662249481925694328e-02	-9.662249481925694328e-02	-9.635314668951328043e-02	1.235878417157085588e-02	1.540299875767136596e-02
7.941441441441440818e-02	-1.528056846633773537e-02	-1.223348326526986322e-02	9.641395275886473215e-02	9.667944313839461901e-02	-9.667944313839461901e-02	-9.641395275886473215e-02	1.223348326526986322e-02	1.528056846633773537e-02
7.961961961961962209e-02	-1.515812871486438632e-02	-1.210817476633532265e-02	9.647440431887380208e-02	9.673604628982068743e-02	-9.673604628982068743e-02	-9.647440431887380208e-02	1.210817476633532265e-02	1.515812871486438632e-02
7.982482482482482211e-02	-1.503567958225731499e-02	-1.198285875462450252e-02	9.653449852085270455e-02	9.679230164717479712e-02	-9.679230164717479712e-02	-9.653449852085270455e-02	1.198285875462450252e-02	1.503567958225731499e-02
8.003003003003002214e-02	-1.491322114744923245e-02	-1.185753530997996942e-02	9.659423247994552986e-02	9.684820655260138744e-02	-9.684820655260138744e-02	-9.659423247994552986e-02	1.185753530997996942e-02	1.491322114744923245e-02
8.023523523523523604e-02	-1.479075348929913616e-02	-1.173220451218064120e-02	9.665360327435368326e-02	9.690375831619027491e-02	-9.690375831619027491e-02	-9.665360327435368326e-02	1.173220451218064120e-02	1.479075348929913616e-02
8.044044044044043607e-02	-1.466827668659653749e-02	-1.160686644094570050e-02	9.671260794478285516e-02	9.695895421540058623e-02	-9.695895421540058623e-02	-9.671260794478285516e-02	1.160686644094570050e-02	1.466827668659653749e-02
8.064564564564564997e-02	-1.454579081805721687e-02	-1.148152117593289473e-02	9.677124349377513868e-02	9.701379149456135220e-02	-9.701379149456135220e-02	-9.677124349377513868e-02	1.148152117593289473e-02	1.454579081805721687e-02
8.085085085085084999e-02	-1.442329596232345447e-02	-1.135616879674352514e-02	9.682950688492031333e-02	9.706826736429365055e-02	-9.706826736429365055e-02	-9.682950688492031333e-02	1.135616879674352514e-02	1.442329596232345447e-02
8.105605605605605002e-02	-1.430079219798160300e-02	-1.123080938291707784e-02	9.688739504223570220e-02	9.712237900089383535e-02	-9.712237900089383535e-02	-9.688739504223570220e-02	1.123080938291707784e-02	1.430079219798160300e-02
8.126126126126126392e-02	-1.417827960352775751e-02	-1.110544301393648348e-02	9.694490484941387098e-02	9.717612354576715683e-02	-9.717612354576715683e-02	-9.694490484941387098e-02	1.110544301393648348e-02	1.417827960352775751e-02
8.146646646646646395e-02	-1.405575825740310036e-02	-1.098006976922728112e-02	9.700203314908228958e-02	9.722949810487946376e-02	-9.722949810487946376e-02	-9.700203314908228958e-02	1.098006976922728112e-02	1.405575825740310036e-02
8.167167167167166397e-02	-1.393322823797637881e-02	-1.085468972815717935e-02	9.705877674204560490e-02	9.728249974801875255e-02	-9.728249974801875255e-02	-9.705877674204560490e-02	1.085468972815717935e-02	1.393322823797637881e-02
8.187687687687687788e-02	-1.381068962355126023e-02	-1.072930297004037921e-02	9.711513238650949786e-02	9.733512550830390742e-02	-9.733512550830390742e-02	-9.711513238650949786e-02	1.072930297004037921e-02	1.381068962355126023e-02
8.208208208208207790e-02	-1.368814249236228499e-02	-1.060390957414154151e-02	9.717109679728688776e-02	9.738737238143789499e-02	-9.738737238143789499e-02	-9.717109679728688776e-02	1.060390957414154151e-02	1.368814249236228499e-02
8.228728728728729180e-02	-1.356558692257840530e-02	-1.047850961963881986e-02	9.722666664498397227e-02	9.743923732506099000e-02	-9.743923732506099000e-02	-9.722666664498397227e-02	1.047850961963881986e-02	1.356558692257840530e-02
8.249249249249249183e-02	-1.344302299230331482e-02	-1.035310318570591137e-02	9.728183855516704670e-02	9.749071725814792422e-02	-9.749071725814792422e-02	-9.728183855516704670e-02	1.035310318570591137e-02	1.344302299230331482e-02
8.269769769769769185e-02	-1.332045077957588579e-02	-1.022769035142894779e-02	9.733660910750839557e-02	9.754180906023701692e-02	-9.754180906023701692e-02	-9.733660910750839557e-02	1.022769035142894779e-02	1.332045077957588579e-02
8.290290290290290576e-02	-1.319787036237049863e-02	-1.010227119585224709e-02	9.739097483491131191e-02	9.759250957074437627e-02	-9.759250957074437627e-02	-9.739097483491131191e-02	1.010227119585224709e-02	1.319787036237049863e-02
8.310810810810810578e-02	-1.307528181859693786e-02	-9.976845797965844254e-03	9.744493222261341181e-02	9.764281558829840391e-02	-9.764281558829840391e-02	-9.744493222261341181e-02	9.976845797965844254e-03	1.307528181859693786e-02
8.331331331331330581e-02	-1.295268522610480005e-02	-9.851414236709538433e-03	9.749847770728999052e-02	9.769272386990791868e-02	-9.769272386990791868e-02	-9.749847770728999052e-02	9.851414236709538433e-03	1.295268522610480005e-02
8.351851851851851971e-02	-1.283008066267850300e-02	-9.725976590972225042e-03	9.755160767603446303e-02	9.774223113027932786e-02	-9.774223113027932786e-02	-9.755160767603446303e-02	9.725976590972225042e-03	1.283008066267850300e-02
8.372372372372371974e-02	-1.270746820604181510e-02	-9.600532939592128223e-03	9.760431846552883317e-02	9.779133404101555960e-02	-9.779133404101555960e-02	-9.760431846552883317e-02	9.600532939592128223e-03	1.270746820604181510e-02
8.392892892892893364e-02	-1.258484793385737655e-02	-9.475083361360180090e-03	9.765660636093279057e-02	9.784002922982693029e-02	-9.784002922982693029e-02	-9.765660636093279057e-02	9.475083361360180090e-03	1.258484793385737655e-02
8.413413413413413366e-02	-1.246221992372751296e-02	-9.349627935016873934e-03	9.770846759493218014e-02	9.788831327972127849e-02	-9.788831327972127849e-02	-9.770846759493218014e-02	9.349627935016873934e-03	1.246221992372751296e-02
8.433933933933933369e-02	-1.233958425319363859e-02	-9.224166739255461323e-03	9.775989834666620748e-02	9.793618272817496140e-02	-9.793618272817496140e-02	-9.775989834666620748e-02	9.224166739255461323e-03	1.233958425319363859e-02
8.454454454454454759e-02	-1.221694099974017858e-02	-9.098699852720895653e-03	9.781089474069781797e-02	9.798363406628390893e-02	-9.798363406628390893e-02	-9.781089474069781797e-02	9.098699852720895653e-03	1.221694099974017858e-02
8.474974974974974762e-02	-1.209429024079103181e-02	-8.973227354013882731e-03	9.786145284592211169e-02	9.803066373789424970e-02	-9.803066373789424970e-02	-9.786145284592211169e-02	8.973227354013882731e-03	1.209429024079103181e-02
8.495495495495494764e-02	-1.197163205371255118e-02	-8.847749321686601207e-03	9.791156867437444955e-02	9.807726813871099625e-02	-9.807726813871099625e-02	-9.791156867437444955e-02	8.847749321686601207e-03	1.197163205371255118e-02
8.516016016016016155e-02	-1.184896651581387496e-02	-8.722265834247077548e-03	9.796123818016927443e-02	9.812344361538560822e-02	-9.812344361538560822e-02	-9.796123818016927443e-02	8.722265834247077548e-03	1.184896651581387496e-02
8.536536536536536157e-02	-1.172629370434759982e-02	-8.596776970158710729e-03	9.801045725828255728e-02	9.816918646458044906e-02	-9.816918646458044906e-02	-9.801045725828255728e-02	8.596776970158710729e-03	1.172629370434759982e-02
8.557057057057057547e-02	-1.160361369651012262e-02	-8.471282807839755277e-03	9.805922174330107544e-02	9.821449293200801289e-02	-9.821449293200801289e-02	-9.805922174330107544e-02	8.471282807839755277e-03	1.160361369651012262e-02
8.577577577577577550e-02	-1.148092656944143738e-02	-8.345783425667611249e-03	9.810752740828432295e-02	9.825935921147299634e-02	-9.825935921147299634e-02	-9.810752740828432295e-02	8.345783425667611249e-03	1.148092656944143738e-02
8.598098098098097553e-02	-1.135823240022887891e-02	-8.220278901974412827e-03	9.815536996335157138e-02	9.830378144381880789e-02	-9.830378144381880789e-02	-9.815536996335157138e-02	8.220278901974412827e-03	1.135823240022887891e-02
8.618618618618618943e-02	-1.123553126590360468e-02	-8.094769315051512579e-03	9.820274505451030700e-02	9.834775571594583932e-02	-9.834775571594583932e-02	-9.820274505451030700e-02	8.094769315051512579e-03	1.123553126590360468e-02
8.639139139139138945e-02	-1.111282324344346935e-02	-7.969254743148806649e-03	9.824964826219184655e-02	9.839127805972991414e-02	-9.839127805972991414e-02	-9.824964826219184655e-02	7.969254743148806649e-03	1.111282324344346935e-02
8.659659659659658948e-02	-1.099010840977353992e-02	-7.843735264474259450e-03	9.829607509993570913e-02	9.843434445094624563e-02	-9.843434445094624563e-02	-9.829607509993570913e-02	7.843735264474259450e-03	1.099010840977353992e-02
8.680180180180180338e-02	-1.086738684176669079e-02	-7.718210957198341944e-03	9.834202101296420084e-02	9.847695080815038748e-02	-9.847695080815038748e-02	-9.834202101296420084e-02	7.718210957198341944e-03	1.086738684176669079e-02
8.700700700700700341e-02	-1.074465861624369044e-02	-7.592681899449543921e-03	9.838748137670424998e-02	9.851909299155799105e-02	-9.851909299155799105e-02	-9.838748137670424998e-02	7.592681899449543921e-03	1.074465861624369044e-02
8.721221221221221731e-02	-1.062192380997346516e-02	-7.467148169318801008e-03	9.843245149530817362e-02	9.856076680185531236e-02	-9.856076680185531236e-02	-9.843245149530817362e-02	7.467148169318801008e-03	1.062192380997346516e-02
8.741741741741741734e-02	-1.049918249967640542e-02	-7.341609844858758283e-03	9.847692660009615961e-02	9.860196797901077392e-02	-9.860196797901077392e-02	-9.847692660009615961e-02	7.341609844858758283e-03	1.049918249967640542e-02
8.762262262262261736e-02	-1.037643476202104037e-02	-7.216067004083489243e-03	9.852090184798868722e-02	9.864269220106108849e-02	-9.864269220106108849e-02	-9.852090184798868722e-02	7.216067004083489243e-03	1.037643476202104037e-02
8.782782782782783126e-02	-1.025368067362688457e-02	-7.090519724972705121e-03	9.856437231987222325e-02	9.868293508281056337e-02	-9.868293508281056337e-02	-9.856437231987222325e-02	7.090519724972705121e-03	1.025368067362688457e-02
8.803303303303303129e-02	-1.013092031106507460e-02	-6.964968085427326872e-03	9.860733301892714298e-02	9.872269217457706192e-02	-9.872269217457706192e-02	-9.860733301892714298e-02	6.964968085427326872e-03	1.013092031106507460e-02
8.823823823823823131e-02	-1.000815375085844193e-02	-6.839412163474689957e-03	9.864977886890639869e-02	9.876195896084323522e-02	-9.876195896084323522e-02	-9.864977886890639869e-02	6.839412163474689957e-03	1.000815375085844193e-02
8.844344344344344522e-02	-9.885381069482342131e-03	-6.713852036865666090e-03	9.869170471237216635e-02	9.880073085889629070e-02	-9.880073085889629070e-02	-9.869170471237216635e-02	6.713852036865666090e-03	9.885381069482342131e-03
8.864864864864864524e-02	-9.762602343364403315e-03	-6.588287783477045356e-03	9.873310530886271474e-02	9.883900321742915274e-02	-9.883900321742915274e-02	-9.873310530886271474e-02	6.588287783477045356e-03	9.762602343364403315e-03
8.885385385385385915e-02	-9.639817648887950494e-03	-6.462719481113732636e-03	9.877397533303951260e-02	9.887677131510108630e-02	-9.887677131510108630e-02	-9.877397533303951260e-02	6.462719481113732636e-03	9.639817648887950494e-03
8.905905905905905917e-02	-9.517027062388553477e-03	-6.337147207545661652e-03	9.881430937271623582e-02	9.891403035906196073e-02	-9.891403035906196073e-02	-9.881430937271623582e-02	6.337147207545661652e-03	9.517027062388553477e-03
8.926426426426425920e-02	-9.394230660157293356e-03	-6.211571040511482122e-03	9.885410192694292497e-02	9.895077548343975127e-02	-9.895077548343975127e-02	-9.885410192694292497e-02	6.211571040511482122e-03	9.394230660157293356e-03
8.946946946946947310e-02	-9.271428518440717401e-03	-6.085991057717645564e-03	9.889334740392319301e-02	9.898700174776048355e-02	-9.898700174776048355e-02	-9.889334740392319301e-02	6.085991057717645564e-03	9.271428518440717401e-03
8.967467467467467312e-02	-9.148620713441602340e-03	-5.960407336839144282e-03	9.893204011888151461e-02	9.902270413539038252e-02	-9.902270413539038252e-02	-9.893204011888151461e-02	5.960407336839144282e-03	9.148620713441602340e-03
8.987987987987987315e-02	-9.025807321319313445e-03	-5.834819955522374535e-03	9.897017429195588412e-02	9.905787755184741750e-02	-9.905787755184741750e-02	-9.897017429195588412e-02	5.834819955522374535e-03	9.025807321319313445e-03
9.008508508508508705e-02	-8.902988418189707390e-03	-5.709228991381909077e-03	9.900774404593418176e-02	9.909251682313183207e-02	-9.909251682313183207e-02	-9.900774404593418176e-02	5.709228991381909077e-03	8.902988418189707390e-03
9.029029029029028708e-02	-8.780164080128350160e-03	-5.583634522004336971e-03	9.904474340396129950e-02	9.912661669398269149e-02	-9.912661669398269149e-02	-9.904474340396129950e-02	5.583634522004336971e-03	8.780164080128350160e-03
9.049549549549550098e-02	-8.657334383167609657e-03	-5.458036624947329440e-03	9.908116628717104912e-02	9.916017182609088154e-02	-9.916017182609088154e-02	-9.908116628717104912e-02	5.458036624947329440e-03	8.657334383167609657e-03
9.070070070070070101e-02	-8.534499403299262987e-03	-5.332435377740000690e-03	9.911700651224454595e-02	9.919317679626075968e-02	-9.919317679626075968e-02	-9.911700651224454595e-02	5.332435377740000690e-03	8.534499403299262987e-03
9.090590590590590103e-02	-8.411659216474789633e-03	-5.206830857886248116e-03	9.915225778889345809e-02	9.922562609451922311e-02	-9.922562609451922311e-02	-9.915225778889345809e-02	5.206830857886248116e-03	8.411659216474789633e-03
9.111111111111111494e-02	-8.288813898606089622e-03	-5.081223142861386079e-03	9.918691371726416628e-02	9.925751412216973768e-02	-9.925751412216973768e-02	-9.918691371726416628e-02	5.081223142861386079e-03	8.288813898606089622e-03
9.131631631631631496e-02	-8.165963525565735071e-03	-4.955612310115815704e-03	9.922096778526623417e-02	9.928883518979395029e-02	-9.928883518979395029e-02	-9.922096778526623417e-02	4.955612310115815704e-03	8.165963525565735071e-03
9.152152152152151499e-02	-8.043108173187726515e-03	-4.829998437074047371e-03	9.925441336580119456e-02	9.931958351518871408e-02	-9.931958351518871408e-02	-9.925441336580119456e-02	4.829998437074047371e-03	8.043108173187726515e-03
9.172672672672672889e-02	-7.920247917267262197e-03	-4.704381601135623585e-03	9.928724371392588788e-02	9.934975322124850461e-02	-9.934975322124850461e-02	-9.928724371392588788e-02	4.704381601135623585e-03	7.920247917267262197e-03
9.193193193193192891e-02	-7.797382833564263892e-03	-4.578761879677637793e-03	9.931945196390581931e-02	9.937933833378238824e-02	-9.937933833378238824e-02	-9.931945196390581931e-02	4.578761879677637793e-03	7.797382833564263892e-03
9.213713713713712894e-02	-7.674512997799820720e-03	-4.453139350052040361e-03	9.935103112618393073e-02	9.940833277927009493e-02	-9.940833277927009493e-02	-9.935103112618393073e-02	4.453139350052040361e-03	7.674512997799820720e-03
9.234234234234234284e-02	-7.551638485659330734e-03	-4.327514089588820057e-03	9.938197408424681578e-02	9.943673038253378338e-02	-9.943673038253378338e-02	-9.938197408424681578e-02	4.327514089588820057e-03	7.551638485659330734e-03
9.254754754754754287e-02	-7.428759372792710820e-03	-4.201886175595417709e-03	9.941227359139075126e-02	9.946452486438270291e-02	-9.946452486438270291e-02	-9.941227359139075126e-02	4.201886175595417709e-03	7.428759372792710820e-03
9.275275275275275677e-02	-7.305875734814915382e-03	-4.076255685357349848e-03	9.944192226738003682e-02	9.949170983912923594e-02	-9.949170983912923594e-02	-9.944192226738003682e-02	4.076255685357349848e-03	7.305875734814915382e-03
9.295795795795795680e-02	-7.182987647306193074e-03	-3.950622696140857620e-03	9.947091259499596383e-02	9.951827881207246651e-02	-9.951827881207246651e-02	-9.947091259499596383e-02	3.950622696140857620e-03	7.182987647306193074e-03
9.316316316316315682e-02	-7.060095185812177015e-03	-3.824987285190296470e-03	9.949923691646346546e-02	9.954422517688744920e-02	-9.954422517688744920e-02	-9.949923691646346546e-02	3.824987285190296470e-03	7.060095185812177015e-03
9.336836836836837072e-02	-6.937198425847349026e-03	-3.699349529730997128e-03	9.952688742978127445e-02	9.956954221293652652e-02	-9.956954221293652652e-02	-9.952688742978127445e-02	3.699349529730997128e-03	6.937198425847349026e-03
9.357357357357357075e-02	-6.814297442891474772e-03	-3.573709506969141581e-03	9.955385618488381272e-02	9.959422308249721301e-02	-9.959422308249721301e-02	-9.955385618488381272e-02	3.573709506969141581e-03	6.814297442891474772e-03
9.377877877877877077e-02	-6.691392312392824282e-03	-3.448067294092047128e-03	9.958013507972029998e-02	9.961826082790325998e-02	-9.961826082790325998e-02	-9.958013507972029998e-02	3.448067294092047128e-03	6.691392312392824282e-03
9.398398398398398468e-02	-6.568483109767646322e-03	-3.322422968270789291e-03	9.960571585616753709e-02	9.964164836859572272e-02	-9.964164836859572272e-02	-9.960571585616753709e-02	3.322422968270789291e-03	6.568483109767646322e-03
9.418918918918918470e-02	-6.445569910402227515e-03	-3.196776606657760183e-03	9.963059009580972625e-02	9.966437849808022775e-02	-9.966437849808022775e-02	-9.963059009580972625e-02	3.196776606657760183e-03	6.445569910402227515e-03
9.439439439439439861e-02	-6.322652789651732677e-03	-3.071128286389662211e-03	9.965474921558342691e-02	9.968644388078756746e-02	-9.968644388078756746e-02	-9.965474921558342691e-02	3.071128286389662211e-03	6.322652789651732677e-03
9.459959959959959863e-02	-6.199731822840849269e-03	-2.945478084586861459e-03	9.967818446323431503e-02	9.970783704883240395e-02	-9.970783704883240395e-02	-9.967818446323431503e-02	2.945478084586861459e-03	6.199731822840849269e-03
9.480480480480479866e-02	-6.076807085267210869e-03	-2.819826078354207340e-03	9.970088691265915903e-02	9.972855039866768134e-02	-9.972855039866768134e-02	-9.970088691265915903e-02	2.819826078354207340e-03	6.076807085267210869e-03
9.501001001001001256e-02	-5.953878652197687471e-03	-2.694172344783424353e-03	9.972284745904634595e-02	9.974857618762977829e-02	-9.974857618762977829e-02	-9.972284745904634595e-02	2.694172344783424353e-03	5.953878652197687471e-03
9.521521521521521259e-02	-5.830946598871726561e-03	-2.568516960950688668e-03	9.974405681385467570e-02	9.976790653036909928e-02	-9.976790653036909928e-02	-9.974405681385467570e-02	2.568516960950688668e-03	5.830946598871726561e-03
9.542042042042041261e-02	-5.708011000501292398e-03	-2.442860003919506903e-03	9.976450549960894087e-02	9.978653339516371790e-02	-9.978653339516371790e-02	-9.976450549960894087e-02	2.442860003919506903e-03	5.708011000501292398e-03
9.562562562562562651e-02	-5.585071932271592869e-03	-2.317201550740309330e-03	9.978418384450360445e-02	9.980444860010961872e-02	-9.980444860010961872e-02	-9.978418384450360445e-02	2.317201550740309330e-03	5.585071932271592869e-03
9.583083083083082654e-02	-5.462129469341363980e-03	-2.191541678451133356e-03	9.980308197680694271e-02	9.982164380918195912e-02	-9.982164380918195912e-02	-9.980308197680694271e-02	2.191541678451133356e-03	5.462129469341363980e-03
9.603603603603604044e-02	-5.339183686843509968e-03	-2.065880464079919866e-03	9.982118981905814536e-02	9.983811052816453369e-02	-9.983811052816453369e-02	-9.982118981905814536e-02	2.065880464079919866e-03	5.339183686843509968e-03
9.624124124124124047e-02	-5.216234659884987079e-03	-1.940217984642245500e-03	9.983849708204577122e-02	9.985384010043904524e-02	-9.985384010043904524e-02	-9.983849708204577122e-02	1.940217984642245500e-03	5.216234659884987079e-03
9.644644644644644049e-02	-5.093282463550321583e-03	-1.814554317144216394e-03	9.985499325855812236e-02	9.986882370262994968e-02	-9.986882370262994968e-02	-9.985499325855812236e-02	1.814554317144216394e-03	5.093282463550321583e-03
9.665165165165165440e-02	-4.970327172897852364e-03	-1.688889538581817441e-03	9.987066761689693262e-02	9.988305234010225186e-02	-9.988305234010225186e-02	-9.987066761689693262e-02	1.688889538581817441e-03	4.970327172897852364e-03
9.685685685685685442e-02	-4.847368862963050314e-03	-1.563223725941966348e-03	9.988550919413638485e-02	9.989651684228993689e-02	-9.989651684228993689e-02	-9.988550919413638485e-02	1.563223725941966348e-03	4.847368862963050314e-03
9.706206206206205445e-02	-4.724407608758769868e-03	-1.437556956204433765e-03	9.989950678912953852e-02	9.990920785787686664e-02	-9.990920785787686664e-02	-9.989950678912953852e-02	1.437556956204433765e-03	4.724407608758769868e-03
9.726726726726726835e-02	-4.601443485275353087e-03	-1.311889306339767683e-03	9.991264895523177536e-02	9.992111584979931904e-02	-9.992111584979931904e-02	-9.991264895523177536e-02	1.311889306339767683e-03	4.601443485275353087e-03
9.747247247247246837e-02	-4.478476567481407683e-03	-1.186220853312322911e-03	9.992492399273456005e-02	9.993223109005894278e-02	-9.993223109005894278e-02	-9.992492399273456005e-02	1.186220853312322911e-03	4.478476567481407683e-03
9.767767767767768228e-02	-4.355506930323646553e-03	-1.060551674079337993e-03	9.993631994102111782e-02	9.994254365437255094e-02	-9.994254365437255094e-02	-9.993631994102111782e-02	1.060551674079337993e-03	4.355506930323646553e-03
9.788288288288288230e-02	-4.232534648730099623e-03	-9.348818455919887188e-04	9.994682457036957457e-02	9.995204341660406111e-02	-9.995204341660406111e-02	-9.994682457036957457e-02	9.348818455919887188e-04	4.232534648730099623e-03
9.808808808808808233e-02	-4.109559797606891600e-03	-8.092114447976162753e-04	9.995642537345574008e-02	9.996072004300970981e-02	-9.996072004300970981e-02	-9.995642537345574008e-02	8.092114447976162753e-04	4.109559797606891600e-03
9.829329329329329623e-02	-3.986582451841188396e-03	-6.835405486374060728e-04	9.996510955648862939e-02	9.996856298626011217e-02	-9.996856298626011217e-02	-9.996510955648862939e-02	6.835405486374060728e-04	3.986582451841188396e-03
9.849849849849849626e-02	-3.863602686301426115e-03	-5.578692340493707127e-04	9.997286402999483457e-02	9.997556147924901992e-02	-9.997556147924901992e-02	-9.997286402999483457e-02	5.578692340493707127e-04	3.863602686301426115e-03
9.870370370370369628e-02	-3.740620575837713940e-03	-4.321975779676033515e-04	9.997967539920345204e-02	9.998170452865756674e-02	-9.998170452865756674e-02	-9.997967539920345204e-02	4.321975779676033515e-04	3.740620575837713940e-03
9.890890890890891018e-02	-3.617636195282298607e-03	-3.065256573232628609e-04	9.998552995403858779e-02	9.998698090828986307e-02	-9.998698090828986307e-02	-9.998552995403858779e-02	3.065256573232628609e-04	3.617636195282298607e-03
9.911411411411411021e-02	-3.494649619449765633e-03	-1.808535490467352933e-04	9.999041365868095721e-02	9.999137915214378891e-02	-9.999137915214378891e-02	-9.999041365868095721e-02	1.808535490467352933e-04	3.494649619449765633e-03
9.931931931931932411e-02	-3.371660923139479637e-03	-5.518133006537696589e-05	9.999431214068428553e-02	9.999488754722042627e-02	-9.999488754722042627e-02	-9.999431214068428553e-02	5.518133006537696589e-05	3.371660923139479637e-03
9.952452452452452414e-02	-9.999389041114113696e-02	-3.248670181133455834e-03	7.049092269354702625e-05	9.999721067961998833e-02	-9.999721067961998833e-02	-7.049092269354702625e-05	3.248670181133455834e-03	9.999389041114113696e-02
9.972972972972972416e-02	-9.998987112741694605e-02	-3.125677468198502854e-03	1.961631323034103186e-04	1.000000000000000056e-01	-1.000000000000000056e-01	-1.961631323034103186e-04	3.125677468198502854e-03	9.998987112741694605e-02
9.993493493493493807e-02	-9.998486839031177353e-02	-3.002682859086539327e-03	3.218352218376402418e-04	1.000000000000000056e-01	-1.000000000000000056e-01	-3.218352218376402418e-04	3.002682859086539327e-03	9.998486839031177353e-02
1.001401401401401381e-01	-9.997889653066267812e-02	-2.879686428535293847e-03	4.475071143672012391e-04	1.000000000000000056e-01	-1.000000000000000056e-01	-4.475071143672012391e-04	2.879686428535293847e-03	9.997889653066267812e-02
1.003453453453453381e-01	-9.997196954403475555e-02	-2.756688251268658851e-03	5.731787329629411346e-04	1.000000000000000056e-01	-1.000000000000000056e-01	-5.731787329629411346e-04	2.756688251268658851e-03	9.997196954403475555e-02
1.005505505505505520e-01	-9.996410110154092810e-02	-2.633688401997259614e-03	6.988500006927626795e-04	1.000000000000000056e-01	-1.000000000000000056e-01	-6.988500006927626795e-04	2.633688401997259614e-03	9.996410110154092810e-02
1.007557557557557520e-01	-9.995530456023758725e-02	-2.510686955418451639e-03	8.245208406221270561e-04	1.000000000000000056e-01	-1.000000000000000056e-01	-8.245208406221270561e-04	2.510686955418451639e-03	9.995530456023758725e-02
1.009609609609609659e-01	-9.994559297307070711e-02	-2.387683986219241074e-03	9.501911758132687525e-04	1.000000000000000056e-01	-1.000000000000000056e-01	-9.501911758132687525e-04	2.387683986219241074e-03	9.994559297307070711e-02
1.011661661661661660e-01	-9.993497909844430149e-02	-2.264679569073437589e-03	1.075860929323010570e-03	1.000000000000000056e-01	-1.000000000000000056e-01	-1.075860929323010570e-03	2.264679569073437589e-03	9.993497909844430149e-02
1.013713713713713660e-01	-9.992347540940023365e-02	-2.141673778644399145e-03	1.201530024204909911e-03	1.000000000000000056e-01	-1.000000000000000056e-01	-1.201530024204909911e-03	2.141673778644399145e-03	9.992347540940023365e-02
1.015765765765765799e-01	-9.991109410242804412e-02	-2.018666689585155594e-03	1.327198383506451342e-03	1.000000000000000056e-01	-1.000000000000000056e-01	-1.327198383506451342e-03	2.018666689585155594e-03	9.991109410242804412e-02
1.017817817817817799e-01	-9.989784710593091477e-02	-1.895658376539043804e-03	1.452865930269438104e-03	1.000000000000000056e-01	-1.000000000000000056e-01	-1.452865930269438104e-03	1.895658376539043804e-03	9.989784710593091477e-02
1.019869869869869800e-01	-9.988374608837377600e-02	-1.772648914139942928e-03	1.578532587529582606e-03	1.000000000000000056e-01	-1.000000000000000056e-01	-1.578532587529582606e-03	1.772648914139942928e-03	9.988374608837377600e-02
1.021921921921921939e-01	-9.986880246609500245e-02	-1.649638377013151530e-03	1.704198278313898271e-03	1.000000000000000056e-01	-1.000000000000000056e-01	-1.704198278313898271e-03	1.649638377013151530e-03	9.986880246609500245e-02
1.023973973973973939e-01	-9.985302741083794398e-02	-1.526626839775155342e-03	1.829862925643044010e-03	1.000000000000000056e-01	-1.000000000000000056e-01	-1.829862925643044010e-03	1.526626839775155342e-03	9.985302741083794398e-02
1.026026026026026078e-01	-9.983643185699146716e-02	-1.403614377036658048e-03	1.955526452528471692e-03	1.000000000000000056e-01	-1.000000000000000056e-01	-1.955526452528471692e-03	1.403614377036658048e-03	9.983643185699146716e-02
1.028078078078078078e-01	-9.981902650854823644e-02	-1.280601063399617288e-03	2.081188781972901237e-03	1.000000000000000056e-01	-1.000000000000000056e-01	-2.081188781972901237e-03	1.280601063399617288e-03	9.981902650854823644e-02
1.030130130130130078e-01	-9.980082184582821092e-02	-1.157586973460184802e-03	2.206849836969778950e-03	1.000000000000000056e-01	-1.000000000000000056e-01	-2.206849836969778950e-03	1.157586973460184802e-03	9.980082184582821092e-02
1.032182182182182217e-01	-9.978182813190679401e-02	-1.034572181808651129e-03	2.332509540500754801e-03	1.000000000000000056e-01	-1.000000000000000056e-01	-2.332509540500754801e-03	1.034572181808651129e-03	9.978182813190679401e-02
1.034234234234234218e-01	-9.976205541887676886e-02	-9.115567630299871741e-04	2.458167815538023649e-03	1.000000000000000056e-01	-1.000000000000000056e-01	-2.458167815538023649e-03	9.115567630299871741e-04	9.976205541887676886e-02
1.036286286286286218e-01	-9.974151355379778927e-02	-7.885407917044766173e-04	2.583824585041358431e-03	1.000000000000000056e-01	-1.000000000000000056e-01	-2.583824585041358431e-03	7.885407917044766173e-04	9.974151355379778927e-02
1.038338338338338357e-01	-9.972021218451324054e-02	-6.655243424074798854e-04	2.709479771958939794e-03	1.000000000000000056e-01	-1.000000000000000056e-01	-2.709479771958939794e-03	6.655243424074798854e-04	9.972021218451324054e-02
1.040390390390390357e-01	-9.969816076519404102e-02	-5.425074897125969865e-04	2.835133299226142226e-03	1.000000000000000056e-01	-1.000000000000000056e-01	-2.835133299226142226e-03	5.425074897125969865e-04	9.969816076519404102e-02
1.042442442442442496e-01	-9.967536856172140580e-02	-4.194903081886339658e-04	2.960785089763788916e-03	1.000000000000000056e-01	-1.000000000000000056e-01	-2.960785089763788916e-03	4.194903081886339658e-04	9.967536856172140580e-02
1.044494494494494496e-01	-9.965184465688327331e-02	-2.964728724023647484e-04	3.086435066479885185e-03	1.000000000000000056e-01	-1.000000000000000056e-01	-3.086435066479885185e-03	2.964728724023647484e-04	9.965184465688327331e-02
1.046546546546546497e-01	-9.962759795533804308e-02	-1.734552569188288615e-04	3.212083152267007722e-03	1.000000000000000056e-01	-1.000000000000000056e-01	-3.212083152267007722e-03	1.734552569188288615e-04	9.962759795533804308e-02
1.048598598598598636e-01	-9.960263718848010039e-02	-5.043753630169498013e-05	3.337729270002996306e-03	1.000000000000000056e-01	-1.000000000000000056e-01	-3.337729270002996306e-03	5.043753630169498013e-05	9.960263718848010039e-02
1.050650650650650636e-01	-9.957697091908640497e-02	7.258021488622011855e-05	3.463373342549665342e-03	1.000000000000000056e-01	-1.000000000000000056e-01	-3.463373342549665342e-03	-7.258021488622011855e-05	9.957697091908640497e-02
1.052702702702702636e-01	-9.955060754580334625e-02	1.955979220822324995e-04	3.589015292751281203e-03	1.000000000000000056e-01	-1.000000000000000056e-01	-3.589015292751281203e-03	-1.955979220822324995e-04	9.955060754580334625e-02
1.054754754754754775e-01	-9.952355530752736434e-02	3.186155107242046383e-04	3.714655043436046727e-03	1.000000000000000056e-01	-1.000000000000000056e-01	-3.714655043436046727e-03	-3.186155107242046383e-04	9.952355530752736434e-02
1.056806806806806776e-01	-9.949582228757676561e-02	4.416329062470952327e-04	3.840292517413726806e-03	1.000000000000000056e-01	-1.000000000000000056e-01	-3.840292517413726806e-03	-4.416329062470952327e-04	9.949582228757676561e-02
1.058858858858858776e-01	-9.946741641776717102e-02	5.646500340862596222e-04	3.965927637476469349e-03	1.000000000000000056e-01	-1.000000000000000056e-01	-3.965927637476469349e-03	-5.646500340862596222e-04	9.946741641776717102e-02
1.060910910910910915e-01	-9.943834548233250470e-02	6.876668196743769557e-04	4.091560326395542700e-03	1.000000000000000056e-01	-1.000000000000000056e-01	-4.091560326395542700e-03	-6.876668196743769557e-04	9.943834548233250470e-02
1.062962962962962915e-01	-9.940861712173337805e-02	8.106831884415962881e-04	4.217190506924347985e-03	1.000000000000000056e-01	-1.000000000000000056e-01	-4.217190506924347985e-03	-8.106831884415962881e-04	9.940861712173337805e-02
1.065015015015015054e-01	-9.937823883630611532e-02	9.336990658147965036e-04	4.342818101795111428e-03	1.000000000000000056e-01	-1.000000000000000056e-01	-4.342818101795111428e-03	-9.336990658147965036e-04	9.937823883630611532e-02
1.067067067067067054e-01	-9.934721798984012808e-02	1.056714377217154478e-03	4.468443033719074302e-03	1.000000000000000056e-01	-1.000000000000000056e-01	-4.468443033719074302e-03	-1.056714377217154478e-03	9.934721798984012808e-02
1.069119119119119055e-01	-9.931556181300285613e-02	1.179729048068336224e-03	4.594065225386492930e-03	1.000000000000000056e-01	-1.000000000000000056e-01	-4.594065225386492930e-03	-1.179729048068336224e-03	9.931556181300285613e-02
1.071171171171171194e-01	-9.928327740667024226e-02	1.302743003781356391e-03	4.719684599463831037e-03	1.000000000000000056e-01	-1.000000000000000056e-01	-4.719684599463831037e-03	-1.302743003781356391e-03	9.928327740667024226e-02
1.073223223223223194e-01	-9.925037174514884930e-02	1.425756169765456062e-03	4.845301078596433823e-03	1.000000000000000056e-01	-1.000000000000000056e-01	-4.845301078596433823e-03	-1.425756169765456062e-03	9.925037174514884930e-02
1.075275275275275194e-01	-9.921685167929805704e-02	1.548768471423472154e-03	4.970914585405283165e-03	1.000000000000000056e-01	-1.000000000000000056e-01	-4.970914585405283165e-03	-1.548768471423472154e-03	9.921685167929805704e-02
1.077327327327327333e-01	-9.918272393955078481e-02	1.671779834151583283e-03	5.096525042487160678e-03	1.000000000000000056e-01	-1.000000000000000056e-01	-5.096525042487160678e-03	-1.671779834151583283e-03	9.918272393955078481e-02
1.079379379379379333e-01	-9.914799513884176019e-02	1.794790183338832714e-03	5.222132372414966042e-03	1.000000000000000056e-01	-1.000000000000000056e-01	-5.222132372414966042e-03	-1.794790183338832714e-03	9.914799513884176019e-02
1.081431431431431472e-01	-9.911267177544522133e-02	1.917799444366740649e-03	5.347736497734376787e-03	1.000000000000000056e-01	-1.000000000000000056e-01	-5.347736497734376787e-03	-1.917799444366740649e-03	9.911267177544522133e-02
1.083483483483483473e-01	-9.907676023572951907e-02	2.040807542608448575e-03	5.473337340966825948e-03	1.000000000000000056e-01	-1.000000000000000056e-01	-5.473337340966825948e-03	-2.040807542608448575e-03	9.907676023572951907e-02
1.085535535535535473e-01	-9.904026679680079381e-02	2.163814403428930468e-03	5.598934824606359613e-03	1.000000000000000056e-01	-1.000000000000000056e-01	-5.598934824606359613e-03	-2.163814403428930468e-03	9.904026679680079381e-02
1.087587587587587612e-01	-9.900319762913474542e-02	2.286819952182269928e-03	5.724528871119524166e-03	1.000000000000000056e-01	-1.000000000000000056e-01	-5.724528871119524166e-03	-2.286819952182269928e-03	9.900319762913474542e-02
1.089639639639639612e-01	-9.896555879903570774e-02	2.409824114214137794e-03	5.850119402945768744e-03	1.000000000000000056e-01	-1.000000000000000056e-01	-5.850119402945768744e-03	-2.409824114214137794e-03	9.896555879903570774e-02
1.091691691691691612e-01	-9.892735627109899843e-02	2.532826814858045363e-03	5.975706342494320998e-03	1.000000000000000056e-01	-1.000000000000000056e-01	-5.975706342494320998e-03	-2.532826814858045363e-03	9.892735627109899843e-02
1.093743743743743752e-01	-9.888859591054516285e-02	2.655827979441126221e-03	6.101289612146908875e-03	1.000000000000000056e-01	-1.000000000000000056e-01	-6.101289612146908875e-03	-2.655827979441126221e-03	9.888859591054516285e-02
1.095795795795795752e-01	-9.884928348554955502e-02	2.778827533271713453e-03	6.226869134254475052e-03	1.000000000000000056e-01	-1.000000000000000056e-01	-6.226869134254475052e-03	-2.778827533271713453e-03	9.884928348554955502e-02
1.097847847847847891e-01	-9.880942466942907454e-02	2.901825401650778846e-03	6.352444831137666129e-03	1.000000000000000056e-01	-1.000000000000000056e-01	-6.352444831137666129e-03	-2.901825401650778846e-03	9.880942466942907454e-02
1.099899899899899891e-01	-9.999988371765095030e-02	-9.876902504280682393e-02	3.024821509865878704e-03	6.478016625086526446e-03	-6.478016625086526446e-03	-3.024821509865878704e-03	9.876902504280682393e-02	9.999988371765095030e-02
1.101951951951951891e-01	-9.999895002148229128e-02	-9.872809009572998395e-02	3.147815783189827216e-03	6.603584438357856974e-03	-6.603584438357856974e-03	-3.147815783189827216e-03	9.872809009572998395e-02	9.999895002148229128e-02
1.104004004004004030e-01	-9.999709204963105891e-02	-9.868662522967568129e-02	3.270808146882880473e-03	6.729148193177690758e-03	-6.729148193177690758e-03	-3.270808146882880473e-03	9.868662522967568129e-02	9.999709204963105891e-02
1.106056056056056031e-01	-9.999432225283730324e-02	-9.864463575955795260e-02	3.393798526190448805e-03	6.854707811738013426e-03	-6.854707811738013426e-03	-3.393798526190448805e-03	9.864463575955795260e-02	9.999432225283730324e-02
1.108108108108108031e-01	-9.999065281301465491e-02	-9.860212691561848208e-02	3.516786846342863457e-03	6.980263216197485701e-03	-6.980263216197485701e-03	-3.516786846342863457e-03	9.860212691561848208e-02	9.999065281301465491e-02
1.110160160160160170e-01	-9.998609565126335974e-02	-9.855910384529587009e-02	3.639773032554907348e-03	7.105814328680845789e-03	-7.105814328680845789e-03	-3.639773032554907348e-03	9.855910384529587009e-02	9.998609565126335974e-02
1.112212212212212170e-01	-9.998066243558216548e-02	-9.851557161508933680e-02	3.762757010025043550e-03	7.231361071276392292e-03	-7.231361071276392292e-03	-3.762757010025043550e-03	9.851557161508933680e-02	9.998066243558216548e-02
1.114264264264264309e-01	-9.997436458828684591e-02	-9.847153521224197292e-02	3.885738703935260469e-03	7.356903366038329561e-03	-7.356903366038329561e-03	-3.885738703935260469e-03	9.847153521224197292e-02	9.997436458828684591e-02
1.116316316316316309e-01	-9.996721329315032267e-02	-9.842699954653728878e-02	4.008718039450607368e-03	7.482441134983867231e-03	-7.482441134983867231e-03	-4.008718039450607368e-03	9.842699954653728878e-02	9.996721329315032267e-02
1.118368368368368310e-01	-9.995921950229108566e-02	-9.838196945187793752e-02	4.131694941716772262e-03	7.607974300093367677e-03	-7.607974300093367677e-03	-4.131694941716772262e-03	9.838196945187793752e-02	9.995921950229108566e-02
1.120420420420420449e-01	-9.995039394278709688e-02	-9.833644968800575592e-02	4.254669335862568645e-03	7.733502783310303511e-03	-7.733502783310303511e-03	-4.254669335862568645e-03	9.833644968800575592e-02	9.995039394278709688e-02
1.122472472472472449e-01	-9.994074712307600417e-02	-9.829044494200533943e-02	4.377641146996645583e-03	7.859026506538300746e-03	-7.859026506538300746e-03	-4.377641146996645583e-03	9.829044494200533943e-02	9.994074712307600417e-02
1.124524524524524449e-01	-9.993028933909386957e-02	-9.824395982985978382e-02	4.500610300210705628e-03	7.984545391670384504e-03	-7.984545391670384504e-03	-4.500610300210705628e-03	9.824395982985978382e-02	9.993028933909386957e-02
1.126576576576576588e-01	-9.991903068022818524e-02	-9.819699889796072723e-02	4.623576720572198165e-03	8.110059360452727753e-03	-8.110059360452727753e-03	-4.623576720572198165e-03	9.819699889796072723e-02	9.991903068022818524e-02
1.128628628628628588e-01	-9.990698103502794469e-02	-9.814956662452201108e-02	4.746540333130547934e-03	8.235568334751286121e-03	-8.235568334751286121e-03	-4.746540333130547934e-03	9.814956662452201108e-02	9.990698103502794469e-02
1.130680680680680728e-01	-9.989415009672930612e-02	-9.810166742105744242e-02	4.869501062913866862e-03	8.361072236285250689e-03	-8.361072236285250689e-03	-4.869501062913866862e-03	9.810166742105744242e-02	9.989415009672930612e-02
1.132732732732732728e-01	-9.988054736859014460e-02	-9.805330563370436014e-02	4.992458834926924438e-03	8.486570986757566853e-03	-8.486570986757566853e-03	-4.992458834926924438e-03	9.805330563370436014e-02	9.988054736859014460e-02
1.134784784784784728e-01	-9.986618216902884426e-02	-9.800448554455901129e-02	5.115413574153405453e-03	8.612064507830431356e-03	-8.612064507830431356e-03	-5.115413574153405453e-03	9.800448554455901129e-02	9.986618216902884426e-02
1.136836836836836867e-01	-9.985106363658653728e-02	-9.795521137304898096e-02	5.238365205553545574e-03	8.737552721122601729e-03	-8.737552721122601729e-03	-5.238365205553545574e-03	9.795521137304898096e-02	9.985106363658653728e-02
1.138888888888888867e-01	-9.983520073473961531e-02	-9.790548727713230259e-02	5.361313654064052414e-03	8.863035548209533335e-03	-8.863035548209533335e-03	-5.361313654064052414e-03	9.790548727713230259e-02	9.983520073473961531e-02
1.140940940940940868e-01	-9.981860225651784102e-02	-9.785531735457848879e-02	5.484258844597343988e-03	8.988512910623086202e-03	-8.988512910623086202e-03	-5.484258844597343988e-03	9.785531735457848879e-02	9.981860225651784102e-02
1.142992992992993007e-01	-9.980127682898766450e-02	-9.780470564415053025e-02	5.607200702041195695e-03	9.113984729849209168e-03	-9.113984729849209168e-03	-5.607200702041195695e-03	9.780470564415053025e-02	9.980127682898766450e-02
1.145045045045045007e-01	-9.978323291759644276e-02	-9.775365612681122252e-02	5.730139151258063779e-03	9.239450927329537558e-03	-9.239450927329537558e-03	-5.730139151258063779e-03	9.775365612681122252e-02	9.978323291759644276e-02
1.147097097097097146e-01	-9.976447883031595854e-02	-9.770217272684328380e-02	5.853074117085024612e-03	9.364911424459049574e-03	-9.364911424459049574e-03	-5.853074117085024612e-03	9.770217272684328380e-02	9.976447883031595854e-02
1.149149149149149146e-01	-9.974502272173828288e-02	-9.765025931297829920e-02	5.976005524331336541e-03	9.490366142586808759e-03	-9.490366142586808759e-03	-5.976005524331336541e-03	9.765025931297829920e-02	9.974502272173828288e-02
1.151201201201201146e-01	-9.972487259696155570e-02	-9.759791969949851986e-02	6.098933297780531962e-03	9.615815003012975065e-03	-9.615815003012975065e-03	-6.098933297780531962e-03	9.759791969949851986e-02	9.972487259696155570e-02
1.153253253253253285e-01	-9.970403631538372891e-02	-9.754515764724264182e-02	6.221857362188150907e-03	9.741257926991193569e-03	-9.741257926991193569e-03	-6.221857362188150907e-03	9.754515764724264182e-02	9.970403631538372891e-02
1.155305305305305286e-01	-9.968252159436812032e-02	-9.749197686474385394e-02	6.344777642281459150e-03	9.866694835725671464e-03	-9.866694835725671464e-03	-6.344777642281459150e-03	9.749197686474385394e-02	9.968252159436812032e-02
1.157357357357357286e-01	-9.966033601279145060e-02	-9.743838100914364864e-02	6.467694062758930391e-03	9.992125650371275203e-03	-9.992125650371275203e-03	-6.467694062758930391e-03	9.743838100914364864e-02	9.966033601279145060e-02
1.159409409409409425e-01	-9.963748701447897038e-02	-9.738437368722396847e-02	6.590606548289807375e-03	1.011755029203351489e-02	-1.011755029203351489e-02	-6.590606548289807375e-03	9.738437368722396847e-02	9.963748701447897038e-02
1.161461461461461425e-01	-9.961398191153107706e-02	-9.732995845635940280e-02	6.713515023513755807e-03	1.024296868176563860e-02	-1.024296868176563860e-02	-6.713515023513755807e-03	9.732995845635940280e-02	9.961398191153107706e-02
1.163513513513513564e-01	-9.958982788754525139e-02	-9.727513882545528456e-02	6.836419413038761009e-03	1.036838074057119113e-02	-1.036838074057119113e-02	-6.836419413038761009e-03	9.727513882545528456e-02	9.958982788754525139e-02
1.165565565565565564e-01	-9.956503200072852611e-02	-9.721991825586295821e-02	6.959319641442908606e-03	1.049378638940071974e-02	-1.049378638940071974e-02	-6.959319641442908606e-03	9.721991825586295821e-02	9.956503200072852611e-02
1.167617617617617565e-01	-9.953960118696396353e-02	-9.716430016227312061e-02	7.082215633314004749e-03	1.061918554915237782e-02	-1.061918554915237782e-02	-7.082215633314004749e-03	9.716430016227312061e-02	9.953960118696396353e-02
1.169669669669669704e-01	-9.951354226267540570e-02	-9.710828791358762369e-02	7.205107313040561012e-03	1.074457814067135593e-02	-1.074457814067135593e-02	-7.205107313040561012e-03	9.710828791358762369e-02	9.951354226267540570e-02
1.171721721721721704e-01	-9.948686192772643322e-02	-9.705188483377080733e-02	7.327994605228669266e-03	1.086996408474750347e-02	-1.086996408474750347e-02	-7.327994605228669266e-03	9.705188483377080733e-02	9.948686192772643322e-02
1.173773773773773704e-01	-9.945956676815616293e-02	-9.699509420268022375e-02	7.450877434284131073e-03	1.099534330208415227e-02	-1.099534330208415227e-02	-7.450877434284131073e-03	9.699509420268022375e-02	9.945956676815616293e-02
1.175825825825825843e-01	-9.943166325884235379e-02	-9.693791925687830768e-02	7.573755724620922017e-03	1.112071571346103828e-02	-1.112071571346103828e-02	-7.573755724620922017e-03	9.693791925687830768e-02	9.943166325884235379e-02
1.177877877877877844e-01	-9.940315776613727061e-02	-9.688036319042450661e-02	7.696629400617167882e-03	1.124608123940329385e-02	-1.124608123940329385e-02	-7.696629400617167882e-03	9.688036319042450661e-02	9.940315776613727061e-02
1.179929929929929983e-01	-9.937405655032133245e-02	-9.682242915564931440e-02	7.819498386617048519e-03	1.137143980051214844e-02	-1.137143980051214844e-02	-7.819498386617048519e-03	9.682242915564931440e-02	9.937405655032133245e-02
1.181981981981981983e-01	-9.934436576810322383e-02	-9.676412026391020826e-02	7.942362606928585200e-03	1.149679131729722074e-02	-1.149679131729722074e-02	-7.942362606928585200e-03	9.676412026391020826e-02	9.934436576810322383e-02
1.184034034034033983e-01	-9.931409147494332790e-02	-9.670543958633001647e-02	8.065221985823507050e-03	1.162213571021103106e-02	-1.162213571021103106e-02	-8.065221985823507050e-03	9.670543958633001647e-02	9.931409147494332790e-02
1.186086086086086122e-01	-9.928323962740824571e-02	-9.664639015451981230e-02	8.188076447536463479e-03	1.174747289964679642e-02	-1.174747289964679642e-02	-8.188076447536463479e-03	9.664639015451981230e-02	9.928323962740824571e-02
1.188138138138138122e-01	-9.925181608535194044e-02	-9.658697496126890381e-02	8.310925916264724073e-03	1.187280280593888682e-02	-1.187280280593888682e-02	-8.310925916264724073e-03	9.658697496126890381e-02	9.925181608535194044e-02
1.190190190190190123e-01	-9.921982661413820959e-02	-9.652719696128526927e-02	8.433770316167292155e-03	1.199812534936024050e-02	-1.199812534936024050e-02	-8.433770316167292155e-03	9.652719696128526927e-02	9.921982661413820959e-02
1.192242242242242262e-01	-9.918727688669250198e-02	-9.646705907179245476e-02	8.556609571365170197e-03	1.212344045012422704e-02	-1.212344045012422704e-02	-8.556609571365170197e-03	9.646705907179245476e-02	9.918727688669250198e-02
1.194294294294294262e-01	-9.915417248559248165e-02	-9.640656417323502370e-02	8.679443605938577319e-03	1.224874802838210770e-02	-1.224874802838210770e-02	-8.679443605938577319e-03	9.640656417323502370e-02	9.915417248559248165e-02
1.196346346346346262e-01	-9.912051890505815810e-02	-9.634571510992336052e-02	8.802272343929239129e-03	1.237404800422292617e-02	-1.237404800422292617e-02	-8.802272343929239129e-03	9.634571510992336052e-02	9.912051890505815810e-02
1.198398398398398401e-01	-9.908632155286387078e-02	-9.628451469065210655e-02	8.925095709337978189e-03	1.249934029767334198e-02	-1.249934029767334198e-02	-8.925095709337978189e-03	9.628451469065210655e-02	9.908632155286387078e-02
1.200450450450450401e-01	-9.905158575223824147e-02	-9.622296568930144289e-02	9.047913626124367073e-03	1.262462482869525227e-02	-1.262462482869525227e-02	-9.047913626124367073e-03	9.622296568930144289e-02	9.905158575223824147e-02
1.202502502502502540e-01	-9.901631674368327474e-02	-9.616107084547692585e-02	9.170726018206506319e-03	1.274990151722123558e-02	-1.274990151722123558e-02	-9.170726018206506319e-03	9.616107084547692585e-02	9.901631674368327474e-02
1.204554554554554541e-01	-9.898051968676120638e-02	-9.609883286505763178e-02	9.293532809460118907e-03	1.287517028298290102e-02	-1.287517028298290102e-02	-9.293532809460118907e-03	9.609883286505763178e-02	9.898051968676120638e-02
1.206606606606606541e-01	-9.894419966181128290e-02	-9.603625442079376240e-02	9.416333923718656074e-03	1.300043104584949066e-02	-1.300043104584949066e-02	-9.416333923718656074e-03	9.603625442079376240e-02	9.894419966181128290e-02
1.208658658658658680e-01	-9.890736167165896375e-02	-9.597333815286412939e-02	9.539129284770728190e-03	1.312568372548874457e-02	-1.312568372548874457e-02	-9.539129284770728190e-03	9.597333815286412939e-02	9.890736167165896375e-02
1.210710710710710680e-01	-9.887001064320172228e-02	-9.591008666942731076e-02	9.661918816362243673e-03	1.325092824153428252e-02	-1.325092824153428252e-02	-9.661918816362243673e-03	9.591008666942731076e-02	9.887001064320172228e-02
1.212762762762762681e-01	-9.883215142907396389e-02	-9.584650254716045592e-02	9.784702442194027211e-03	1.337616451355272233e-02	-1.337616451355272233e-02	-9.784702442194027211e-03	9.584650254716045592e-02	9.883215142907396389e-02
1.214814814814814820e-01	-9.879378880915073990e-02	-9.578258833178082687e-02	9.907480085921589047e-03	1.350139246104188617e-02	-1.350139246104188617e-02	-9.907480085921589047e-03	9.578258833178082687e-02	9.879378880915073990e-02
1.216866866866866820e-01	-9.875492749204035914e-02	-9.571834653859190301e-02	1.003025167115454037e-02	1.362661200343101564e-02	-1.362661200343101564e-02	-1.003025167115454037e-02	9.571834653859190301e-02	9.875492749204035914e-02
1.218918918918918959e-01	-9.871557211660603182e-02	-9.565377965292834461e-02	1.015301712145615098e-02	1.375182306007812286e-02	-1.375182306007812286e-02	-1.015301712145615098e-02	9.565377965292834461e-02	9.871557211660603182e-02
1.220970970970970959e-01	-9.867572725337578343e-02	-9.558889013070702434e-02	1.027577636034310814e-02	1.387702555027190733e-02	-1.387702555027190733e-02	-1.027577636034310814e-02	9.558889013070702434e-02	9.867572725337578343e-02
1.223023023023022959e-01	-9.863539740589488680e-02	-9.552368039889920504e-02	1.039852931128313132e-02	1.400221939322923194e-02	-1.400221939322923194e-02	-1.039852931128313132e-02	9.552368039889920504e-02	9.863539740589488680e-02
1.225075075075075098e-01	-9.859458701215809140e-02	-9.545815285597390731e-02	1.052127589769687004e-02	1.412740450809490435e-02	-1.412740450809490435e-02	-1.052127589769687004e-02	9.545815285597390731e-02	9.859458701215809140e-02
1.227127127127127099e-01	-9.855330044586804727e-02	-9.539230987239849524e-02	1.064401604295586549e-02	1.425258081394160936e-02	-1.425258081394160936e-02	-1.064401604295586549e-02	9.539230987239849524e-02	9.855330044586804727e-02
1.229179179179179099e-01	-9.851154201777648223e-02	-9.532615379107479969e-02	1.076674967038196776e-02	1.437774822976739010e-02	-1.437774822976739010e-02	-1.076674967038196776e-02	9.532615379107479969e-02	9.851154201777648223e-02
1.231231231231231238e-01	-9.846931597686731097e-02	-9.525968692777997404e-02	1.088947670324703736e-02	1.450290667449723007e-02	-1.450290667449723007e-02	-1.088947670324703736e-02	9.525968692777997404e-02	9.846931597686731097e-02
1.233283283283283238e-01	-9.842662651166547705e-02	-9.519291157164110062e-02	1.101219706477218202e-02	1.462805606698071650e-02	-1.462805606698071650e-02	-1.101219706477218202e-02	9.519291157164110062e-02	9.842662651166547705e-02
1.235335335335335377e-01	-9.838347775136996320e-02	-9.512582998548818614e-02	1.113491067812780871e-02	1.475319632599242196e-02	-1.475319632599242196e-02	-1.113491067812780871e-02	9.512582998548818614e-02	9.838347775136996320e-02
1.237387387387387377e-01	-9.833987376703445804e-02	-9.505844440633162695e-02	1.125761746643105798e-02	1.487832737022939771e-02	-1.487832737022939771e-02	-1.125761746643105798e-02	9.505844440633162695e-02	9.833987376703445804e-02
1.239439439439439378e-01	-9.829581857270941470e-02	-9.499075704576973034e-02	1.138031735274773817e-02	1.500344911831296216e-02	-1.500344911831296216e-02	-1.138031735274773817e-02	9.499075704576973034e-02	9.829581857270941470e-02
1.241491491491491517e-01	-9.825131612655496616e-02	-9.492277009036134694e-02	1.150301026009029753e-02	1.512856148878609711e-02	-1.512856148878609711e-02	-1.150301026009029753e-02	9.492277009036134694e-02	9.825131612655496616e-02
1.243543543543543517e-01	-9.820637033185175557e-02	-9.485448570203730556e-02	1.162569611141721880e-02	1.525366440011323432e-02	-1.525366440011323432e-02	-1.162569611141721880e-02	9.485448570203730556e-02	9.820637033185175557e-02
1.245595595595595517e-01	-9.816098503815795517e-02	-9.478590601848259356e-02	1.174837482963261674e-02	1.537875777068021046e-02	-1.537875777068021046e-02	-1.174837482963261674e-02	9.478590601848259356e-02	9.816098503815795517e-02
1.247647647647647656e-01	-9.811516404226026944e-02	-9.471703315351365227e-02	1.187104633758573682e-02	1.550384151879175866e-02	-1.550384151879175866e-02	-1.187104633758573682e-02	9.471703315351365227e-02	9.811516404226026944e-02
1.249699699699699657e-01	-9.806891108919948974e-02	-9.464786919744908045e-02	1.199371055807064296e-02	1.562891556267307844e-02	-1.562891556267307844e-02	-1.199371055807064296e-02	9.464786919744908045e-02	9.806891108919948974e-02
1.251751751751751796e-01	-9.802222987324511749e-02	-9.457841621747231642e-02	1.211636741382397797e-02	1.575397982046734813e-02	-1.575397982046734813e-02	-1.211636741382397797e-02	9.457841621747231642e-02	9.802222987324511749e-02
1.253803803803803796e-01	-9.797512403884846288e-02	-9.450867625798756166e-02	1.223901682752665844e-02	1.587903421023621059e-02	-1.587903421023621059e-02	-1.223901682752665844e-02	9.450867625798756166e-02	9.797512403884846288e-02
1.255855855855855796e-01	-9.792759718157308113e-02	-9.443865134095374980e-02	1.236165872180189362e-02	1.600407864995736368e-02	-1.600407864995736368e-02	-1.236165872180189362e-02	9.443865134095374980e-02	9.792759718157308113e-02
1.257907907907907796e-01	-9.787965284900326801e-02	-9.436834346630057491e-02	1.248429301921456271e-02	1.612911305752602262e-02	-1.612911305752602262e-02	-1.248429301921456271e-02	9.436834346630057491e-02	9.787965284900326801e-02
1.259959959959960074e-01	-9.783129454163096150e-02	-9.429775461212686061e-02	1.260691964227102918e-02	1.625413735075251914e-02	-1.625413735075251914e-02	-1.260691964227102918e-02	9.429775461212686061e-02	9.783129454163096150e-02
1.262012012012012074e-01	-9.778252571372167412e-02	-9.422688673512270852e-02	1.272953851341822318e-02	1.637915144736204823e-02	-1.637915144736204823e-02	-1.272953851341822318e-02	9.422688673512270852e-02	9.778252571372167412e-02
1.264064064064064075e-01	-9.773334977416028857e-02	-9.415574177092742025e-02	1.285214955504359116e-02	1.650415526499451543e-02	-1.650415526499451543e-02	-1.285214955504359116e-02	9.415574177092742025e-02	9.773334977416028857e-02
1.266116116116116075e-01	-9.768377008727692490e-02	-9.408432163436539208e-02	1.297475268947287201e-02	1.662914872120227830e-02	-1.662914872120227830e-02	-1.297475268947287201e-02	9.408432163436539208e-02	9.768377008727692490e-02
1.268168168168168075e-01	-9.763378997365396161e-02	-9.401262821974037953e-02	1.309734783897167389e-02	1.675413173345118023e-02	-1.675413173345118023e-02	-1.309734783897167389e-02	9.401262821974037953e-02	9.763378997365396161e-02
1.270220220220220075e-01	-9.758341271091691693e-02	-9.394066340127060766e-02	1.321993492574338042e-02	1.687910421911865966e-02	-1.687910421911865966e-02	-1.321993492574338042e-02	9.394066340127060766e-02	9.758341271091691693e-02
1.272272272272272353e-01	-9.753264153450008633e-02	-9.386842903324557619e-02	1.334251387192885580e-02	1.700406609549371534e-02	-1.700406609549371534e-02	-1.334251387192885580e-02	9.386842903324557619e-02	9.753264153450008633e-02
1.274324324324324353e-01	-9.748147963837419661e-02	-9.379592695039022654e-02	1.346508459960590182e-02	1.712901727977484551e-02	-1.712901727977484551e-02	-1.346508459960590182e-02	9.379592695039022654e-02	9.748147963837419661e-02
1.276376376376376354e-01	-9.742993017587406324e-02	-9.372315896813795955e-02	1.358764703078884500e-02	1.725395768911546640e-02	-1.725395768911546640e-02	-1.358764703078884500e-02	9.372315896813795955e-02	9.742993017587406324e-02
1.278428428428428354e-01	-9.737799626029064459e-02	-9.365012688291393661e-02	1.371020108742684873e-02	1.737888724040018498e-02	-1.737888724040018498e-02	-1.371020108742684873e-02	9.365012688291393661e-02	9.737799626029064459e-02
1.280480480480480354e-01	-9.732568096565699656e-02	-9.357683247240672353e-02	1.383274669140479099e-02	1.750380585068769812e-02	-1.750380585068769812e-02	-1.383274669140479099e-02	9.357683247240672353e-02	9.732568096565699656e-02
1.282532532532532632e-01	-9.727298732741307408e-02	-9.350327749585024550e-02	1.395528376452821046e-02	1.762871343676719257e-02	-1.762871343676719257e-02	-1.395528376452821046e-02	9.350327749585024550e-02	9.727298732741307408e-02
1.284584584584584632e-01	-9.721991834308597868e-02	-9.342946369426714803e-02	1.407781222859058948e-02	1.775360991537791588e-02	-1.775360991537791588e-02	-1.407781222859058948e-02	9.342946369426714803e-02	9.721991834308597868e-02
1.286636636636636633e-01	-9.716647697289541863e-02	-9.335539279080198871e-02	1.420033200523682093e-02	1.787849520316566604e-02	-1.787849520316566604e-02	-1.420033200523682093e-02	9.335539279080198871e-02	9.716647697289541863e-02
1.288688688688688633e-01	-9.711266614050600987e-02	-9.328106649084408342e-02	1.432284301609867798e-02	1.800336921668110532e-02	-1.800336921668110532e-02	-1.432284301609867798e-02	9.328106649084408342e-02	9.711266614050600987e-02
1.290740740740740633e-01	-9.705848873353752071e-02	-9.320648648241308676e-02	1.444534518272660474e-02	1.812823187237948969e-02	-1.812823187237948969e-02	-1.444534518272660474e-02	9.320648648241308676e-02	9.705848873353752071e-02
1.292792792792792911e-01	-9.700394760425289087e-02	-9.313165443635451624e-02	1.456783842660103884e-02	1.825308308661886814e-02	-1.825308308661886814e-02	-1.456783842660103884e-02	9.313165443635451624e-02	9.700394760425289087e-02
1.294844844844844911e-01	-9.694904557010450286e-02	-9.305657200652397987e-02	1.469032266913388243e-02	1.837792277566067944e-02	-1.837792277566067944e-02	-1.469032266913388243e-02	9.305657200652397987e-02	9.694904557010450286e-02
1.296896896896896911e-01	-9.689378541440023251e-02	-9.298124083017052233e-02	1.481279783166660619e-02	1.850275085566809030e-02	-1.850275085566809030e-02	-1.481279783166660619e-02	9.298124083017052233e-02	9.689378541440023251e-02
1.298948948948948912e-01	-9.683816988679808113e-02	-9.290566252802662239e-02	1.493526383546981556e-02	1.862756724270586001e-02	-1.862756724270586001e-02	-1.493526383546981556e-02	9.290566252802662239e-02	9.683816988679808113e-02
1.301001001001000912e-01	-9.678220170390795796e-02	-9.282983870460807807e-02	1.505772060174265931e-02	1.875237185273824492e-02	-1.875237185273824492e-02	-1.505772060174265931e-02	9.282983870460807807e-02	9.678220170390795796e-02
1.303053053053052912e-01	-9.672588354985806047e-02	-9.275377094843945125e-02	1.518016805161245125e-02	1.887716460162999071e-02	-1.887716460162999071e-02	-1.518016805161245125e-02	9.275377094843945125e-02	9.672588354985806047e-02
1.305105105105105190e-01	-9.666921807678259537e-02	-9.267746083224891185e-02	1.530260610613296858e-02	1.900194540514429584e-02	-1.900194540514429584e-02	-1.530260610613296858e-02	9.267746083224891185e-02	9.666921807678259537e-02
1.307157157157157190e-01	-9.661220790539874759e-02	-9.260090991321383302e-02	1.542503468628525498e-02	1.912671417894272474e-02	-1.912671417894272474e-02	-1.542503468628525498e-02	9.260090991321383302e-02	9.661220790539874759e-02
1.309209209209209190e-01	-9.655485562551351097e-02	-9.252411973316154725e-02	1.554745371292719225e-02	1.925147083858328237e-02	-1.925147083858328237e-02	-1.554745371292719225e-02	9.252411973316154725e-02	9.655485562551351097e-02
1.311261261261261191e-01	-9.649716379650370712e-02	-9.244709181878277282e-02	1.566986310703773547e-02	1.937621529952139598e-02	-1.937621529952139598e-02	-1.566986310703773547e-02	9.244709181878277282e-02	9.649716379650370712e-02
1.313313313313313191e-01	-9.643913494783133700e-02	-9.236982768183207848e-02	1.579226278922650842e-02	1.950094747710752474e-02	-1.950094747710752474e-02	-1.579226278922650842e-02	9.236982768183207848e-02	9.643913494783133700e-02
1.315365365365365469e-01	-9.638077157954179353e-02	-9.229232881936727528e-02	1.591465268022292101e-02	1.962566728658725682e-02	-1.962566728658725682e-02	-1.591465268022292101e-02	9.229232881936727528e-02	9.638077157954179353e-02
1.317417417417417469e-01	-9.632207616270482831e-02	-9.221459671386622592e-02	1.603703270063125061e-02	1.975037464310045593e-02	-1.975037464310045593e-02	-1.603703270063125061e-02	9.221459671386622592e-02	9.632207616270482831e-02
1.319469469469469469e-01	-9.626305113992753015e-02	-9.213663283352456490e-02	1.615940277097722630e-02	1.987506946167941213e-02	-1.987506946167941213e-02	-1.615940277097722630e-02	9.213663283352456490e-02	9.626305113992753015e-02
1.321521521521521469e-01	-9.620369892575282578e-02	-9.205843863237962721e-02	1.628176281170950687e-02	1.999975165724955303e-02	-1.999975165724955303e-02	-1.628176281170950687e-02	9.205843863237962721e-02	9.620369892575282578e-02
1.323573573573573470e-01	-9.614402190712093010e-02	-9.198001555052522094e-02	1.640411274319770671e-02	2.012442114462767787e-02	-2.012442114462767787e-02	-1.640411274319770671e-02	9.198001555052522094e-02	9.614402190712093010e-02
1.325625625625625470e-01	-9.608402244387620472e-02	-9.190136501429396754e-02	1.652645248573200373e-02	2.024907783852193319e-02	-2.024907783852193319e-02	-1.652645248573200373e-02	9.190136501429396754e-02	9.608402244387620472e-02
1.327677677677677748e-01	-9.602370286908655517e-02	-9.182248843644082170e-02	1.664878195952250103e-02	2.037372165352933917e-02	-2.037372165352933917e-02	-1.664878195952250103e-02	9.182248843644082170e-02	9.602370286908655517e-02
1.329729729729729748e-01	-9.596306548954955384e-02	-9.174338721632330218e-02	1.677110108469880012e-02	2.049835250413705942e-02	-2.049835250413705942e-02	-1.677110108469880012e-02	9.174338721632330218e-02	9.596306548954955384e-02
1.331781781781781748e-01	-9.590211258614994572e-02	-9.166406274006125288e-02	1.689340978130834253e-02	2.062297030472018053e-02	-2.062297030472018053e-02	-1.689340978130834253e-02	9.166406274006125288e-02	9.590211258614994572e-02
1.333833833833833749e-01	-9.584084641430097584e-02	-9.158451638079428969e-02	1.701570796931716964e-02	2.074757496954184044e-02	-2.074757496954184044e-02	-1.701570796931716964e-02	9.158451638079428969e-02	9.584084641430097584e-02
1.335885885885885749e-01	-9.577926920430492042e-02	-9.150474949868478425e-02	1.713799556860835793e-02	2.087216641275089699e-02	-2.087216641275089699e-02	-1.713799556860835793e-02	9.150474949868478425e-02	9.577926920430492042e-02
1.337937937937938027e-01	-9.571738316178479700e-02	-9.142476344126186649e-02	1.726027249898145696e-02	2.099674454838302076e-02	-2.099674454838302076e-02	-1.726027249898145696e-02	9.142476344126186649e-02	9.571738316178479700e-02
1.339989989989990027e-01	-9.565519046799540737e-02	-9.134455954353563889e-02	1.738253868015180587e-02	2.112130929035839835e-02	-2.112130929035839835e-02	-1.738253868015180587e-02	9.134455954353563889e-02	9.565519046799540737e-02
1.342042042042042027e-01	-9.559269328027859836e-02	-9.126413912801464856e-02	1.750479403175022111e-02	2.124586055248198213e-02	-2.124586055248198213e-02	-1.750479403175022111e-02	9.126413912801464856e-02	9.559269328027859836e-02
1.344094094094094027e-01	-9.552989373239707815e-02	-9.118350350511066071e-02	1.762703847332124790e-02	2.137039824844114144e-02	-2.137039824844114144e-02	-1.762703847332124790e-02	9.118350350511066071e-02	9.552989373239707815e-02
1.346146146146146028e-01	-9.546679393483092912e-02	-9.110265397313366265e-02	1.774927192432392345e-02	2.149492229180666875e-02	-2.149492229180666875e-02	-1.774927192432392345e-02	9.110265397313366265e-02	9.546679393483092912e-02
1.348198198198198305e-01	-9.540339597522207171e-02	-9.102159181848745728e-02	1.787149430412798140e-02	2.161943259603061121e-02	-2.161943259603061121e-02	-1.787149430412798140e-02	9.102159181848745728e-02	9.540339597522207171e-02
1.350250250250250306e-01	-9.533970191866787680e-02	-9.094031831582223557e-02	1.799370553202450651e-02	2.174392907444625336e-02	-2.174392907444625336e-02	-1.799370553202450651e-02	9.094031831582223557e-02	9.533970191866787680e-02
1.352302302302302306e-01	-9.527571380805704981e-02	-9.085883472818413742e-02	1.811590552720254363e-02	2.186841164026604237e-02	-2.186841164026604237e-02	-1.811590552720254363e-02	9.085883472818413742e-02	9.527571380805704981e-02
1.354354354354354306e-01	-9.521143366446234435e-02	-9.077714230712062571e-02	1.823809420877143747e-02	2.199288020658245191e-02	-2.199288020658245191e-02	-1.823809420877143747e-02	9.077714230712062571e-02	9.521143366446234435e-02
1.356406406406406306e-01	-9.514686348734241461e-02	-9.069524229299302798e-02	1.836027149574887343e-02	2.211733468636571665e-02	-2.211733468636571665e-02	-1.836027149574887343e-02	9.069524229299302798e-02	9.514686348734241461e-02
1.358458458458458307e-01	-9.508200525499388434e-02	-9.061313591486726271e-02	1.848243730706115168e-02	2.224177499246399875e-02	-2.224177499246399875e-02	-1.848243730706115168e-02	9.061313591486726271e-02	9.508200525499388434e-02
1.360510510510510584e-01	-9.501686092475285228e-02	-9.053082439082148214e-02	1.860459156151023780e-02	2.236620103760118827e-02	-2.236620103760118827e-02	-1.860459156151023780e-02	9.053082439082148214e-02	9.501686092475285228e-02
1.362562562562562585e-01	-9.495143243341361283e-02	-9.044830892805037770e-02	1.872673417794272835e-02	2.249061273437761438e-02	-2.249061273437761438e-02	-1.872673417794272835e-02	9.044830892805037770e-02	9.495143243341361283e-02
1.364614614614614585e-01	-9.488572169744294293e-02	-9.036559072299271689e-02	1.884886507490746155e-02	2.261500999526805389e-02	-2.261500999526805389e-02	-1.884886507490746155e-02	9.036559072299271689e-02	9.488572169744294293e-02
1.366666666666666585e-01	-9.481973061326333385e-02	-9.028267096146536108e-02	1.897098417099698717e-02	2.273939273262173821e-02	-2.273939273262173821e-02	-1.897098417099698717e-02	9.028267096146536108e-02	9.481973061326333385e-02
1.368718718718718586e-01	-9.475346105765722338e-02	-9.019955081879643677e-02	1.909309138467599198e-02	2.286376085866005312e-02	-2.286376085866005312e-02	-1.909309138467599198e-02	9.019955081879643677e-02	9.475346105765722338e-02
1.370770770770770863e-01	-9.468691488792187194e-02	-9.011623145995489859e-02	1.921518663431366625e-02	2.298811428547754832e-02	-2.298811428547754832e-02	-1.921518663431366625e-02	9.011623145995489859e-02	9.468691488792187194e-02
1.372822822822822864e-01	-9.462009394224035752e-02	-9.003271403967820496e-02	1.933726983815179171e-02	2.311245292503947765e-02	-2.311245292503947765e-02	-1.933726983815179171e-02	9.003271403967820496e-02	9.462009394224035752e-02
1.374874874874874864e-01	-9.455300003988442725e-02	-8.994899970259769006e-02	1.945934091446718806e-02	2.323677668918213909e-02	-2.323677668918213909e-02	-1.945934091446718806e-02	8.994899970259769006e-02	9.455300003988442725e-02
1.376926926926926864e-01	-9.448563498154356755e-02	-8.986508958336225650e-02	1.958139978124288222e-02	2.336108548961052592e-02	-2.336108548961052592e-02	-1.958139978124288222e-02	8.986508958336225650e-02	9.448563498154356755e-02
1.378978978978978864e-01	-9.441800054954958832e-02	-8.978098480674462367e-02	1.970344635649561027e-02	2.348537923789908999e-02	-2.348537923789908999e-02	-1.970344635649561027e-02	8.978098480674462367e-02	9.441800054954958832e-02
1.381031031031031142e-01	-9.435009850819046917e-02	-8.969668648783808707e-02	1.982548055811149401e-02	2.360965784548959071e-02	-2.360965784548959071e-02	-1.982548055811149401e-02	8.969668648783808707e-02	9.435009850819046917e-02
1.383083083083083142e-01	-9.428193060386903801e-02	-8.961219573202046373e-02	1.994750230387676987e-02	2.373392122369122337e-02	-2.373392122369122337e-02	-1.994750230387676987e-02	8.961219573202046373e-02	9.428193060386903801e-02
1.385135135135135143e-01	-9.421349856545106760e-02	-8.952751363522405692e-02	2.006951151147765011e-02	2.385816928367822526e-02	-2.385816928367822526e-02	-2.006951151147765011e-02	8.952751363522405692e-02	9.421349856545106760e-02
1.387187187187187143e-01	-9.414480410446086911e-02	-8.944264128397325098e-02	2.019150809850430578e-02	2.398240193649081586e-02	-2.398240193649081586e-02	-2.019150809850430578e-02	8.944264128397325098e-02	9.414480410446086911e-02
1.389239239239239143e-01	-9.407584891535043792e-02	-8.935757975551218701e-02	2.031349198243868892e-02	2.410661909303284112e-02	-2.410661909303284112e-02	-2.031349198243868892e-02	8.935757975551218701e-02	9.407584891535043792e-02
1.391291291291291143e-01	-9.400663467565381626e-02	-8.927233011792522210e-02	2.043546308066586728e-02	2.423082066407195381e-02	-2.423082066407195381e-02	-2.043546308066586728e-02	8.927233011792522210e-02	9.400663467565381626e-02
1.393343343343343421e-01	-9.393716304638506653e-02	-8.918689343019871318e-02	2.055742131046640886e-02	2.435500656023736540e-02	-2.435500656023736540e-02	-2.055742131046640886e-02	8.918689343019871318e-02	9.393716304638506653e-02
1.395395395395395421e-01	-9.386743567210263650e-02	-8.910127074242338296e-02	2.067936658901812358e-02	2.447917669202031438e-02	-2.447917669202031438e-02	-2.067936658901812358e-02	8.910127074242338296e-02	9.386743567210263650e-02
1.397447447447447422e-01	-9.379745418121637757e-02	-8.901546309580510297e-02	2.080129883339462693e-02	2.460333096977236622e-02	-2.460333096977236622e-02	-2.080129883339462693e-02	8.901546309580510297e-02	9.379745418121637757e-02
1.399499499499499422e-01	-9.372722018619222828e-02	-8.892947152281698020e-02	2.092321796056452812e-02	2.472746930370489302e-02	-2.472746930370489302e-02	-2.092321796056452812e-02	8.892947152281698020e-02	9.372722018619222828e-02
1.401551551551551422e-01	-9.365673528375877133e-02	-8.884329704729576616e-02	2.104512388739080211e-02	2.485159160388750177e-02	-2.485159160388750177e-02	-2.104512388739080211e-02	8.884329704729576616e-02	9.365673528375877133e-02
1.403603603603603700e-01	-9.358600105518152801e-02	-8.875694068452590069e-02	2.116701653063051553e-02	2.497569778024777420e-02	-2.497569778024777420e-02	-2.116701653063051553e-02	8.875694068452590069e-02	9.358600105518152801e-02
1.405655655655655700e-01	-9.351501906632751770e-02	-8.867040344137373797e-02	2.128889580693268599e-02	2.509978774257005940e-02	-2.509978774257005940e-02	-2.128889580693268599e-02	8.867040344137373797e-02	9.351501906632751770e-02
1.407707707707707701e-01	-9.344379086805532086e-02	-8.858368631635109292e-02	2.141076163283946177e-02	2.522386140049482500e-02	-2.522386140049482500e-02	-2.141076163283946177e-02	8.858368631635109292e-02	9.344379086805532086e-02
1.409759759759759701e-01	-9.337231799628684104e-02	-8.849679029972928879e-02	2.153261392478394640e-02	2.534791866353946002e-02	-2.534791866353946002e-02	-2.153261392478394640e-02	8.849679029972928879e-02	9.337231799628684104e-02
1.411811811811811701e-01	-9.330060197225571728e-02	-8.840971637362876612e-02	2.165445259908985870e-02	2.547195944098547618e-02	-2.547195944098547618e-02	-2.165445259908985870e-02	8.840971637362876612e-02	9.330060197225571728e-02
1.413863863863863979e-01	-9.322864430269556246e-02	-8.832246551212480368e-02	2.177627757197087011e-02	2.559598364210294297e-02	-2.559598364210294297e-02	-2.177627757197087011e-02	8.832246551212480368e-02	9.322864430269556246e-02
1.415915915915915979e-01	-9.315644648003207351e-02	-8.823503868131610250e-02	2.189808875952990730e-02	2.571999117592296477e-02	-2.571999117592296477e-02	-2.189808875952990730e-02	8.823503868131610250e-02	9.315644648003207351e-02
1.417967967967967979e-01	-9.308400998257222725e-02	-8.814743683944002706e-02	2.201988607775760831e-02	2.584398195135124976e-02	-2.584398195135124976e-02	-2.201988607775760831e-02	8.814743683944002706e-02	9.308400998257222725e-02
1.420020020020019980e-01	-9.301133627469031218e-02	-8.805966093695030694e-02	2.214166944258141867e-02	2.596795587714308129e-02	-2.596795587714308129e-02	-2.214166944258141867e-02	8.805966093695030694e-02	9.301133627469031218e-02
1.422072072072071980e-01	-9.293842680701064340e-02	-8.797171191660818623e-02	2.226343876962134233e-02	2.609191286190347750e-02	-2.609191286190347750e-02	-2.226343876962134233e-02	8.797171191660818623e-02	9.293842680701064340e-02
1.424124124124123980e-01	-9.286528301658736329e-02	-8.788359071356949270e-02	2.238519397467418626e-02	2.621585281408473495e-02	-2.621585281408473495e-02	-2.238519397467418626e-02	8.788359071356949270e-02	9.286528301658736329e-02
1.426176176176176258e-01	-9.279190632708132769e-02	-8.779529825545376309e-02	2.250693497322842421e-02	2.633977564198736881e-02	-2.633977564198736881e-02	-2.250693497322842421e-02	8.779529825545376309e-02	9.279190632708132769e-02
1.428228228228228258e-01	-9.271829814893373101e-02	-8.770683546251395457e-02	2.262866168070487918e-02	2.646368125375758371e-02	-2.646368125375758371e-02	-2.262866168070487918e-02	8.770683546251395457e-02	9.271829814893373101e-02
1.430280280280280258e-01	-9.264445987953724704e-02	-8.761820324755000000e-02	2.275037401240855364e-02	2.658756955738733260e-02	-2.658756955738733260e-02	-2.275037401240855364e-02	8.761820324755000000e-02	9.264445987953724704e-02
1.432332332332332259e-01	-9.257039290340406124e-02	-8.752940251617055689e-02	2.287207188352735621e-02	2.671144046071225603e-02	-2.671144046071225603e-02	-2.287207188352735621e-02	8.752940251617055689e-02	9.257039290340406124e-02
1.434384384384384259e-01	-9.249609859233139109e-02	-8.744043416674199265e-02	2.299375520913102613e-02	2.683529387141186939e-02	-2.683529387141186939e-02	-2.299375520913102613e-02	8.744043416674199265e-02	9.249609859233139109e-02
1.436436436436436537e-01	-9.242157830556400888e-02	-8.735129909057995357e-02	2.311542390417087312e-02	2.695912969700794970e-02	-2.695912969700794970e-02	-2.311542390417087312e-02	8.735129909057995357e-02	9.242157830556400888e-02
1.438488488488488537e-01	-9.234683338995441915e-02	-8.726199817193974750e-02	2.323707788347875725e-02	2.708294784486307144e-02	-2.708294784486307144e-02	-2.323707788347875725e-02	8.726199817193974750e-02	9.234683338995441915e-02
1.440540540540540537e-01	-9.227186518012020500e-02	-8.717253228811101817e-02	2.335871706176577411e-02	2.720674822218091538e-02	-2.720674822218091538e-02	-2.335871706176577411e-02	8.717253228811101817e-02	9.227186518012020500e-02
1.442592592592592537e-01	-9.219667499859884874e-02	-8.708290230954565669e-02	2.348034135359921074e-02	2.733053073600393013e-02	-2.733053073600393013e-02	-2.348034135359921074e-02	8.708290230954565669e-02	9.219667499859884874e-02
1.444644644644644538e-01	-9.212126415600027651e-02	-8.699310909989553531e-02	2.360195067351774159e-02	2.745429529321338422e-02	-2.745429529321338422e-02	-2.360195067351774159e-02	8.699310909989553531e-02	9.212126415600027651e-02
1.446696696696696538e-01	-9.204563395115669677e-02	-8.690315351600370886e-02	2.372354493579703280e-02	2.757804180052714216e-02	-2.757804180052714216e-02	-2.372354493579703280e-02	8.690315351600370886e-02	9.204563395115669677e-02
1.448748748748748816e-01	-9.196978567127012116e-02	-8.681303640819901246e-02	2.384512405468316304e-02	2.770177016449999058e-02	-2.770177016449999058e-02	-2.384512405468316304e-02	8.681303640819901246e-02	9.196978567127012116e-02
1.450800800800800816e-01	-9.189372059205759558e-02	-8.672275862013971437e-02	2.396668794427373253e-02	2.782548029152174390e-02	-2.782548029152174390e-02	-2.396668794427373253e-02	8.672275862013971437e-02	9.189372059205759558e-02
1.452852852852852816e-01	-9.181743997789404421e-02	-8.663232098900731926e-02	2.408823651854210060e-02	2.794917208781665108e-02	-2.794917208781665108e-02	-2.408823651854210060e-02	8.663232098900731926e-02	9.181743997789404421e-02
1.454904904904904817e-01	-9.174094508195290709e-02	-8.654172434553671078e-02	2.420976969133531095e-02	2.807284545946227630e-02	-2.807284545946227630e-02	-2.420976969133531095e-02	8.654172434553671078e-02	9.174094508195290709e-02
1.456956956956956817e-01	-9.166423714634490405e-02	-8.645096951410324859e-02	2.433128737637371697e-02	2.819650031228665074e-02	-2.819650031228665074e-02	-2.433128737637371697e-02	8.645096951410324859e-02	9.166423714634490405e-02
1.459009009009009095e-01	-9.158731740226457030e-02	-8.636005731278262321e-02	2.445278948725015250e-02	2.832013655207218580e-02	-2.832013655207218580e-02	-2.445278948725015250e-02	8.636005731278262321e-02	9.158731740226457030e-02
1.461061061061061095e-01	-9.151018707005965924e-02	-8.626898855341511019e-02	2.457427593742933861e-02	2.844375408434861655e-02	-2.844375408434861655e-02	-2.457427593742933861e-02	8.626898855341511019e-02	9.151018707005965924e-02
1.463113113113113095e-01	-9.143284735951685838e-02	-8.617776404169791293e-02	2.469574664024602045e-02	2.856735281449615180e-02	-2.856735281449615180e-02	-2.469574664024602045e-02	8.617776404169791293e-02	9.143284735951685838e-02
1.465165165165165095e-01	-9.135529946980248950e-02	-8.608638457719941517e-02	2.481720150890570631e-02	2.869093264772233989e-02	-2.869093264772233989e-02	-2.481720150890570631e-02	8.608638457719941517e-02	9.135529946980248950e-02
1.467217217217217096e-01	-9.127754458971890084e-02	-8.599485095347575436e-02	2.493864045648270036e-02	2.881449348906227337e-02	-2.881449348906227337e-02	-2.493864045648270036e-02	8.599485095347575436e-02	9.127754458971890084e-02
1.469269269269269373e-01	-9.119958389778468066e-02	-8.590316395810893013e-02	2.506006339591957538e-02	2.893803524337617769e-02	-2.893803524337617769e-02	-2.506006339591957538e-02	8.590316395810893013e-02	9.119958389778468066e-02
1.471321321321321374e-01	-9.112141856236541382e-02	-8.581132437277522174e-02	2.518147024002674594e-02	2.906155781534968188e-02	-2.906155781534968188e-02	-2.518147024002674594e-02	8.581132437277522174e-02	9.112141856236541382e-02
1.473373373373373374e-01	-9.104304974180854604e-02	-8.571933297330744383e-02	2.530286090148038680e-02	2.918506110949214624e-02	-2.918506110949214624e-02	-2.530286090148038680e-02	8.571933297330744383e-02	9.104304974180854604e-02
1.475425425425425374e-01	-9.096447858449864532e-02	-8.562719052975517608e-02	2.542423529282335226e-02	2.930854503013503864e-02	-2.930854503013503864e-02	-2.542423529282335226e-02	8.562719052975517608e-02	9.096447858449864532e-02
1.477477477477477374e-01	-9.088570622910591146e-02	-8.553489780645158469e-02	2.554559332646292452e-02	2.943200948143213230e-02	-2.943200948143213230e-02	-2.554559332646292452e-02	8.553489780645158469e-02	9.088570622910591146e-02
1.479529529529529375e-01	-9.080673380457274235e-02	-8.544245556204331515e-02	2.566693491467052224e-02	2.955545436735729226e-02	-2.955545436735729226e-02	-2.566693491467052224e-02	8.544245556204331515e-02	9.080673380457274235e-02
1.481581581581581653e-01	-9.072756243029324319e-02	-8.534986454964985092e-02	2.578825996958113501e-02	2.967887959170416312e-02	-2.967887959170416312e-02	-2.578825996958113501e-02	8.534986454964985092e-02	9.072756243029324319e-02
1.483633633633633653e-01	-9.064819321621908621e-02	-8.525712551675551643e-02	2.590956840319130414e-02	2.980228505811163484e-02	-2.980228505811163484e-02	-2.590956840319130414e-02	8.525712551675551643e-02	9.064819321621908621e-02
1.485685685685685653e-01	-9.056862726294399868e-02	-8.516423920536510261e-02	2.603086012735982349e-02	2.992567066992636582e-02	-2.992567066992636582e-02	-2.603086012735982349e-02	8.516423920536510261e-02	9.056862726294399868e-02
1.487737737737737653e-01	-9.048886566186647995e-02	-8.507120635213415161e-02	2.615213505380578618e-02	3.004903633047602274e-02	-3.004903633047602274e-02	-2.615213505380578618e-02	8.507120635213415161e-02	9.048886566186647995e-02
1.489789789789789654e-01	-9.040890949524517384e-02	-8.497802768826677455e-02	2.627339309410810578e-02	3.017238194279292518e-02	-3.017238194279292518e-02	-2.627339309410810578e-02	8.497802768826677455e-02	9.040890949524517384e-02
1.491841841841841931e-01	-9.032875983633141537e-02	-8.488470393968547412e-02	2.639463415970472876e-02	3.029570740975134902e-02	-3.029570740975134902e-02	-2.639463415970472876e-02	8.488470393968547412e-02	9.032875983633141537e-02
1.493893893893893932e-01	-9.024841774945564776e-02	-8.479123582703422535e-02	2.651585816189110448e-02	3.041901263403787997e-02	-3.041901263403787997e-02	-2.651585816189110448e-02	8.479123582703422535e-02	9.024841774945564776e-02
1.495945945945945932e-01	-9.016788429019788331e-02	-8.469762406575606639e-02	2.663706501182037251e-02	3.054229751815131302e-02	-3.054229751815131302e-02	-2.663706501182037251e-02	8.469762406575606639e-02	9.016788429019788331e-02
1.497997997997997932e-01	-9.008716050535486852e-02	-8.460386936611379027e-02	2.675825462050166609e-02	3.066556196440027582e-02	-3.066556196440027582e-02	-2.675825462050166609e-02	8.460386936611379027e-02	9.008716050535486852e-02
1.500050050050049932e-01	-9.000624743317500731e-02	-8.450997243331978548e-02	2.687942689879952579e-02	3.078880587490329807e-02	-3.078880587490329807e-02	-2.687942689879952579e-02	8.450997243331978548e-02	9.000624743317500731e-02
1.502102102102102210e-01	-8.992514610338475656e-02	-8.441593396742974598e-02	2.700058175743318134e-02	3.091202915158723641e-02	-3.091202915158723641e-02	-2.700058175743318134e-02	8.441593396742974598e-02	8.992514610338475656e-02
1.504154154154154210e-01	-8.984385753732529456e-02	-8.432175466361080396e-02	2.712171910697480648e-02	3.103523169618550154e-02	-3.103523169618550154e-02	-2.712171910697480648e-02	8.432175466361080396e-02	8.984385753732529456e-02
1.506206206206206211e-01	-8.976238274799661077e-02	-8.422743521205158790e-02	2.724283885784999082e-02	3.115841341023801309e-02	-3.115841341023801309e-02	-2.724283885784999082e-02	8.422743521205158790e-02	8.976238274799661077e-02
1.508258258258258211e-01	-8.968072274021347823e-02	-8.413297629797825139e-02	2.736394092033565817e-02	3.128157419508939552e-02	-3.128157419508939552e-02	-2.736394092033565817e-02	8.413297629797825139e-02	8.968072274021347823e-02
1.510310310310310211e-01	-8.959887851062520170e-02	-8.403837860181839758e-02	2.748502520455983755e-02	3.140471395188762505e-02	-3.140471395188762505e-02	-2.748502520455983755e-02	8.403837860181839758e-02	8.959887851062520170e-02
1.512362362362362211e-01	-8.951685104790758907e-02	-8.394364279918165028e-02	2.760609162050061197e-02	3.152783258158356472e-02	-3.152783258158356472e-02	-2.760609162050061197e-02	8.394364279918165028e-02	8.951685104790758907e-02
1.514414414414414489e-01	-8.943464133275888517e-02	-8.384876956092174316e-02	2.772714007798464733e-02	3.165092998492913950e-02	-3.165092998492913950e-02	-2.772714007798464733e-02	8.384876956092174316e-02	8.943464133275888517e-02
1.516466466466466489e-01	-8.935225033803465000e-02	-8.375375955318344057e-02	2.784817048668730352e-02	3.177400606247665626e-02	-3.177400606247665626e-02	-2.784817048668730352e-02	8.375375955318344057e-02	8.935225033803465000e-02
1.518518518518518490e-01	-8.926967902882981809e-02	-8.365861343744918077e-02	2.796918275613089616e-02	3.189706071457698577e-02	-3.189706071457698577e-02	-2.796918275613089616e-02	8.365861343744918077e-02	8.926967902882981809e-02
1.520570570570570490e-01	-8.918692836256097989e-02	-8.356333187058534451e-02	2.809017679568412071e-02	3.202009384137900067e-02	-3.202009384137900067e-02	-2.809017679568412071e-02	8.356333187058534451e-02	8.918692836256097989e-02
1.522622622622622490e-01	-8.910399928905793354e-02	-8.346791550488470712e-02	2.821115251456129611e-02	3.214310534282843052e-02	-3.214310534282843052e-02	-2.821115251456129611e-02	8.346791550488470712e-02	8.910399928905793354e-02
1.524674674674674768e-01	-8.902089275063868046e-02	-8.337236498812670982e-02	2.833210982182059537e-02	3.226609511867784691e-02	-3.226609511867784691e-02	-2.833210982182059537e-02	8.337236498812670982e-02	8.902089275063868046e-02
1.526726726726726768e-01	-8.893760968220325303e-02	-8.327668096359117089e-02	2.845304862636431620e-02	3.238906306842606608e-02	-3.238906306842606608e-02	-2.845304862636431620e-02	8.327668096359117089e-02	8.893760968220325303e-02
1.528778778778778769e-01	-8.885415101130275661e-02	-8.318086407013276784e-02	2.857396883693704911e-02	3.251200909143756035e-02	-3.251200909143756035e-02	-2.857396883693704911e-02	8.318086407013276784e-02	8.885415101130275661e-02
1.530830830830830769e-01	-8.877051765823726348e-02	-8.308491494220909823e-02	2.869487036212529235e-02	3.263493308681959804e-02	-3.263493308681959804e-02	-2.869487036212529235e-02	8.308491494220909823e-02	8.877051765823726348e-02
1.532882882882882769e-01	-8.868671053613673416e-02	-8.298883420992252125e-02	2.881575311035573100e-02	3.275783495348257718e-02	-3.275783495348257718e-02	-2.881575311035573100e-02	8.298883420992252125e-02	8.868671053613673416e-02
1.534934934934935047e-01	-8.860273055096046235e-02	-8.289262249908219138e-02	2.893661698990963177e-02	3.288071459012621017e-02	-3.288071459012621017e-02	-2.893661698990963177e-02	8.289262249908219138e-02	8.860273055096046235e-02
1.536986986986987047e-01	-8.851857860174708326e-02	-8.279628043120615399e-02	2.905746190884974864e-02	3.300357189523774742e-02	-3.300357189523774742e-02	-2.905746190884974864e-02	8.279628043120615399e-02	8.851857860174708326e-02
1.539039039039039047e-01	-8.843425558051665192e-02	-8.269980862360727658e-02	2.917828777516226144e-02	3.312640676709187326e-02	-3.312640676709187326e-02	-2.917828777516226144e-02	8.269980862360727658e-02	8.843425558051665192e-02
1.541091091091091048e-01	-8.834976237243294395e-02	-8.260320768938865521e-02	2.929909449661347726e-02	3.324921910374862427e-02	-3.324921910374862427e-02	-2.929909449661347726e-02	8.260320768938865521e-02	8.834976237243294395e-02
1.543143143143143048e-01	-8.826509985587144280e-02	-8.250647823753863574e-02	2.941988198081922981e-02	3.337200880305205702e-02	-3.337200880305205702e-02	-2.941988198081922981e-02	8.250647823753863574e-02	8.826509985587144280e-02
1.545195195195195048e-01	-8.818026890243774174e-02	-8.240962087291982263e-02	2.954065013523100164e-02	3.349477576262988032e-02	-3.349477576262988032e-02	-2.954065013523100164e-02	8.240962087291982263e-02	8.818026890243774174e-02
1.547247247247247326e-01	-8.809527037714900977e-02	-8.231263619633355511e-02	2.966139886713394999e-02	3.361751987989124169e-02	-3.361751987989124169e-02	-2.966139886713394999e-02	8.231263619633355511e-02	8.809527037714900977e-02
1.549299299299299326e-01	-8.801010513839607752e-02	-8.221552480455367184e-02	2.978212808364615397e-02	3.374024105202602652e-02	-3.374024105202602652e-02	-2.978212808364615397e-02	8.221552480455367184e-02	8.801010513839607752e-02
1.551351351351351326e-01	-8.792477403806815694e-02	-8.211828729036468877e-02	2.990283769171816000e-02	3.386293917600306097e-02	-3.386293917600306097e-02	-2.990283769171816000e-02	8.211828729036468877e-02	8.792477403806815694e-02
1.553403403403403327e-01	-8.783927792160445280e-02	-8.202092424259978254e-02	3.002352759813085165e-02	3.398561414856943880e-02	-3.398561414856943880e-02	-3.002352759813085165e-02	8.202092424259978254e-02	8.783927792160445280e-02
1.555455455455455327e-01	-8.775361762809709421e-02	-8.192343624618403375e-02	3.014419770949575833e-02	3.410826586624904344e-02	-3.410826586624904344e-02	-3.014419770949575833e-02	8.192343624618403375e-02	8.775361762809709421e-02
1.557507507507507605e-01	-8.766779399030483200e-02	-8.182582388214122704e-02	3.026484793225324432e-02	3.423089422534085491e-02	-3.423089422534085491e-02	-3.026484793225324432e-02	8.182582388214122704e-02	8.766779399030483200e-02
1.559559559559559605e-01	-8.758180783471122832e-02	-8.172808772769091235e-02	3.038547817267184953e-02	3.435349912191801997e-02	-3.435349912191801997e-02	-3.038547817267184953e-02	8.172808772769091235e-02	8.758180783471122832e-02
1.561611611611611605e-01	-8.749565998171307535e-02	-8.163022835622356366e-02	3.050608833684688784e-02	3.447608045182681130e-02	-3.447608045182681130e-02	-3.050608833684688784e-02	8.163022835622356366e-02	8.749565998171307535e-02
1.563663663663663606e-01	-8.740935124552581814e-02	-8.153224633736691485e-02	3.062667833070004120e-02	3.459863811064835953e-02	-3.459863811064835953e-02	-3.062667833070004120e-02	8.153224633736691485e-02	8.740935124552581814e-02
1.565715715715715606e-01	-8.732288243435892827e-02	-8.143414223701478383e-02	3.074724805997798571e-02	3.472117199387871750e-02	-3.472117199387871750e-02	-3.074724805997798571e-02	8.143414223701478383e-02	8.732288243435892827e-02
1.567767767767767884e-01	-8.723625435038287468e-02	-8.133591661736194744e-02	3.086779743025124326e-02	3.484368199656628223e-02	-3.484368199656628223e-02	-3.086779743025124326e-02	8.133591661736194744e-02	8.723625435038287468e-02
1.569819819819819884e-01	-8.714946778991908283e-02	-8.123757003693855838e-02	3.098832634691375473e-02	3.496616801368159638e-02	-3.496616801368159638e-02	-3.098832634691375473e-02	8.123757003693855838e-02	8.714946778991908283e-02
1.571871871871871884e-01	-8.706252354338249455e-02	-8.113910305064403472e-02	3.110883471518084697e-02	3.508862993988259155e-02	-3.508862993988259155e-02	-3.110883471518084697e-02	8.113910305064403472e-02	8.706252354338249455e-02
1.573923923923923884e-01	-8.697542239540041742e-02	-8.104051620978049153e-02	3.122932244008928132e-02	3.521106766965675233e-02	-3.521106766965675233e-02	-3.122932244008928132e-02	8.104051620978049153e-02	8.697542239540041742e-02
1.575975975975975885e-01	-8.688816512486069454e-02	-8.094181006207809559e-02	3.134978942649554318e-02	3.533348109721227981e-02	-3.533348109721227981e-02	-3.134978942649554318e-02	8.094181006207809559e-02	8.688816512486069454e-02
1.578028028028027885e-01	-8.680075250497074069e-02	-8.084298515176835398e-02	3.147023557907532160e-02	3.545587011652730908e-02	-3.545587011652730908e-02	-3.147023557907532160e-02	8.084298515176835398e-02	8.680075250497074069e-02
1.580080080080080163e-01	-8.671318530331555141e-02	-8.074404201953494509e-02	3.159066080232142415e-02	3.557823462134572512e-02	-3.557823462134572512e-02	-3.159066080232142415e-02	8.074404201953494509e-02	8.671318530331555141e-02
1.582132132132132163e-01	-8.662546428191553183e-02	-8.064498120262736380e-02	3.171106500054431815e-02	3.570057450516738590e-02	-3.570057450516738590e-02	-3.171106500054431815e-02	8.064498120262736380e-02	8.662546428191553183e-02
1.584184184184184163e-01	-8.653759019728290980e-02	-8.054580323486935922e-02	3.183144807786967428e-02	3.582288966124991259e-02	-3.582288966124991259e-02	-3.183144807786967428e-02	8.054580323486935922e-02	8.653759019728290980e-02
1.586236236236236163e-01	-8.644956380048304800e-02	-8.044650864661086198e-02	3.195180993823820703e-02	3.594517998260972347e-02	-3.594517998260972347e-02	-3.195180993823820703e-02	8.044650864661086198e-02	8.644956380048304800e-02
1.588288288288288164e-01	-8.636138583716390649e-02	-8.034709796493366696e-02	3.207215048540380115e-02	3.606744536202211027e-02	-3.606744536202211027e-02	-3.207215048540380115e-02	8.034709796493366696e-02	8.636138583716390649e-02
1.590340340340340441e-01	-8.627305704768560568e-02	-8.024757171350724305e-02	3.219246962293331737e-02	3.618968569199460666e-02	-3.618968569199460666e-02	-3.219246962293331737e-02	8.024757171350724305e-02	8.627305704768560568e-02
1.592392392392392442e-01	-8.618457816700500485e-02	-8.014793041271629781e-02	3.231276725420503121e-02	3.631190086482053575e-02	-3.631190086482053575e-02	-3.231276725420503121e-02	8.014793041271629781e-02	8.618457816700500485e-02
1.594444444444444442e-01	-8.609594992499029764e-02	-8.004817457962395966e-02	3.243304328240769613e-02	3.643409077255890804e-02	-3.643409077255890804e-02	-3.243304328240769613e-02	8.004817457962395966e-02	8.609594992499029764e-02
1.596496496496496442e-01	-8.600717304623266279e-02	-7.994830472809924538e-02	3.255329761053903787e-02	3.655625530687498653e-02	-3.655625530687498653e-02	-3.255329761053903787e-02	7.994830472809924538e-02	8.600717304623266279e-02
1.598548548548548442e-01	-8.591824825021587841e-02	-7.984832136874853159e-02	3.267353014138860839e-02	3.667839435940586229e-02	-3.667839435940586229e-02	-3.267353014138860839e-02	7.984832136874853159e-02	8.591824825021587841e-02
1.600600600600600443e-01	-8.582917625134395267e-02	-7.974822500896781852e-02	3.279374077762053225e-02	3.680050782138581666e-02	-3.680050782138581666e-02	-3.279374077762053225e-02	7.974822500896781852e-02	8.582917625134395267e-02
1.602652652652652721e-01	-8.573995775899151406e-02	-7.964801615308841898e-02	3.291392942160351054e-02	3.692259558383188811e-02	-3.692259558383188811e-02	-3.291392942160351054e-02	7.964801615308841898e-02	8.573995775899151406e-02
1.604704704704704721e-01	-8.565059347757290886e-02	-7.954769530215138884e-02	3.303409597557917937e-02	3.704465753750504214e-02	-3.704465753750504214e-02	-3.303409597557917937e-02	7.954769530215138884e-02	8.565059347757290886e-02
1.606756756756756721e-01	-8.556108410649622409e-02	-7.944726295418919060e-02	3.315424034157560262e-02	3.716669357290805498e-02	-3.716669357290805498e-02	-3.315424034157560262e-02	7.944726295418919060e-02	8.556108410649622409e-02
1.608808808808808721e-01	-8.547143034040201315e-02	-7.934671960412631453e-02	3.327436242142399470e-02	3.728870358028493065e-02	-3.728870358028493065e-02	-3.327436242142399470e-02	7.934671960412631453e-02	8.547143034040201315e-02
1.610860860860860722e-01	-8.538163286902127058e-02	-7.924606574383208368e-02	3.339446211675713844e-02	3.741068744961899978e-02	-3.741068744961899978e-02	-3.339446211675713844e-02	7.924606574383208368e-02	8.538163286902127058e-02
1.612912912912912999e-01	-8.529169237731784592e-02	-7.914530186214746577e-02	3.351453932900845534e-02	3.753264507063126115e-02	-3.753264507063126115e-02	-3.351453932900845534e-02	7.914530186214746577e-02	8.529169237731784592e-02
1.614964964964965000e-01	-8.520160954553811228e-02	-7.904442844491174625e-02	3.363459395941036101e-02	3.765457633277918825e-02	-3.765457633277918825e-02	-3.363459395941036101e-02	7.904442844491174625e-02	8.520160954553811228e-02
1.617017017017017000e-01	-8.511138504914822489e-02	-7.894344597498897942e-02	3.375462590899395293e-02	3.777648112525530677e-02	-3.777648112525530677e-02	-3.375462590899395293e-02	7.894344597498897942e-02	8.511138504914822489e-02
1.619069069069069000e-01	-8.502101955909759090e-02	-7.884235493229392600e-02	3.387463507858731043e-02	3.789835933698513376e-02	-3.789835933698513376e-02	-3.387463507858731043e-02	7.884235493229392600e-02	8.502101955909759090e-02
1.621121121121121000e-01	-8.493051374164620193e-02	-7.874115579383433872e-02	3.399462136881462732e-02	3.802021085662644212e-02	-3.802021085662644212e-02	-3.399462136881462732e-02	7.874115579383433872e-02	8.493051374164620193e-02
1.623173173173173278e-01	-8.483986825851791425e-02	-7.863984903365482670e-02	3.411458468009460204e-02	3.814203557256681809e-02	-3.814203557256681809e-02	-3.411458468009460204e-02	7.863984903365482670e-02	8.483986825851791425e-02
1.625225225225225278e-01	-8.474908376692316669e-02	-7.853843512302488561e-02	3.423452491263998670e-02	3.826383337292318249e-02	-3.826383337292318249e-02	-3.423452491263998670e-02	7.853843512302488561e-02	8.474908376692316669e-02
1.627277277277277279e-01	-8.465816091960177980e-02	-7.843691453030122995e-02	3.435444196645589393e-02	3.838560414553952166e-02	-3.838560414553952166e-02	-3.435444196645589393e-02	7.843691453030122995e-02	8.465816091960177980e-02
1.629329329329329279e-01	-8.456710036486636550e-02	-7.833528772103368065e-02	3.447433574133910994e-02	3.850734777798521524e-02	-3.850734777798521524e-02	-3.447433574133910994e-02	7.833528772103368065e-02	8.456710036486636550e-02
1.631381381381381279e-01	-8.447590274664196208e-02	-7.823355515797290882e-02	3.459420613687592266e-02	3.862906415755420347e-02	-3.862906415755420347e-02	-3.459420613687592266e-02	7.823355515797290882e-02	8.447590274664196208e-02
1.633433433433433279e-01	-8.438456870452054615e-02	-7.813171730110443636e-02	3.471405305244241318e-02	3.875075317126284308e-02	-3.875075317126284308e-02	-3.471405305244241318e-02	7.813171730110443636e-02	8.438456870452054615e-02
1.635485485485485557e-01	-8.429309887377739452e-02	-7.802977460762922091e-02	3.483387638720211732e-02	3.887241470584831826e-02	-3.887241470584831826e-02	-3.483387638720211732e-02	7.802977460762922091e-02	8.429309887377739452e-02
1.637537537537537558e-01	-8.420149388543364533e-02	-7.792772753206990421e-02	3.495367604010545665e-02	3.899404864776746110e-02	-3.899404864776746110e-02	-3.495367604010545665e-02	7.792772753206990421e-02	8.420149388543364533e-02
1.639589589589589558e-01	-8.410975436630063751e-02	-7.782557652621339972e-02	3.507345190988794131e-02	3.911565488319494049e-02	-3.911565488319494049e-02	-3.507345190988794131e-02	7.782557652621339972e-02	8.410975436630063751e-02
1.641641641641641558e-01	-8.401788093898948651e-02	-7.772332203917381444e-02	3.519320389506973984e-02	3.923723329802136089e-02	-3.923723329802136089e-02	-3.519320389506973984e-02	7.772332203917381444e-02	8.401788093898948651e-02
1.643693693693693558e-01	-8.392587422198320712e-02	-7.762096451740746472e-02	3.531293189395397214e-02	3.935878377785213822e-02	-3.935878377785213822e-02	-3.531293189395397214e-02	7.762096451740746472e-02	8.392587422198320712e-02
1.645745745745745836e-01	-8.383373482965948698e-02	-7.751850440473206927e-02	3.543263580462581441e-02	3.948030620800589696e-02	-3.948030620800589696e-02	-3.543263580462581441e-02	7.751850440473206927e-02	8.383373482965948698e-02
1.647797797797797836e-01	-8.374146337233222270e-02	-7.741594214237586258e-02	3.555231552497509218e-02	3.960180047351210403e-02	-3.960180047351210403e-02	-3.555231552497509218e-02	7.741594214237586258e-02	8.374146337233222270e-02
1.649849849849849837e-01	-8.364906045628967002e-02	-7.731327816891522819e-02	3.567197095257346184e-02	3.972326645911045812e-02	-3.972326645911045812e-02	-3.567197095257346184e-02	7.731327816891522819e-02	8.364906045628967002e-02
1.651901901901901837e-01	-8.355652668383782566e-02	-7.721051292043316916e-02	3.579160198491775774e-02	3.984470404924835701e-02	-3.984470404924835701e-02	-3.579160198491775774e-02	7.721051292043316916e-02	8.355652668383782566e-02
1.653953953953953837e-01	-8.346386265330822674e-02	-7.710764683042042877e-02	3.591120851918389034e-02	3.996611312807983596e-02	-3.996611312807983596e-02	-3.591120851918389034e-02	7.710764683042042877e-02	8.346386265330822674e-02
1.656006006006006115e-01	-8.337106895915344373e-02	-7.700468032985235967e-02	3.603079045234759692e-02	4.008749357946382597e-02	-4.008749357946382597e-02	-3.603079045234759692e-02	7.700468032985235967e-02	8.337106895915344373e-02
1.658058058058058115e-01	-8.327814619191703516e-02	-7.690161384719977622e-02	3.615034768115952396e-02	4.020884528696198196e-02	-4.020884528696198196e-02	-3.615034768115952396e-02	7.690161384719977622e-02	8.327814619191703516e-02
1.660110110110110115e-01	-8.318509493833591006e-02	-7.679844780844959085e-02	3.626988010214347857e-02	4.033016813383758642e-02	-4.033016813383758642e-02	-3.626988010214347857e-02	7.679844780844959085e-02	8.318509493833591006e-02
1.662162162162162116e-01	-8.309191578129565547e-02	-7.669518263712599149e-02	3.638938761159488805e-02	4.045146200305378692e-02	-4.045146200305378692e-02	-3.638938761159488805e-02	7.669518263712599149e-02	8.309191578129565547e-02
1.664214214214214116e-01	-8.299860929993985170e-02	-7.659181875430282060e-02	3.650887010558048068e-02	4.057272677727143118e-02	-4.057272677727143118e-02	-3.650887010558048068e-02	7.659181875430282060e-02	8.299860929993985170e-02
1.666266266266266116e-01	-8.290517606969377562e-02	-7.648835657868148508e-02	3.662832747993607224e-02	4.069396233884786662e-02	-4.069396233884786662e-02	-3.662832747993607224e-02	7.648835657868148508e-02	8.290517606969377562e-02
1.668318318318318394e-01	-8.281161666217401462e-02	-7.638479652644125650e-02	3.674775963026590681e-02	4.081516856983501140e-02	-4.081516856983501140e-02	-3.674775963026590681e-02	7.638479652644125650e-02	8.281161666217401462e-02
1.670370370370370394e-01	-8.271793164548650601e-02	-7.628113901152024090e-02	3.686716645194068609e-02	4.093634535197752250e-02	-4.093634535197752250e-02	-3.686716645194068609e-02	7.628113901152024090e-02	8.271793164548650601e-02
1.672422422422422394e-01	-8.262412158399569384e-02	-7.617738444541316545e-02	3.698654784009720170e-02	4.105749256671145653e-02	-4.105749256671145653e-02	-3.698654784009720170e-02	7.617738444541316545e-02	8.262412158399569384e-02
1.674474474474474395e-01	-8.253018703846277948e-02	-7.607353323729013073e-02	3.710590368963630203e-02	4.117861009516186888e-02	-4.117861009516186888e-02	-3.710590368963630203e-02	7.607353323729013073e-02	8.253018703846277948e-02
1.676526526526526395e-01	-8.243612856618581786e-02	-7.596958579399742950e-02	3.722523389522210818e-02	4.129969781814181451e-02	-4.129969781814181451e-02	-3.722523389522210818e-02	7.596958579399742950e-02	8.243612856618581786e-02
1.678578578578578673e-01	-8.234194672076455834e-02	-7.586554252007678134e-02	3.734453835132300198e-02	4.142075561614971813e-02	-4.142075561614971813e-02	-3.734453835132300198e-02	7.586554252007678134e-02	8.234194672076455834e-02
1.680630630630630673e-01	-8.224764205239953885e-02	-7.576140381778423416e-02	3.746381695199622192e-02	4.154178336936848598e-02	-4.154178336936848598e-02	-3.746381695199622192e-02	7.576140381778423416e-02	8.224764205239953885e-02
1.682682682682682673e-01	-8.215321510779011183e-02	-7.565717008710870495e-02	3.758306959131590963e-02	4.166278095766322298e-02	-4.166278095766322298e-02	-3.758306959131590963e-02	7.565717008710870495e-02	8.215321510779011183e-02
1.684734734734734674e-01	-8.205866643019293916e-02	-7.555284172579027069e-02	3.770229616294173969e-02	4.178374826057922042e-02	-4.178374826057922042e-02	-3.770229616294173969e-02	7.555284172579027069e-02	8.205866643019293916e-02
1.686786786786786674e-01	-8.196399655944960894e-02	-7.544841912933909767e-02	3.782149656033317875e-02	4.190468515734074861e-02	-4.190468515734074861e-02	-3.782149656033317875e-02	7.544841912933909767e-02	8.196399655944960894e-02
1.688838838838838952e-01	-8.186920603202331448e-02	-7.534390269105283033e-02	3.794067067670452847e-02	4.202559152684890581e-02	-4.202559152684890581e-02	-3.794067067670452847e-02	7.534390269105283033e-02	8.186920603202331448e-02
1.690890890890890952e-01	-8.177429538102291839e-02	-7.523929280203514591e-02	3.805981840502396102e-02	4.214646724767947411e-02	-4.214646724767947411e-02	-3.805981840502396102e-02	7.523929280203514591e-02	8.177429538102291839e-02
1.692942942942942952e-01	-8.167926513622458806e-02	-7.513458985121257427e-02	3.817893963801180512e-02	4.226731219808185780e-02	-4.226731219808185780e-02	-3.817893963801180512e-02	7.513458985121257427e-02	8.167926513622458806e-02
1.694994994994994952e-01	-8.158411582415582564e-02	-7.502979422534727938e-02	3.829803426813959549e-02	4.238812625599674283e-02	-4.238812625599674283e-02	-3.829803426813959549e-02	7.502979422534727938e-02	8.158411582415582564e-02
1.697047047047046953e-01	-8.148884796801449115e-02	-7.492490630906657734e-02	3.841710218762839357e-02	4.250890929895302650e-02	-4.250890929895302650e-02	-3.841710218762839357e-02	7.492490630906657734e-02	8.148884796801449115e-02
1.699099099099098953e-01	-8.139346208780753877e-02	-7.481992648487538478e-02	3.853614328844782999e-02	4.262966120426941313e-02	-4.262966120426941313e-02	-3.853614328844782999e-02	7.481992648487538478e-02	8.139346208780753877e-02
1.701151151151151231e-01	-8.129795870032456573e-02	-7.471485513323676553e-02	3.865515746231390493e-02	4.275038184884875220e-02	-4.275038184884875220e-02	-3.865515746231390493e-02	7.471485513323676553e-02	8.129795870032456573e-02
1.703203203203203231e-01	-8.120233831917693379e-02	-7.460969263232329618e-02	3.877414460068851626e-02	4.287107110927805553e-02	-4.287107110927805553e-02	-3.877414460068851626e-02	7.460969263232329618e-02	8.120233831917693379e-02
1.705255255255255231e-01	-8.110660145484038797e-02	-7.450443935844026921e-02	3.889310459477753751e-02	4.299172886181838044e-02	-4.299172886181838044e-02	-3.889310459477753751e-02	7.450443935844026921e-02	8.110660145484038797e-02
1.707307307307307231e-01	-8.101074861460837162e-02	-7.439909568575606147e-02	3.901203733552935371e-02	4.311235498234208124e-02	-4.311235498234208124e-02	-3.901203733552935371e-02	7.439909568575606147e-02	8.101074861460837162e-02
1.709359359359359232e-01	-8.091478030276781641e-02	-7.429366198639818231e-02	3.913094271363402182e-02	4.323294934645285914e-02	-4.323294934645285914e-02	-3.913094271363402182e-02	7.429366198639818231e-02	8.091478030276781641e-02
1.711411411411411509e-01	-8.081869702047751736e-02	-7.418813863047393764e-02	3.924982061952113355e-02	4.335351182936134778e-02	-4.335351182936134778e-02	-3.924982061952113355e-02	7.418813863047393764e-02	8.081869702047751736e-02
1.713463463463463510e-01	-8.072249926586885782e-02	-7.408252598608210115e-02	3.936867094335903122e-02	4.347404230594500985e-02	-4.347404230594500985e-02	-3.936867094335903122e-02	7.408252598608210115e-02	8.072249926586885782e-02
1.715515515515515510e-01	-8.062618753405748073e-02	-7.397682441932838804e-02	3.948749357505258045e-02	4.359454065072001366e-02	-4.359454065072001366e-02	-3.948749357505258045e-02	7.397682441932838804e-02	8.062618753405748073e-02
1.717567567567567510e-01	-8.052976231714509270e-02	-7.387103429434155322e-02	3.960628840424265662e-02	4.371500673790511271e-02	-4.371500673790511271e-02	-3.960628840424265662e-02	7.387103429434155322e-02	8.052976231714509270e-02
1.719619619619619511e-01	-8.043322410436674896e-02	-7.376515597328868468e-02	3.972505532030418812e-02	4.383544044128930700e-02	-4.383544044128930700e-02	-3.972505532030418812e-02	7.376515597328868468e-02	8.043322410436674896e-02
1.721671671671671511e-01	-8.033657338187143171e-02	-7.365918981639066332e-02	3.984379421234444246e-02	4.395584163435951180e-02	-4.395584163435951180e-02	-3.984379421234444246e-02	7.365918981639066332e-02	8.033657338187143171e-02
1.723723723723723789e-01	-8.023981063299501226e-02	-7.355313618193753955e-02	3.996250496920231848e-02	4.407621019023423570e-02	-4.407621019023423570e-02	-3.996250496920231848e-02	7.355313618193753955e-02	8.023981063299501226e-02
1.725775775775775789e-01	-8.014293633815849915e-02	-7.344699542630341027e-02	4.008118747944613980e-02	4.419654598167388482e-02	-4.419654598167388482e-02	-4.008118747944613980e-02	7.344699542630341027e-02	8.014293633815849915e-02
1.727827827827827789e-01	-8.004595097491969125e-02	-7.334076790396175383e-02	4.019984163137247518e-02	4.431684888107928488e-02	-4.431684888107928488e-02	-4.019984163137247518e-02	7.334076790396175383e-02	8.004595097491969125e-02
1.729879879879879789e-01	-7.994885501799699201e-02	-7.323445396750477565e-02	4.031846731300488956e-02	4.443711876048914156e-02	-4.443711876048914156e-02	-4.031846731300488956e-02	7.323445396750477565e-02	7.994885501799699201e-02
1.731931931931931790e-01	-7.985164893929365404e-02	-7.312805396765235944e-02	4.043706441209196645e-02	4.455735549157842368e-02	-4.455735549157842368e-02	-4.043706441209196645e-02	7.312805396765235944e-02	7.985164893929365404e-02
1.733983983983984067e-01	-7.975433320789288016e-02	-7.302156825318682765e-02	4.055563281610627402e-02	4.467755894565613589e-02	-4.467755894565613589e-02	-4.055563281610627402e-02	7.302156825318682765e-02	7.975433320789288016e-02
1.736036036036036068e-01	-7.965690829022702146e-02	-7.291499717125993207e-02	4.067417241224230429e-02	4.479772899366296635e-02	-4.479772899366296635e-02	-4.067417241224230429e-02	7.291499717125993207e-02	7.965690829022702146e-02
1.738088088088088068e-01	-7.955937464980175622e-02	-7.280834106698962083e-02	4.079268308741556409e-02	4.491786550616965606e-02	-4.491786550616965606e-02	-4.079268308741556409e-02	7.280834106698962083e-02	7.955937464980175622e-02
1.740140140140140068e-01	-7.946173274753227933e-02	-7.270160028374704486e-02	4.091116472826074324e-02	4.503796835335366344e-02	-4.503796835335366344e-02	-4.091116472826074324e-02	7.270160028374704486e-02	7.946173274753227933e-02
1.742192192192192068e-01	-7.936398304159561490e-02	-7.259477516310473832e-02	4.102961722116289095e-02	4.515803740510117292e-02	-4.515803740510117292e-02	-4.102961722116289095e-02	7.259477516310473832e-02	7.936398304159561490e-02
1.744244244244244346e-01	-7.926612598749577243e-02	-7.248786604485614460e-02	4.114804045209154854e-02	4.527807253079751959e-02	-4.527807253079751959e-02	-4.114804045209154854e-02	7.248786604485614460e-02	7.926612598749577243e-02
1.746296296296296346e-01	-7.916816203808332841e-02	-7.238087326701632407e-02	4.126643430692872316e-02	4.539807359953190735e-02	-4.539807359953190735e-02	-4.126643430692872316e-02	7.238087326701632407e-02	7.916816203808332841e-02
1.748348348348348347e-01	-7.907009164357742259e-02	-7.227379716584082792e-02	4.138479867113717403e-02	4.551804047999234715e-02	-4.551804047999234715e-02	-4.138479867113717403e-02	7.227379716584082792e-02	7.907009164357742259e-02
1.750400400400400347e-01	-7.897191525158797631e-02	-7.216663807583949264e-02	4.150313342992444782e-02	4.563797304048350378e-02	-4.563797304048350378e-02	-4.150313342992444782e-02	7.216663807583949264e-02	7.897191525158797631e-02
1.752452452452452347e-01	-7.887363330713703657e-02	-7.205939632978981824e-02	4.162143846820789972e-02	4.575787114892512081e-02	-4.575787114892512081e-02	-4.162143846820789972e-02	7.205939632978981824e-02	7.887363330713703657e-02
1.754504504504504347e-01	-7.877524625268049474e-02	-7.195207225874998558e-02	4.173971367061281301e-02	4.587773467284497753e-02	-4.587773467284497753e-02	-4.173971367061281301e-02	7.195207225874998558e-02	7.877524625268049474e-02
1.756556556556556625e-01	-7.867675452811717651e-02	-7.184466619207195703e-02	4.185795892147154557e-02	4.599756347939847750e-02	-4.599756347939847750e-02	-4.185795892147154557e-02	7.184466619207195703e-02	7.867675452811717651e-02
1.758608608608608626e-01	-7.857815857089518741e-02	-7.173717845741461874e-02	4.197617410482129552e-02	4.611735743532360127e-02	-4.611735743532360127e-02	-4.197617410482129552e-02	7.173717845741461874e-02	7.857815857089518741e-02
1.760660660660660626e-01	-7.847945881579360128e-02	-7.162960938075635386e-02	4.209435910440294248e-02	4.623711640698111025e-02	-4.623711640698111025e-02	-4.209435910440294248e-02	7.162960938075635386e-02	7.847945881579360128e-02
1.762712712712712626e-01	-7.838065569527785659e-02	-7.152195928640771305e-02	4.221251380365886874e-02	4.635684026033139865e-02	-4.635684026033139865e-02	-4.221251380365886874e-02	7.152195928640771305e-02	7.838065569527785659e-02
1.764764764764764626e-01	-7.828174963928430374e-02	-7.141422849702407094e-02	4.233063808573192532e-02	4.647652886093598529e-02	-4.647652886093598529e-02	-4.233063808573192532e-02	7.141422849702407094e-02	7.828174963928430374e-02
1.766816816816816904e-01	-7.818274107530176487e-02	-7.130641733361811618e-02	4.244873183346362100e-02	4.659618207395571643e-02	-4.659618207395571643e-02	-4.244873183346362100e-02	7.130641733361811618e-02	7.818274107530176487e-02
1.768868868868868904e-01	-7.808363042840420210e-02	-7.119852611560394118e-02	4.256679492939195036e-02	4.671579976414805963e-02	-4.671579976414805963e-02	-4.256679492939195036e-02	7.119852611560394118e-02	7.808363042840420210e-02
1.770920920920920905e-01	-7.798441812126290229e-02	-7.109055516064613500e-02	4.268482725575054038e-02	4.683538179586516081e-02	-4.683538179586516081e-02	-4.268482725575054038e-02	7.109055516064613500e-02	7.798441812126290229e-02
1.772972972972972905e-01	-7.788510457416641941e-02	-7.098250478500933713e-02	4.280282869446669358e-02	4.695492803305757745e-02	-4.695492803305757745e-02	-4.280282869446669358e-02	7.098250478500933713e-02	7.788510457416641941e-02
1.775025025025024905e-01	-7.778569020503950382e-02	-7.087437530321434587e-02	4.292079912715914686e-02	4.707443833923999343e-02	-4.707443833923999343e-02	-4.292079912715914686e-02	7.087437530321434587e-02	7.778569020503950382e-02
1.777077077077077183e-01	-7.768617542946242016e-02	-7.076616702824635452e-02	4.303873843513741915e-02	4.719391257755346791e-02	-4.719391257755346791e-02	-4.303873843513741915e-02	7.076616702824635452e-02	7.768617542946242016e-02
1.779129129129129183e-01	-7.758656066068983503e-02	-7.065788027151624628e-02	4.315664649939920244e-02	4.731335061069793374e-02	-4.731335061069793374e-02	-4.315664649939920244e-02	7.065788027151624628e-02	7.758656066068983503e-02
1.781181181181181183e-01	-7.748684630966941322e-02	-7.054951534287626225e-02	4.327452320062884911e-02	4.743275230096285350e-02	-4.743275230096285350e-02	-4.327452320062884911e-02	7.054951534287626225e-02	7.748684630966941322e-02
1.783233233233233184e-01	-7.738703278506069150e-02	-7.044107255063107587e-02	4.339236841919687226e-02	4.755211751021780342e-02	-4.755211751021780342e-02	-4.339236841919687226e-02	7.044107255063107587e-02	7.738703278506069150e-02
1.785285285285285184e-01	-7.728712049325310585e-02	-7.033255220154972787e-02	4.351018203515583799e-02	4.767144609991046805e-02	-4.767144609991046805e-02	-4.351018203515583799e-02	7.033255220154972787e-02	7.728712049325310585e-02
1.787337337337337184e-01	-7.718710983838437956e-02	-7.022395460087657582e-02	4.362796392823602154e-02	4.779073793106376061e-02	-4.779073793106376061e-02	-4.362796392823602154e-02	7.022395460087657582e-02	7.718710983838437956e-02
1.789389389389389462e-01	-7.708700122235839780e-02	-7.011528005231505711e-02	4.374571397786589794e-02	4.790999286427385234e-02	-4.790999286427385234e-02	-4.374571397786589794e-02	7.011528005231505711e-02	7.708700122235839780e-02
1.791441441441441462e-01	-7.698679504486309610e-02	-7.000652885817691684e-02	4.386343206312475623e-02	4.802921075970726511e-02	-4.802921075970726511e-02	-4.386343206312475623e-02	7.000652885817691684e-02	7.698679504486309610e-02
1.793493493493493462e-01	-7.688649170338797412e-02	-6.989770131911703099e-02	4.398111806278376390e-02	4.814839147709888689e-02	-4.814839147709888689e-02	-4.398111806278376390e-02	6.989770131911703099e-02	7.688649170338797412e-02
1.795545545545545463e-01	-7.678609159324184530e-02	-6.978879773442053791e-02	4.409877185529458010e-02	4.826753487576160295e-02	-4.826753487576160295e-02	-4.409877185529458010e-02	6.978879773442053791e-02	7.678609159324184530e-02
1.797597597597597463e-01	-7.668559510756971231e-02	-6.967981840187548181e-02	4.421639331876632550e-02	4.838664081452075105e-02	-4.838664081452075105e-02	-4.421639331876632550e-02	6.967981840187548181e-02	7.668559510756971231e-02
1.799649649649649741e-01	-7.658500263737008651e-02	-6.957076361781106000e-02	4.433398233098344993e-02	4.850570915183863296e-02	-4.850570915183863296e-02	-4.433398233098344993e-02	6.957076361781106000e-02	7.658500263737008651e-02
1.801701701701701741e-01	-7.648431457151200208e-02	-6.946163367710871117e-02	4.445153876942046361e-02	4.862473974568432000e-02	-4.862473974568432000e-02	-4.445153876942046361e-02	6.946163367710871117e-02	7.648431457151200208e-02
1.803753753753753741e-01	-7.638353129675155839e-02	-6.935242887321198257e-02	4.456906251118454565e-02	4.874373245359553408e-02	-4.874373245359553408e-02	-4.456906251118454565e-02	6.935242887321198257e-02	7.638353129675155839e-02
1.805805805805805742e-01	-7.628265319774889253e-02	-6.924314949812669651e-02	4.468655343307141592e-02	4.886268713266251479e-02	-4.886268713266251479e-02	-4.468655343307141592e-02	6.924314949812669651e-02	7.628265319774889253e-02
1.807857857857857742e-01	-7.618168065708406933e-02	-6.913379584248521836e-02	4.480401141153499828e-02	4.898160363952610424e-02	-4.898160363952610424e-02	-4.480401141153499828e-02	6.913379584248521836e-02	7.618168065708406933e-02
1.809909909909910020e-01	-7.608061405527390131e-02	-6.902436819544809088e-02	4.492143632269117448e-02	4.910048183037461073e-02	-4.910048183037461073e-02	-4.492143632269117448e-02	6.902436819544809088e-02	7.608061405527390131e-02
1.811961961961962020e-01	-7.597945377078774154e-02	-6.891486684482317493e-02	4.503882804231565395e-02	4.921932156094169231e-02	-4.921932156094169231e-02	-4.503882804231565395e-02	6.891486684482317493e-02	7.597945377078774154e-02
1.814014014014014020e-01	-7.587820018006347089e-02	-6.880529207702097694e-02	4.515618644584256519e-02	4.933812268650317190e-02	-4.933812268650317190e-02	-4.515618644584256519e-02	6.880529207702097694e-02	7.587820018006347089e-02
1.816066066066066020e-01	-7.577685365752345747e-02	-6.869564417707563209e-02	4.527351140836238103e-02	4.945688506187483069e-02	-4.945688506187483069e-02	-4.527351140836238103e-02	6.869564417707563209e-02	7.577685365752345747e-02
1.818118118118118021e-01	-7.567541457559001650e-02	-6.858592342866844105e-02	4.539080280461971900e-02	4.957560854140946605e-02	-4.957560854140946605e-02	-4.539080280461971900e-02	6.858592342866844105e-02	7.567541457559001650e-02
1.820170170170170021e-01	-7.557388330470106441e-02	-6.847613011410057238e-02	4.550806050901203686e-02	4.969429297899441433e-02	-4.969429297899441433e-02	-4.550806050901203686e-02	6.847613011410057238e-02	7.557388330470106441e-02
1.822222222222222299e-01	-7.547226021333200419e-02	-6.836626451428449991e-02	4.562528439558749538e-02	4.981293822804861576e-02	-4.981293822804861576e-02	-4.562528439558749538e-02	6.836626451428449991e-02	7.547226021333200419e-02
1.824274274274274299e-01	-7.537054566800141520e-02	-6.825632690892545484e-02	4.574247433804251584e-02	4.993154414152004006e-02	-4.993154414152004006e-02	-4.574247433804251584e-02	6.825632690892545484e-02	7.537054566800141520e-02
1.826326326326326299e-01	-7.526874003321658291e-02	-6.814631757629174835e-02	4.585963020972068371e-02	5.005011057188279988e-02	-5.005011057188279988e-02	-4.585963020972068371e-02	6.814631757629174835e-02	7.526874003321658291e-02
1.828378378378378299e-01	-7.516684367174514270e-02	-6.803623679336377739e-02	4.597675188361018822e-02	5.016863737113472221e-02	-5.016863737113472221e-02	-4.597675188361018822e-02	6.803623679336377739e-02	7.516684367174514270e-02
1.830430430430430300e-01	-7.506485694425514554e-02	-6.792608483583359447e-02	4.609383923234230962e-02	5.028712439079398300e-02	-5.028712439079398300e-02	-4.609383923234230962e-02	6.792608483583359447e-02	7.506485694425514554e-02
1.832482482482482578e-01	-7.496278020961136268e-02	-6.781586197801138527e-02	4.621089212818910164e-02	5.040557148189701853e-02	-5.040557148189701853e-02	-4.621089212818910164e-02	6.781586197801138527e-02	7.496278020961136268e-02
1.834534534534534578e-01	-7.486061382478174930e-02	-6.770556849304004698e-02	4.632791044310528156e-02	5.052397849499495192e-02	-5.052397849499495192e-02	-4.632791044310528156e-02	6.770556849304004698e-02	7.486061382478174930e-02
1.836586586586586578e-01	-7.475835814486808673e-02	-6.759520465269885925e-02	4.644489404850712932e-02	5.064234528015157388e-02	-5.064234528015157388e-02	-4.644489404850712932e-02	6.759520465269885925e-02	7.475835814486808673e-02
1.838638638638638578e-01	-7.465601352312083161e-02	-6.748477072751529748e-02	4.656184281570932559e-02	5.076067168693962350e-02	-5.076067168693962350e-02	-4.656184281570932559e-02	6.748477072751529748e-02	7.465601352312083161e-02
1.840690690690690579e-01	-7.455358031095270233e-02	-6.737426698675351433e-02	4.667875661548353400e-02	5.087895756443869960e-02	-5.087895756443869960e-02	-4.667875661548353400e-02	6.737426698675351433e-02	7.455358031095270233e-02
1.842742742742742579e-01	-7.445105885795266776e-02	-6.726369369842041812e-02	4.679563531827644896e-02	5.099720276123179824e-02	-5.099720276123179824e-02	-4.679563531827644896e-02	6.726369369842041812e-02	7.445105885795266776e-02
1.844794794794794857e-01	-7.434844951190004714e-02	-6.715305112928769693e-02	4.691247879416363814e-02	5.111540712540278003e-02	-5.111540712540278003e-02	-4.691247879416363814e-02	6.715305112928769693e-02	7.434844951190004714e-02
1.846846846846846857e-01	-7.424575261877784660e-02	-6.704233954487452685e-02	4.702928691284726653e-02	5.123357050453303252e-02	-5.123357050453303252e-02	-4.702928691284726653e-02	6.704233954487452685e-02	7.424575261877784660e-02
1.848898898898898857e-01	-7.414296852279195216e-02	-6.693155920948200277e-02	4.714605954365443802e-02	5.135169274569907627e-02	-5.135169274569907627e-02	-4.714605954365443802e-02	6.693155920948200277e-02	7.414296852279195216e-02
1.850950950950950857e-01	-7.404009756633032902e-02	-6.682071038618889181e-02	4.726279655553478065e-02	5.146977369546898440e-02	-5.146977369546898440e-02	-4.726279655553478065e-02	6.682071038618889181e-02	7.404009756633032902e-02
1.853003003003002858e-01	-7.393714009016388866e-02	-6.670979333686108403e-02	4.737949781705859398e-02	5.158781319989994008e-02	-5.158781319989994008e-02	-4.737949781705859398e-02	6.670979333686108403e-02	7.393714009016388866e-02
1.855055055055055135e-01	-7.383409643314017834e-02	-6.659880832216856505e-02	4.749616319641464246e-02	5.170581110453469770e-02	-5.170581110453469770e-02	-4.749616319641464246e-02	6.659880832216856505e-02	7.383409643314017834e-02
1.857107107107107136e-01	-7.373096693248798461e-02	-6.648775560157636766e-02	4.761279256140789340e-02	5.182376725439909182e-02	-5.182376725439909182e-02	-4.761279256140789340e-02	6.648775560157636766e-02	7.373096693248798461e-02
1.859159159159159136e-01	-7.362775192369284960e-02	-6.637663543337039840e-02	4.772938577945767813e-02	5.194168149399844975e-02	-5.194168149399844975e-02	-4.772938577945767813e-02	6.637663543337039840e-02	7.362775192369284960e-02
1.861211211211211136e-01	-7.352445174053610921e-02	-6.626544807465865883e-02	4.784594271759552014e-02	5.205955366731506578e-02	-5.205955366731506578e-02	-4.784594271759552014e-02	6.626544807465865883e-02	7.352445174053610921e-02
1.863263263263263136e-01	-7.342106671510775784e-02	-6.615419378137180062e-02	4.796246324246265097e-02	5.217738361780452361e-02	-5.217738361780452361e-02	-4.796246324246265097e-02	6.615419378137180062e-02	7.342106671510775784e-02
1.865315315315315414e-01	-7.331759717781874408e-02	-6.604287280829017337e-02	4.807894722030831014e-02	5.229517118839313583e-02	-5.229517118839313583e-02	-4.807894722030831014e-02	6.604287280829017337e-02	7.331759717781874408e-02
1.867367367367367414e-01	-7.321404345742375808e-02	-6.593148540903270849e-02	4.819539451698709454e-02	5.241291622147440515e-02	-5.241291622147440515e-02	-4.819539451698709454e-02	6.593148540903270849e-02	7.321404345742375808e-02
1.869419419419419415e-01	-7.311040588097936221e-02	-6.582003183607451624e-02	4.831180499795721672e-02	5.253061855890607534e-02	-5.253061855890607534e-02	-4.831180499795721672e-02	6.582003183607451624e-02	7.311040588097936221e-02
1.871471471471471415e-01	-7.300668477397496969e-02	-6.570851234074680247e-02	4.842817852827806246e-02	5.264827804200677974e-02	-5.264827804200677974e-02	-4.842817852827806246e-02	6.570851234074680247e-02	7.300668477397496969e-02
1.873523523523523415e-01	-7.290288046020824975e-02	-6.559692717327457456e-02	4.854451497260786619e-02	5.276589451155311306e-02	-5.276589451155311306e-02	-4.854451497260786619e-02	6.559692717327457456e-02	7.290288046020824975e-02
1.875575575575575415e-01	-7.279899326188342401e-02	-6.548527658272444707e-02	4.866081419520168483e-02	5.288346780777608558e-02	-5.288346780777608558e-02	-4.866081419520168483e-02	6.548527658272444707e-02	7.279899326188342401e-02
1.877627627627627693e-01	-7.269502349959527931e-02	-6.537356081707236533e-02	4.877707605990928147e-02	5.300099777035824355e-02	-5.300099777035824355e-02	-4.877707605990928147e-02	6.537356081707236533e-02	7.269502349959527931e-02
1.879679679679679694e-01	-7.259097149234400304e-02	-6.526178012315470012e-02	4.889330043017228733e-02	5.311848423842993605e-02	-5.311848423842993605e-02	-4.889330043017228733e-02	6.526178012315470012e-02	7.259097149234400304e-02
1.881731731731731694e-01	-7.248683755755087887e-02	-6.514993474681417263e-02	4.900948716902267521e-02	5.323592705056648389e-02	-5.323592705056648389e-02	-4.900948716902267521e-02	6.514993474681417263e-02	7.248683755755087887e-02
1.883783783783783694e-01	-7.238262201104547766e-02	-6.503802493264257412e-02	4.912563613907977578e-02	5.335332604478455754e-02	-5.335332604478455754e-02	-4.912563613907977578e-02	6.503802493264257412e-02	7.238262201104547766e-02
1.885835835835835694e-01	-7.227832516714517708e-02	-6.492605092425285385e-02	4.924174720254861221e-02	5.347068105853898523e-02	-5.347068105853898523e-02	-4.924174720254861221e-02	6.492605092425285385e-02	7.227832516714517708e-02
1.887887887887887972e-01	-7.217394733856523359e-02	-6.481401296412274415e-02	4.935782022121718710e-02	5.358799192871935291e-02	-5.358799192871935291e-02	-4.935782022121718710e-02	6.481401296412274415e-02	7.217394733856523359e-02
1.889939939939939972e-01	-7.206948883651392856e-02	-6.470191129378591310e-02	4.947385505645403997e-02	5.370525849165659615e-02	-5.370525849165659615e-02	-4.947385505645403997e-02	6.470191129378591310e-02	7.206948883651392856e-02
1.891991991991991973e-01	-7.196494997066692212e-02	-6.458974615352434945e-02	4.958985156920640153e-02	5.382248058306986910e-02	-5.382248058306986910e-02	-4.958985156920640153e-02	6.458974615352434945e-02	7.196494997066692212e-02
1.894044044044043973e-01	-7.186033104915534597e-02	-6.447751778269031342e-02	4.970580961999731401e-02	5.393965803816235666e-02	-5.393965803816235666e-02	-4.970580961999731401e-02	6.447751778269031342e-02	7.186033104915534597e-02
1.896096096096095973e-01	-7.175563237870440092e-02	-6.436522641954024737e-02	4.982172906892363279e-02	5.405679069151882177e-02	-5.405679069151882177e-02	-4.982172906892363279e-02	6.436522641954024737e-02	7.175563237870440092e-02
1.898148148148148251e-01	-7.165085426445021166e-02	-6.425287230135261207e-02	4.993760977565348674e-02	5.417387837715136739e-02	-5.417387837715136739e-02	-4.993760977565348674e-02	6.425287230135261207e-02	7.165085426445021166e-02
1.900200200200200251e-01	-7.154599701004209222e-02	-6.414045566427625800e-02	5.005345159942373168e-02	5.429092092848635670e-02	-5.429092092848635670e-02	-5.005345159942373168e-02	6.414045566427625800e-02	7.154599701004209222e-02
1.902252252252252251e-01	-7.144106091770983935e-02	-6.402797674349594570e-02	5.016925439903786865e-02	5.440791817836054811e-02	-5.440791817836054811e-02	-5.016925439903786865e-02	6.402797674349594570e-02	7.144106091770983935e-02
1.904304304304304252e-01	-7.133604628820158777e-02	-6.391543577316527447e-02	5.028501803286321986e-02	5.452486995901806299e-02	-5.452486995901806299e-02	-5.028501803286321986e-02	6.391543577316527447e-02	7.133604628820158777e-02
1.906356356356356252e-01	-7.123095342082169656e-02	-6.380283298640267164e-02	5.040074235882881226e-02	5.464177610210610436e-02	-5.464177610210610436e-02	-5.040074235882881226e-02	6.380283298640267164e-02	7.123095342082169656e-02
1.908408408408408252e-01	-7.112578261340578301e-02	-6.369016861535170548e-02	5.051642723442282407e-02	5.475863643867193847e-02	-5.475863643867193847e-02	-5.051642723442282407e-02	6.369016861535170548e-02	7.112578261340578301e-02
1.910460460460460530e-01	-7.102053416240158845e-02	-6.357744289113669012e-02	5.063207251668995490e-02	5.487545079915898821e-02	-5.487545079915898821e-02	-5.063207251668995490e-02	6.357744289113669012e-02	7.102053416240158845e-02
1.912512512512512530e-01	-7.091520836280873485e-02	-6.346465604388309978e-02	5.074767806222903188e-02	5.499221901340185792e-02	-5.499221901340185792e-02	-5.074767806222903188e-02	6.346465604388309978e-02	7.091520836280873485e-02
1.914564564564564531e-01	-7.080980550822378594e-02	-6.335180830274537989e-02	5.086324372719045611e-02	5.510894091062992772e-02	-5.510894091062992772e-02	-5.086324372719045611e-02	6.335180830274537989e-02	7.080980550822378594e-02
1.916616616616616531e-01	-7.070432589084456321e-02	-6.323889989588674099e-02	5.097876936727396835e-02	5.522561631944869487e-02	-5.522561631944869487e-02	-5.097876936727396835e-02	6.323889989588674099e-02	7.070432589084456321e-02
1.918668668668668531e-01	-7.059876980147414272e-02	-6.312593105049678355e-02	5.109425483775686949e-02	5.534224506785128533e-02	-5.534224506785128533e-02	-5.109425483775686949e-02	6.312593105049678355e-02	7.059876980147414272e-02
1.920720720720720809e-01	-7.049313752954239343e-02	-6.301290199280640270e-02	5.120969999333530032e-02	5.545882698320693527e-02	-5.545882698320693527e-02	-5.120969999333530032e-02	6.301290199280640270e-02	7.049313752954239343e-02
1.922772772772772809e-01	-7.038742936310399267e-02	-6.289981294807216183e-02	5.132510468843479862e-02	5.557536189225882606e-02	-5.557536189225882606e-02	-5.132510468843479862e-02	6.289981294807216183e-02	7.038742936310399267e-02
1.924824824824824809e-01	-7.028164558885387214e-02	-6.278666414062350487e-02	5.144046877689430197e-02	5.569184962112012915e-02	-5.569184962112012915e-02	-5.144046877689430197e-02	6.278666414062350487e-02	7.028164558885387214e-02
1.926876876876876810e-01	-7.017578649214505082e-02	-6.267345579376297493e-02	5.155579211212038548e-02	5.580828999527647633e-02	-5.580828999527647633e-02	-5.155579211212038548e-02	6.267345579376297493e-02	7.017578649214505082e-02
1.928928928928928810e-01	-7.006985235695094294e-02	-6.256018812996524958e-02	5.167107454705308772e-02	5.592468283955175784e-02	-5.592468283955175784e-02	-5.167107454705308772e-02	6.256018812996524958e-02	7.006985235695094294e-02
1.930980980980981088e-01	-6.996384346596913606e-02	-6.244686137069243442e-02	5.178631593416356538e-02	5.604102797816425119e-02	-5.604102797816425119e-02	-5.178631593416356538e-02	6.244686137069243442e-02	6.996384346596913606e-02
1.933033033033033088e-01	-6.985776010053641738e-02	-6.233347573649589135e-02	5.190151612545103321e-02	5.615732523466303999e-02	-5.615732523466303999e-02	-5.190151612545103321e-02	6.233347573649589135e-02	6.985776010053641738e-02
1.935085085085085088e-01	-6.975160254068489551e-02	-6.222003144700302690e-02	5.201667497244040483e-02	5.627357443195363240e-02	-5.627357443195363240e-02	-5.201667497244040483e-02	6.222003144700302690e-02	6.975160254068489551e-02
1.937137137137137088e-01	-6.964537106512923292e-02	-6.210652872092334992e-02	5.213179232617962816e-02	5.638977539228835767e-02	-5.638977539228835767e-02	-5.213179232617962816e-02	6.210652872092334992e-02	6.964537106512923292e-02
1.939189189189189089e-01	-6.953906595133958757e-02	-6.199296777605446673e-02	5.224686803723658374e-02	5.650592793726191831e-02	-5.650592793726191831e-02	-5.224686803723658374e-02	6.199296777605446673e-02	6.953906595133958757e-02
1.941241241241241089e-01	-6.943268747542248598e-02	-6.187934882928826374e-02	5.236190195569684347e-02	5.662203188780791374e-02	-5.662203188780791374e-02	-5.236190195569684347e-02	6.187934882928826374e-02	6.943268747542248598e-02
1.943293293293293367e-01	-6.932623591225785253e-02	-6.176567209661636831e-02	5.247689393116054118e-02	5.673808706419423281e-02	-5.673808706419423281e-02	-5.247689393116054118e-02	6.176567209661636831e-02	6.932623591225785253e-02
1.945345345345345367e-01	-6.921971153547334943e-02	-6.165193779312769934e-02	5.259184381273979136e-02	5.685409328601921664e-02	-5.685409328601921664e-02	-5.259184381273979136e-02	6.165193779312769934e-02	6.921971153547334943e-02
1.947397397397397367e-01	-6.911311461731893535e-02	-6.153814613305755299e-02	5.270675144905362375e-02	5.697005037220762708e-02	-5.697005037220762708e-02	-5.270675144905362375e-02	6.153814613305755299e-02	6.911311461731893535e-02
1.949449449449449367e-01	-6.900644542896899880e-02	-6.142429732970640377e-02	5.282161668823651818e-02	5.708595814100623361e-02	-5.708595814100623361e-02	-5.282161668823651818e-02	6.142429732970640377e-02	6.900644542896899880e-02
1.951501501501501368e-01	-6.889970424023778017e-02	-6.131039159551301965e-02	5.293643937791295273e-02	5.720181640999103673e-02	-5.720181640999103673e-02	-5.293643937791295273e-02	6.131039159551301965e-02	6.889970424023778017e-02
1.953553553553553646e-01	-6.879289131975721561e-02	-6.119642914211476104e-02	5.305121936521695059e-02	5.731762499600689259e-02	-5.731762499600689259e-02	-5.305121936521695059e-02	6.119642914211476104e-02	6.879289131975721561e-02
1.955605605605605646e-01	-6.868600693484210040e-02	-6.108241018016560830e-02	5.316595649677829244e-02	5.743338371527533653e-02	-5.743338371527533653e-02	-5.316595649677829244e-02	6.108241018016560830e-02	6.868600693484210040e-02
1.957657657657657646e-01	-6.857905135172662203e-02	-6.096833491951539341e-02	5.328065061872175323e-02	5.754909238327840515e-02	-5.754909238327840515e-02	-5.328065061872175323e-02	6.096833491951539341e-02	6.857905135172662203e-02
1.959709709709709646e-01	-6.847202483534432782e-02	-6.085420356923047086e-02	5.339530157666401433e-02	5.766475081481003961e-02	-5.766475081481003961e-02	-5.339530157666401433e-02	6.085420356923047086e-02	6.847202483534432782e-02
1.961761761761761647e-01	-6.836492764948656764e-02	-6.074001633739211509e-02	5.350990921571111003e-02	5.778035882397572487e-02	-5.778035882397572487e-02	-5.350990921571111003e-02	6.074001633739211509e-02	6.836492764948656764e-02
1.963813813813813924e-01	-6.825776005660873225e-02	-6.062577343131292373e-02	5.362447338045520789e-02	5.789591622411378868e-02	-5.789591622411378868e-02	-5.362447338045520789e-02	6.062577343131292373e-02	6.825776005660873225e-02
1.965865865865865925e-01	-6.815052231819622441e-02	-6.051147505750851391e-02	5.373899391497159034e-02	5.801142282793895349e-02	-5.801142282793895349e-02	-5.373899391497159034e-02	6.051147505750851391e-02	6.815052231819622441e-02
1.967917917917917925e-01	-6.804321469441465542e-02	-6.039712142156589136e-02	5.385347066281601786e-02	5.812687844739036769e-02	-5.812687844739036769e-02	-5.385347066281601786e-02	6.039712142156589136e-02	6.804321469441465542e-02
1.969969969969969925e-01	-6.793583744429680660e-02	-6.028271272830423855e-02	5.396790346704816166e-02	5.824228289370048106e-02	-5.824228289370048106e-02	-5.396790346704816166e-02	6.028271272830423855e-02	6.793583744429680660e-02
1.972022022022021925e-01	-6.782839082571467948e-02	-6.016824918172136716e-02	5.408229217009574707e-02	5.835763597737633757e-02	-5.835763597737633757e-02	-5.408229217009574707e-02	6.016824918172136716e-02	6.782839082571467948e-02
1.974074074074073926e-01	-6.772087509538735062e-02	-6.005373098497324147e-02	5.419663661401683680e-02	5.847293750819451685e-02	-5.847293750819451685e-02	-5.419663661401683680e-02	6.005373098497324147e-02	6.772087509538735062e-02
1.976126126126126203e-01	-6.761329050889099135e-02	-5.993915834042058688e-02	5.431093664023171202e-02	5.858818729519692931e-02	-5.858818729519692931e-02	-5.431093664023171202e-02	5.993915834042058688e-02	6.761329050889099135e-02
1.978178178178178204e-01	-6.750563732065564815e-02	-5.982453144961358271e-02	5.442519208965226896e-02	5.870338514668600738e-02	-5.870338514668600738e-02	-5.442519208965226896e-02	5.982453144961358271e-02	6.750563732065564815e-02
1.980230230230230204e-01	-6.739791578399445537e-02	-5.970985051330077176e-02	5.453940280265239665e-02	5.881853087022014676e-02	-5.881853087022014676e-02	-5.453940280265239665e-02	5.970985051330077176e-02	6.739791578399445537e-02
1.982282282282282204e-01	-6.729012615108996564e-02	-5.959511573143459057e-02	5.465356861906507657e-02	5.893362427260892544e-02	-5.893362427260892544e-02	-5.465356861906507657e-02	5.959511573143459057e-02	6.729012615108996564e-02
1.984334334334334204e-01	-6.718226867299958993e-02	-5.948032730317598382e-02	5.476768937817877436e-02	5.904866515990854492e-02	-5.904866515990854492e-02	-5.476768937817877436e-02	5.948032730317598382e-02	6.718226867299958993e-02
1.986386386386386482e-01	-6.707434359972312687e-02	-5.936548542689960156e-02	5.488176491873492102e-02	5.916365333741684801e-02	-5.916365333741684801e-02	-5.488176491873492102e-02	5.936548542689960156e-02	6.707434359972312687e-02
1.988438438438438483e-01	-6.696635118008634202e-02	-5.925059030019887152e-02	5.499579507892410346e-02	5.927858860966881555e-02	-5.927858860966881555e-02	-5.499579507892410346e-02	5.925059030019887152e-02	6.696635118008634202e-02
1.990490490490490483e-01	-6.685829166188080042e-02	-5.913564211989056491e-02	5.510977969638332363e-02	5.939347078043151484e-02	-5.939347078043151484e-02	-5.510977969638332363e-02	5.913564211989056491e-02	6.685829166188080042e-02
1.992542542542542483e-01	-6.675016529176473756e-02	-5.902064108200186232e-02	5.522371860819250133e-02	5.950829965269918698e-02	-5.950829965269918698e-02	-5.522371860819250133e-02	5.902064108200186232e-02	6.675016529176473756e-02
1.994594594594594483e-01	-6.664197231537230537e-02	-5.890558738186664478e-02	5.533761165087141415e-02	5.962307502868868792e-02	-5.962307502868868792e-02	-5.533761165087141415e-02	5.890558738186664478e-02	6.664197231537230537e-02
1.996646646646646484e-01	-6.653371297723068012e-02	-5.879048121394654658e-02	5.545145866037633209e-02	5.973779670983418028e-02	-5.973779670983418028e-02	-5.545145866037633209e-02	5.879048121394654658e-02	6.653371297723068012e-02
1.998698698698698761e-01	-6.642538752081238174e-02	-5.867532277201993607e-02	5.556525947209670774e-02	5.985246449678231079e-02	-5.985246449678231079e-02	-5.556525947209670774e-02	5.867532277201993607e-02	6.642538752081238174e-02
2.000750750750750762e-01	-6.631699618853328926e-02	-5.856011224909423579e-02	5.567901392085189416e-02	5.996707818938726287e-02	-5.996707818938726287e-02	-5.567901392085189416e-02	5.856011224909423579e-02	6.631699618853328926e-02
2.002802802802802762e-01	-6.620853922175935768e-02	-5.844484983742941758e-02	5.579272184088795300e-02	6.008163758670555243e-02	-6.008163758670555243e-02	-5.579272184088795300e-02	5.844484983742941758e-02	6.620853922175935768e-02
2.004854854854854762e-01	-6.610001686081384831e-02	-5.832953572854241570e-02	5.590638306587393525e-02	6.019614248699103887e-02	-6.019614248699103887e-02	-5.590638306587393525e-02	5.832953572854241570e-02	6.610001686081384831e-02
2.006906906906906762e-01	-6.599142934498407331e-02	-5.821417011321194934e-02	5.601999742889899464e-02	6.031059268768980408e-02	-6.031059268768980408e-02	-5.601999742889899464e-02	5.821417011321194934e-02	6.599142934498407331e-02
2.008958958958959040e-01	-6.588277691252829305e-02	-5.809875318147951495e-02	5.613356476246841864e-02	6.042498798543493449e-02	-6.042498798543493449e-02	-5.613356476246841864e-02	5.809875318147951495e-02	6.588277691252829305e-02
2.011011011011011040e-01	-6.577405980067103919e-02	-5.798328512267125756e-02	5.624708489850082510e-02	6.053932817604119887e-02	-6.053932817604119887e-02	-5.624708489850082510e-02	5.798328512267125756e-02	6.577405980067103919e-02
2.013063063063063041e-01	-6.566527824566580074e-02	-5.786776612536823766e-02	5.636055766832406833e-02	6.065361305450009399e-02	-6.065361305450009399e-02	-5.636055766832406833e-02	5.786776612536823766e-02	6.566527824566580074e-02
2.015115115115115041e-01	-6.555643248269035772e-02	-5.775219637744501144e-02	5.647398290267237331e-02	6.076784241497428657e-02	-6.076784241497428657e-02	-5.647398290267237331e-02	5.775219637744501144e-02	6.555643248269035772e-02
2.017167167167167041e-01	-6.544752274594360653e-02	-5.763657606605723793e-02	5.658736043168205443e-02	6.088201605079240908e-02	-6.088201605079240908e-02	-5.658736043168205443e-02	5.763657606605723793e-02	6.544752274594360653e-02
2.019219219219219319e-01	-6.533854926870079349e-02	-5.752090537763546174e-02	5.670069008488982931e-02	6.099613375444360580e-02	-6.099613375444360580e-02	-5.670069008488982931e-02	5.752090537763546174e-02	6.533854926870079349e-02
2.021271271271271319e-01	-6.522951228312284799e-02	-5.740518449795868616e-02	5.681397169122850976e-02	6.111019531757211354e-02	-6.111019531757211354e-02	-5.681397169122850976e-02	5.740518449795868616e-02	6.522951228312284799e-02
2.023323323323323319e-01	-6.512041202045286414e-02	-5.728941361202084803e-02	5.692720507901393584e-02	6.122420053097196724e-02	-6.122420053097196724e-02	-5.692720507901393584e-02	5.728941361202084803e-02	6.512041202045286414e-02
2.025375375375375320e-01	-6.501124871100866232e-02	-5.717359290417282219e-02	5.704039007596525823e-02	6.133814918458124765e-02	-6.133814918458124765e-02	-5.704039007596525823e-02	5.717359290417282219e-02	6.501124871100866232e-02
2.027427427427427320e-01	-6.490202258402980040e-02	-5.705772255805801468e-02	5.715352650917624594e-02	6.145204106747666206e-02	-6.145204106747666206e-02	-5.715352650917624594e-02	5.705772255805801468e-02	6.490202258402980040e-02
2.029479479479479320e-01	-6.479273386786198186e-02	-5.694180275662357599e-02	5.726661420512416806e-02	6.156587596786812500e-02	-6.156587596786812500e-02	-5.726661420512416806e-02	5.694180275662357599e-02	6.479273386786198186e-02
2.031531531531531598e-01	-6.468338278988271239e-02	-5.682583368215852332e-02	5.737965298966377081e-02	6.167965367309274222e-02	-6.167965367309274222e-02	-5.737965298966377081e-02	5.682583368215852332e-02	6.468338278988271239e-02
2.033583583583583598e-01	-6.457396957650658742e-02	-5.670981551623009015e-02	5.749264268802342648e-02	6.179337396960937756e-02	-6.179337396960937756e-02	-5.749264268802342648e-02	5.670981551623009015e-02	6.457396957650658742e-02
2.035635635635635599e-01	-6.446449445321036920e-02	-5.659374843975602254e-02	5.760558312480149740e-02	6.190703664299293529e-02	-6.190703664299293529e-02	-5.760558312480149740e-02	5.659374843975602254e-02	6.446449445321036920e-02
2.037687687687687599e-01	-6.435495764452962841e-02	-5.647763263297415209e-02	5.771847412396256122e-02	6.202064147792855225e-02	-6.202064147792855225e-02	-5.771847412396256122e-02	5.647763263297415209e-02	6.435495764452962841e-02
2.039739739739739599e-01	-6.424535937406659902e-02	-5.636146827545427535e-02	5.783131550883377492e-02	6.213418825820574837e-02	-6.213418825820574837e-02	-5.783131550883377492e-02	5.636146827545427535e-02	6.424535937406659902e-02
2.041791791791791877e-01	-6.413569986449628446e-02	-5.624525554610124156e-02	5.794410710210066290e-02	6.224767676671259103e-02	-6.224767676671259103e-02	-5.794410710210066290e-02	5.624525554610124156e-02	6.413569986449628446e-02
2.043843843843843877e-01	-6.402597933757218918e-02	-5.612899462318612920e-02	5.805684872580377243e-02	6.236110678542977626e-02	-6.236110678542977626e-02	-5.805684872580377243e-02	5.612899462318612920e-02	6.402597933757218918e-02
2.045895895895895877e-01	-6.391619801413507551e-02	-5.601268568421802208e-02	5.816954020133444786e-02	6.247447809542469588e-02	-6.247447809542469588e-02	-5.816954020133444786e-02	5.601268568421802208e-02	6.391619801413507551e-02
2.047947947947947878e-01	-6.380635611410594155e-02	-5.589632890621182293e-02	5.828218134943122936e-02	6.258779047684538688e-02	-6.258779047684538688e-02	-5.828218134943122936e-02	5.589632890621182293e-02	6.380635611410594155e-02
2.049999999999999878e-01	-6.369645385651694081e-02	-5.577992446542865551e-02	5.839477199017564790e-02	6.270104370890007550e-02	-6.270104370890007550e-02	-5.839477199017564790e-02	5.577992446542865551e-02	6.369645385651694081e-02
